item_id,stratum,domain,predicted,truth,text_source,inclusion_probability,weight
ITEM0001,calibration,cognition,0,0,full,0.01091639,91.6054
ITEM0001,calibration,neuropathy,0,0,full,0.01091639,91.6054
ITEM0001,calibration,fatigue,0,0,full,0.01091639,91.6054
ITEM0001,calibration,pain,0,0,full,0.01091639,91.6054
ITEM0001,calibration,physical_function,0,0,full,0.01091639,91.6054
ITEM0001,calibration,swallowing,0,0,full,0.01091639,91.6054
ITEM0001,calibration,speech_voice,0,0,full,0.01091639,91.6054
ITEM0001,calibration,hearing,0,0,full,0.01091639,91.6054
ITEM0001,calibration,respiratory,0,0,full,0.01091639,91.6054
ITEM0001,calibration,bowel,0,0,full,0.01091639,91.6054
ITEM0001,calibration,urinary,0,0,full,0.01091639,91.6054
ITEM0001,calibration,sexual_reproductive,0,0,full,0.01091639,91.6054
ITEM0001,calibration,limb_lymphedema,0,0,full,0.01091639,91.6054
ITEM0001,calibration,visual,0,0,full,0.01091639,91.6054
ITEM0002,calibration,cognition,0,0,full,0.02599935,38.4625
ITEM0002,calibration,neuropathy,1,1,full,0.02599935,38.4625
ITEM0002,calibration,fatigue,0,0,full,0.02599935,38.4625
ITEM0002,calibration,pain,0,0,full,0.02599935,38.4625
ITEM0002,calibration,physical_function,0,0,full,0.02599935,38.4625
ITEM0002,calibration,swallowing,0,0,full,0.02599935,38.4625
ITEM0002,calibration,speech_voice,0,0,full,0.02599935,38.4625
ITEM0002,calibration,hearing,0,0,full,0.02599935,38.4625
ITEM0002,calibration,respiratory,0,0,full,0.02599935,38.4625
ITEM0002,calibration,bowel,0,0,full,0.02599935,38.4625
ITEM0002,calibration,urinary,0,0,full,0.02599935,38.4625
ITEM0002,calibration,sexual_reproductive,0,0,full,0.02599935,38.4625
ITEM0002,calibration,limb_lymphedema,0,0,full,0.02599935,38.4625
ITEM0002,calibration,visual,0,0,full,0.02599935,38.4625
ITEM0003,calibration,cognition,0,0,full,0.06977172,14.3325
ITEM0003,calibration,neuropathy,0,0,full,0.06977172,14.3325
ITEM0003,calibration,fatigue,0,0,full,0.06977172,14.3325
ITEM0003,calibration,pain,0,0,full,0.06977172,14.3325
ITEM0003,calibration,physical_function,0,0,full,0.06977172,14.3325
ITEM0003,calibration,swallowing,0,0,full,0.06977172,14.3325
ITEM0003,calibration,speech_voice,0,0,full,0.06977172,14.3325
ITEM0003,calibration,hearing,0,0,full,0.06977172,14.3325
ITEM0003,calibration,respiratory,0,0,full,0.06977172,14.3325
ITEM0003,calibration,bowel,0,0,full,0.06977172,14.3325
ITEM0003,calibration,urinary,0,0,full,0.06977172,14.3325
ITEM0003,calibration,sexual_reproductive,0,0,full,0.06977172,14.3325
ITEM0003,calibration,limb_lymphedema,1,1,full,0.06977172,14.3325
ITEM0003,calibration,visual,0,0,full,0.06977172,14.3325
ITEM0004,calibration,cognition,0,0,full,0.11560524,8.6501
ITEM0004,calibration,neuropathy,0,0,full,0.11560524,8.6501
ITEM0004,calibration,fatigue,0,0,full,0.11560524,8.6501
ITEM0004,calibration,pain,0,0,full,0.11560524,8.6501
ITEM0004,calibration,physical_function,0,0,full,0.11560524,8.6501
ITEM0004,calibration,swallowing,0,0,full,0.11560524,8.6501
ITEM0004,calibration,speech_voice,0,0,full,0.11560524,8.6501
ITEM0004,calibration,hearing,0,0,full,0.11560524,8.6501
ITEM0004,calibration,respiratory,0,0,full,0.11560524,8.6501
ITEM0004,calibration,bowel,0,0,full,0.11560524,8.6501
ITEM0004,calibration,urinary,0,0,full,0.11560524,8.6501
ITEM0004,calibration,sexual_reproductive,0,0,full,0.11560524,8.6501
ITEM0004,calibration,limb_lymphedema,0,0,full,0.11560524,8.6501
ITEM0004,calibration,visual,1,1,full,0.11560524,8.6501
ITEM0005,calibration,cognition,0,0,full,0.04512277,22.1618
ITEM0005,calibration,neuropathy,0,0,full,0.04512277,22.1618
ITEM0005,calibration,fatigue,0,0,full,0.04512277,22.1618
ITEM0005,calibration,pain,0,0,full,0.04512277,22.1618
ITEM0005,calibration,physical_function,0,0,full,0.04512277,22.1618
ITEM0005,calibration,swallowing,0,0,full,0.04512277,22.1618
ITEM0005,calibration,speech_voice,0,0,full,0.04512277,22.1618
ITEM0005,calibration,hearing,0,0,full,0.04512277,22.1618
ITEM0005,calibration,respiratory,0,0,full,0.04512277,22.1618
ITEM0005,calibration,bowel,0,0,full,0.04512277,22.1618
ITEM0005,calibration,urinary,1,1,full,0.04512277,22.1618
ITEM0005,calibration,sexual_reproductive,1,1,full,0.04512277,22.1618
ITEM0005,calibration,limb_lymphedema,0,0,full,0.04512277,22.1618
ITEM0005,calibration,visual,0,0,full,0.04512277,22.1618
ITEM0006,calibration,cognition,0,0,full,0.01669289,59.9057
ITEM0006,calibration,neuropathy,0,0,full,0.01669289,59.9057
ITEM0006,calibration,fatigue,1,1,full,0.01669289,59.9057
ITEM0006,calibration,pain,1,1,full,0.01669289,59.9057
ITEM0006,calibration,physical_function,0,0,full,0.01669289,59.9057
ITEM0006,calibration,swallowing,0,0,full,0.01669289,59.9057
ITEM0006,calibration,speech_voice,0,0,full,0.01669289,59.9057
ITEM0006,calibration,hearing,0,0,full,0.01669289,59.9057
ITEM0006,calibration,respiratory,0,0,full,0.01669289,59.9057
ITEM0006,calibration,bowel,0,0,full,0.01669289,59.9057
ITEM0006,calibration,urinary,0,0,full,0.01669289,59.9057
ITEM0006,calibration,sexual_reproductive,0,0,full,0.01669289,59.9057
ITEM0006,calibration,limb_lymphedema,0,0,full,0.01669289,59.9057
ITEM0006,calibration,visual,0,0,full,0.01669289,59.9057
ITEM0007,calibration,cognition,0,0,full,0.01091639,91.6054
ITEM0007,calibration,neuropathy,0,0,full,0.01091639,91.6054
ITEM0007,calibration,fatigue,0,0,full,0.01091639,91.6054
ITEM0007,calibration,pain,0,0,full,0.01091639,91.6054
ITEM0007,calibration,physical_function,0,0,full,0.01091639,91.6054
ITEM0007,calibration,swallowing,0,0,full,0.01091639,91.6054
ITEM0007,calibration,speech_voice,0,0,full,0.01091639,91.6054
ITEM0007,calibration,hearing,0,0,full,0.01091639,91.6054
ITEM0007,calibration,respiratory,0,0,full,0.01091639,91.6054
ITEM0007,calibration,bowel,0,0,full,0.01091639,91.6054
ITEM0007,calibration,urinary,0,0,full,0.01091639,91.6054
ITEM0007,calibration,sexual_reproductive,0,0,full,0.01091639,91.6054
ITEM0007,calibration,limb_lymphedema,0,0,full,0.01091639,91.6054
ITEM0007,calibration,visual,0,0,full,0.01091639,91.6054
ITEM0008,calibration,cognition,0,0,truncated,0.01091639,91.6054
ITEM0008,calibration,neuropathy,0,0,truncated,0.01091639,91.6054
ITEM0008,calibration,fatigue,0,0,truncated,0.01091639,91.6054
ITEM0008,calibration,pain,0,0,truncated,0.01091639,91.6054
ITEM0008,calibration,physical_function,0,0,truncated,0.01091639,91.6054
ITEM0008,calibration,swallowing,0,0,truncated,0.01091639,91.6054
ITEM0008,calibration,speech_voice,0,0,truncated,0.01091639,91.6054
ITEM0008,calibration,hearing,0,0,truncated,0.01091639,91.6054
ITEM0008,calibration,respiratory,0,0,truncated,0.01091639,91.6054
ITEM0008,calibration,bowel,0,0,truncated,0.01091639,91.6054
ITEM0008,calibration,urinary,0,0,truncated,0.01091639,91.6054
ITEM0008,calibration,sexual_reproductive,0,0,truncated,0.01091639,91.6054
ITEM0008,calibration,limb_lymphedema,0,0,truncated,0.01091639,91.6054
ITEM0008,calibration,visual,0,0,truncated,0.01091639,91.6054
ITEM0009,calibration,cognition,1,1,full,0.05778939,17.3042
ITEM0009,calibration,neuropathy,1,0,full,0.05778939,17.3042
ITEM0009,calibration,fatigue,1,0,full,0.05778939,17.3042
ITEM0009,calibration,pain,0,0,full,0.05778939,17.3042
ITEM0009,calibration,physical_function,1,1,full,0.05778939,17.3042
ITEM0009,calibration,swallowing,0,0,full,0.05778939,17.3042
ITEM0009,calibration,speech_voice,0,0,full,0.05778939,17.3042
ITEM0009,calibration,hearing,0,0,full,0.05778939,17.3042
ITEM0009,calibration,respiratory,0,0,full,0.05778939,17.3042
ITEM0009,calibration,bowel,0,0,full,0.05778939,17.3042
ITEM0009,calibration,urinary,0,0,full,0.05778939,17.3042
ITEM0009,calibration,sexual_reproductive,0,0,full,0.05778939,17.3042
ITEM0009,calibration,limb_lymphedema,0,0,full,0.05778939,17.3042
ITEM0009,calibration,visual,0,0,full,0.05778939,17.3042
ITEM0010,calibration,cognition,0,0,full,0.03078367,32.4848
ITEM0010,calibration,neuropathy,1,1,full,0.03078367,32.4848
ITEM0010,calibration,fatigue,0,0,full,0.03078367,32.4848
ITEM0010,calibration,pain,1,1,full,0.03078367,32.4848
ITEM0010,calibration,physical_function,0,0,full,0.03078367,32.4848
ITEM0010,calibration,swallowing,0,0,full,0.03078367,32.4848
ITEM0010,calibration,speech_voice,0,0,full,0.03078367,32.4848
ITEM0010,calibration,hearing,0,0,full,0.03078367,32.4848
ITEM0010,calibration,respiratory,0,0,full,0.03078367,32.4848
ITEM0010,calibration,bowel,0,0,full,0.03078367,32.4848
ITEM0010,calibration,urinary,0,0,full,0.03078367,32.4848
ITEM0010,calibration,sexual_reproductive,0,0,full,0.03078367,32.4848
ITEM0010,calibration,limb_lymphedema,0,0,full,0.03078367,32.4848
ITEM0010,calibration,visual,0,0,full,0.03078367,32.4848
ITEM0011,calibration,cognition,0,0,full,0.02362207,42.3333
ITEM0011,calibration,neuropathy,0,0,full,0.02362207,42.3333
ITEM0011,calibration,fatigue,1,0,full,0.02362207,42.3333
ITEM0011,calibration,pain,0,0,full,0.02362207,42.3333
ITEM0011,calibration,physical_function,0,0,full,0.02362207,42.3333
ITEM0011,calibration,swallowing,0,0,full,0.02362207,42.3333
ITEM0011,calibration,speech_voice,0,0,full,0.02362207,42.3333
ITEM0011,calibration,hearing,0,0,full,0.02362207,42.3333
ITEM0011,calibration,respiratory,0,0,full,0.02362207,42.3333
ITEM0011,calibration,bowel,1,0,full,0.02362207,42.3333
ITEM0011,calibration,urinary,0,0,full,0.02362207,42.3333
ITEM0011,calibration,sexual_reproductive,0,0,full,0.02362207,42.3333
ITEM0011,calibration,limb_lymphedema,0,0,full,0.02362207,42.3333
ITEM0011,calibration,visual,0,0,full,0.02362207,42.3333
ITEM0012,calibration,cognition,0,0,full,0.01091639,91.6054
ITEM0012,calibration,neuropathy,0,0,full,0.01091639,91.6054
ITEM0012,calibration,fatigue,0,0,full,0.01091639,91.6054
ITEM0012,calibration,pain,0,0,full,0.01091639,91.6054
ITEM0012,calibration,physical_function,0,0,full,0.01091639,91.6054
ITEM0012,calibration,swallowing,0,0,full,0.01091639,91.6054
ITEM0012,calibration,speech_voice,0,0,full,0.01091639,91.6054
ITEM0012,calibration,hearing,0,0,full,0.01091639,91.6054
ITEM0012,calibration,respiratory,0,0,full,0.01091639,91.6054
ITEM0012,calibration,bowel,0,0,full,0.01091639,91.6054
ITEM0012,calibration,urinary,0,0,full,0.01091639,91.6054
ITEM0012,calibration,sexual_reproductive,0,0,full,0.01091639,91.6054
ITEM0012,calibration,limb_lymphedema,0,0,full,0.01091639,91.6054
ITEM0012,calibration,visual,0,0,full,0.01091639,91.6054
ITEM0013,calibration,cognition,1,1,truncated,0.11978389,8.3484
ITEM0013,calibration,neuropathy,0,0,truncated,0.11978389,8.3484
ITEM0013,calibration,fatigue,0,0,truncated,0.11978389,8.3484
ITEM0013,calibration,pain,0,0,truncated,0.11978389,8.3484
ITEM0013,calibration,physical_function,0,0,truncated,0.11978389,8.3484
ITEM0013,calibration,swallowing,0,0,truncated,0.11978389,8.3484
ITEM0013,calibration,speech_voice,1,0,truncated,0.11978389,8.3484
ITEM0013,calibration,hearing,0,0,truncated,0.11978389,8.3484
ITEM0013,calibration,respiratory,0,0,truncated,0.11978389,8.3484
ITEM0013,calibration,bowel,0,0,truncated,0.11978389,8.3484
ITEM0013,calibration,urinary,0,0,truncated,0.11978389,8.3484
ITEM0013,calibration,sexual_reproductive,0,0,truncated,0.11978389,8.3484
ITEM0013,calibration,limb_lymphedema,0,0,truncated,0.11978389,8.3484
ITEM0013,calibration,visual,0,0,truncated,0.11978389,8.3484
ITEM0014,calibration,cognition,0,0,full,0.01406566,71.0951
ITEM0014,calibration,neuropathy,0,0,full,0.01406566,71.0951
ITEM0014,calibration,fatigue,0,0,full,0.01406566,71.0951
ITEM0014,calibration,pain,0,0,full,0.01406566,71.0951
ITEM0014,calibration,physical_function,0,0,full,0.01406566,71.0951
ITEM0014,calibration,swallowing,0,0,full,0.01406566,71.0951
ITEM0014,calibration,speech_voice,0,0,full,0.01406566,71.0951
ITEM0014,calibration,hearing,0,0,full,0.01406566,71.0951
ITEM0014,calibration,respiratory,0,0,full,0.01406566,71.0951
ITEM0014,calibration,bowel,1,1,full,0.01406566,71.0951
ITEM0014,calibration,urinary,0,0,full,0.01406566,71.0951
ITEM0014,calibration,sexual_reproductive,0,0,full,0.01406566,71.0951
ITEM0014,calibration,limb_lymphedema,0,0,full,0.01406566,71.0951
ITEM0014,calibration,visual,0,0,full,0.01406566,71.0951
ITEM0015,calibration,cognition,1,0,full,0.07274311,13.7470
ITEM0015,calibration,neuropathy,0,0,full,0.07274311,13.7470
ITEM0015,calibration,fatigue,1,0,full,0.07274311,13.7470
ITEM0015,calibration,pain,1,0,full,0.07274311,13.7470
ITEM0015,calibration,physical_function,1,0,full,0.07274311,13.7470
ITEM0015,calibration,swallowing,0,0,full,0.07274311,13.7470
ITEM0015,calibration,speech_voice,0,0,full,0.07274311,13.7470
ITEM0015,calibration,hearing,0,0,full,0.07274311,13.7470
ITEM0015,calibration,respiratory,1,0,full,0.07274311,13.7470
ITEM0015,calibration,bowel,1,0,full,0.07274311,13.7470
ITEM0015,calibration,urinary,0,0,full,0.07274311,13.7470
ITEM0015,calibration,sexual_reproductive,0,0,full,0.07274311,13.7470
ITEM0015,calibration,limb_lymphedema,0,0,full,0.07274311,13.7470
ITEM0015,calibration,visual,0,0,full,0.07274311,13.7470
ITEM0016,calibration,cognition,0,0,full,0.20396143,4.9029
ITEM0016,calibration,neuropathy,0,0,full,0.20396143,4.9029
ITEM0016,calibration,fatigue,0,0,full,0.20396143,4.9029
ITEM0016,calibration,pain,0,0,full,0.20396143,4.9029
ITEM0016,calibration,physical_function,0,0,full,0.20396143,4.9029
ITEM0016,calibration,swallowing,0,0,full,0.20396143,4.9029
ITEM0016,calibration,speech_voice,0,0,full,0.20396143,4.9029
ITEM0016,calibration,hearing,1,1,full,0.20396143,4.9029
ITEM0016,calibration,respiratory,0,0,full,0.20396143,4.9029
ITEM0016,calibration,bowel,0,0,full,0.20396143,4.9029
ITEM0016,calibration,urinary,0,0,full,0.20396143,4.9029
ITEM0016,calibration,sexual_reproductive,0,0,full,0.20396143,4.9029
ITEM0016,calibration,limb_lymphedema,0,0,full,0.20396143,4.9029
ITEM0016,calibration,visual,0,0,full,0.20396143,4.9029
ITEM0017,calibration,cognition,0,0,full,0.11994941,8.3368
ITEM0017,calibration,neuropathy,0,0,full,0.11994941,8.3368
ITEM0017,calibration,fatigue,0,0,full,0.11994941,8.3368
ITEM0017,calibration,pain,1,0,full,0.11994941,8.3368
ITEM0017,calibration,physical_function,0,0,full,0.11994941,8.3368
ITEM0017,calibration,swallowing,0,0,full,0.11994941,8.3368
ITEM0017,calibration,speech_voice,0,0,full,0.11994941,8.3368
ITEM0017,calibration,hearing,0,0,full,0.11994941,8.3368
ITEM0017,calibration,respiratory,0,0,full,0.11994941,8.3368
ITEM0017,calibration,bowel,0,0,full,0.11994941,8.3368
ITEM0017,calibration,urinary,0,0,full,0.11994941,8.3368
ITEM0017,calibration,sexual_reproductive,0,0,full,0.11994941,8.3368
ITEM0017,calibration,limb_lymphedema,0,0,full,0.11994941,8.3368
ITEM0017,calibration,visual,1,0,full,0.11994941,8.3368
ITEM0018,calibration,cognition,0,0,full,0.01091639,91.6054
ITEM0018,calibration,neuropathy,0,0,full,0.01091639,91.6054
ITEM0018,calibration,fatigue,0,0,full,0.01091639,91.6054
ITEM0018,calibration,pain,0,0,full,0.01091639,91.6054
ITEM0018,calibration,physical_function,0,0,full,0.01091639,91.6054
ITEM0018,calibration,swallowing,0,0,full,0.01091639,91.6054
ITEM0018,calibration,speech_voice,0,0,full,0.01091639,91.6054
ITEM0018,calibration,hearing,0,0,full,0.01091639,91.6054
ITEM0018,calibration,respiratory,0,0,full,0.01091639,91.6054
ITEM0018,calibration,bowel,0,0,full,0.01091639,91.6054
ITEM0018,calibration,urinary,0,0,full,0.01091639,91.6054
ITEM0018,calibration,sexual_reproductive,0,0,full,0.01091639,91.6054
ITEM0018,calibration,limb_lymphedema,0,0,full,0.01091639,91.6054
ITEM0018,calibration,visual,0,0,full,0.01091639,91.6054
ITEM0019,calibration,cognition,0,0,full,0.01406566,71.0951
ITEM0019,calibration,neuropathy,0,0,full,0.01406566,71.0951
ITEM0019,calibration,fatigue,0,0,full,0.01406566,71.0951
ITEM0019,calibration,pain,0,0,full,0.01406566,71.0951
ITEM0019,calibration,physical_function,0,0,full,0.01406566,71.0951
ITEM0019,calibration,swallowing,0,0,full,0.01406566,71.0951
ITEM0019,calibration,speech_voice,0,0,full,0.01406566,71.0951
ITEM0019,calibration,hearing,0,0,full,0.01406566,71.0951
ITEM0019,calibration,respiratory,0,0,full,0.01406566,71.0951
ITEM0019,calibration,bowel,1,1,full,0.01406566,71.0951
ITEM0019,calibration,urinary,0,0,full,0.01406566,71.0951
ITEM0019,calibration,sexual_reproductive,0,0,full,0.01406566,71.0951
ITEM0019,calibration,limb_lymphedema,0,0,full,0.01406566,71.0951
ITEM0019,calibration,visual,0,0,full,0.01406566,71.0951
ITEM0020,calibration,cognition,0,0,full,0.01924085,51.9728
ITEM0020,calibration,neuropathy,0,0,full,0.01924085,51.9728
ITEM0020,calibration,fatigue,0,0,full,0.01924085,51.9728
ITEM0020,calibration,pain,0,0,full,0.01924085,51.9728
ITEM0020,calibration,physical_function,0,0,full,0.01924085,51.9728
ITEM0020,calibration,swallowing,0,0,full,0.01924085,51.9728
ITEM0020,calibration,speech_voice,0,0,full,0.01924085,51.9728
ITEM0020,calibration,hearing,0,0,full,0.01924085,51.9728
ITEM0020,calibration,respiratory,0,0,full,0.01924085,51.9728
ITEM0020,calibration,bowel,0,0,full,0.01924085,51.9728
ITEM0020,calibration,urinary,1,0,full,0.01924085,51.9728
ITEM0020,calibration,sexual_reproductive,0,0,full,0.01924085,51.9728
ITEM0020,calibration,limb_lymphedema,0,0,full,0.01924085,51.9728
ITEM0020,calibration,visual,0,0,full,0.01924085,51.9728
ITEM0021,calibration,cognition,0,0,full,0.02599935,38.4625
ITEM0021,calibration,neuropathy,1,1,full,0.02599935,38.4625
ITEM0021,calibration,fatigue,0,0,full,0.02599935,38.4625
ITEM0021,calibration,pain,0,0,full,0.02599935,38.4625
ITEM0021,calibration,physical_function,0,0,full,0.02599935,38.4625
ITEM0021,calibration,swallowing,0,0,full,0.02599935,38.4625
ITEM0021,calibration,speech_voice,0,0,full,0.02599935,38.4625
ITEM0021,calibration,hearing,0,0,full,0.02599935,38.4625
ITEM0021,calibration,respiratory,0,0,full,0.02599935,38.4625
ITEM0021,calibration,bowel,0,0,full,0.02599935,38.4625
ITEM0021,calibration,urinary,0,0,full,0.02599935,38.4625
ITEM0021,calibration,sexual_reproductive,0,0,full,0.02599935,38.4625
ITEM0021,calibration,limb_lymphedema,0,0,full,0.02599935,38.4625
ITEM0021,calibration,visual,0,0,full,0.02599935,38.4625
ITEM0022,calibration,cognition,0,0,full,0.22297388,4.4848
ITEM0022,calibration,neuropathy,1,0,full,0.22297388,4.4848
ITEM0022,calibration,fatigue,0,0,full,0.22297388,4.4848
ITEM0022,calibration,pain,0,0,full,0.22297388,4.4848
ITEM0022,calibration,physical_function,0,0,full,0.22297388,4.4848
ITEM0022,calibration,swallowing,0,0,full,0.22297388,4.4848
ITEM0022,calibration,speech_voice,0,0,full,0.22297388,4.4848
ITEM0022,calibration,hearing,1,1,full,0.22297388,4.4848
ITEM0022,calibration,respiratory,0,0,full,0.22297388,4.4848
ITEM0022,calibration,bowel,0,0,full,0.22297388,4.4848
ITEM0022,calibration,urinary,0,0,full,0.22297388,4.4848
ITEM0022,calibration,sexual_reproductive,0,0,full,0.22297388,4.4848
ITEM0022,calibration,limb_lymphedema,0,0,full,0.22297388,4.4848
ITEM0022,calibration,visual,0,0,full,0.22297388,4.4848
ITEM0023,calibration,cognition,1,0,full,0.39276617,2.5460
ITEM0023,calibration,neuropathy,0,0,full,0.39276617,2.5460
ITEM0023,calibration,fatigue,1,0,full,0.39276617,2.5460
ITEM0023,calibration,pain,1,1,full,0.39276617,2.5460
ITEM0023,calibration,physical_function,1,0,full,0.39276617,2.5460
ITEM0023,calibration,swallowing,0,0,full,0.39276617,2.5460
ITEM0023,calibration,speech_voice,1,0,full,0.39276617,2.5460
ITEM0023,calibration,hearing,1,0,full,0.39276617,2.5460
ITEM0023,calibration,respiratory,0,0,full,0.39276617,2.5460
ITEM0023,calibration,bowel,0,0,full,0.39276617,2.5460
ITEM0023,calibration,urinary,0,0,full,0.39276617,2.5460
ITEM0023,calibration,sexual_reproductive,0,0,full,0.39276617,2.5460
ITEM0023,calibration,limb_lymphedema,0,0,full,0.39276617,2.5460
ITEM0023,calibration,visual,1,0,full,0.39276617,2.5460
ITEM0024,calibration,cognition,0,0,full,0.02849976,35.0880
ITEM0024,calibration,neuropathy,0,0,full,0.02849976,35.0880
ITEM0024,calibration,fatigue,0,0,full,0.02849976,35.0880
ITEM0024,calibration,pain,0,0,full,0.02849976,35.0880
ITEM0024,calibration,physical_function,0,0,full,0.02849976,35.0880
ITEM0024,calibration,swallowing,0,0,full,0.02849976,35.0880
ITEM0024,calibration,speech_voice,0,0,full,0.02849976,35.0880
ITEM0024,calibration,hearing,0,0,full,0.02849976,35.0880
ITEM0024,calibration,respiratory,0,0,full,0.02849976,35.0880
ITEM0024,calibration,bowel,0,0,full,0.02849976,35.0880
ITEM0024,calibration,urinary,0,0,full,0.02849976,35.0880
ITEM0024,calibration,sexual_reproductive,1,1,full,0.02849976,35.0880
ITEM0024,calibration,limb_lymphedema,0,0,full,0.02849976,35.0880
ITEM0024,calibration,visual,0,0,full,0.02849976,35.0880
ITEM0025,calibration,cognition,0,0,full,0.28826664,3.4690
ITEM0025,calibration,neuropathy,0,0,full,0.28826664,3.4690
ITEM0025,calibration,fatigue,0,0,full,0.28826664,3.4690
ITEM0025,calibration,pain,0,0,full,0.28826664,3.4690
ITEM0025,calibration,physical_function,0,0,full,0.28826664,3.4690
ITEM0025,calibration,swallowing,0,0,full,0.28826664,3.4690
ITEM0025,calibration,speech_voice,1,1,full,0.28826664,3.4690
ITEM0025,calibration,hearing,1,1,full,0.28826664,3.4690
ITEM0025,calibration,respiratory,0,0,full,0.28826664,3.4690
ITEM0025,calibration,bowel,0,0,full,0.28826664,3.4690
ITEM0025,calibration,urinary,0,0,full,0.28826664,3.4690
ITEM0025,calibration,sexual_reproductive,0,0,full,0.28826664,3.4690
ITEM0025,calibration,limb_lymphedema,0,0,full,0.28826664,3.4690
ITEM0025,calibration,visual,0,0,full,0.28826664,3.4690
ITEM0026,calibration,cognition,0,0,full,0.22297388,4.4848
ITEM0026,calibration,neuropathy,1,1,full,0.22297388,4.4848
ITEM0026,calibration,fatigue,0,0,full,0.22297388,4.4848
ITEM0026,calibration,pain,0,0,full,0.22297388,4.4848
ITEM0026,calibration,physical_function,0,0,full,0.22297388,4.4848
ITEM0026,calibration,swallowing,0,0,full,0.22297388,4.4848
ITEM0026,calibration,speech_voice,0,0,full,0.22297388,4.4848
ITEM0026,calibration,hearing,1,1,full,0.22297388,4.4848
ITEM0026,calibration,respiratory,0,0,full,0.22297388,4.4848
ITEM0026,calibration,bowel,0,0,full,0.22297388,4.4848
ITEM0026,calibration,urinary,0,0,full,0.22297388,4.4848
ITEM0026,calibration,sexual_reproductive,0,0,full,0.22297388,4.4848
ITEM0026,calibration,limb_lymphedema,0,0,full,0.22297388,4.4848
ITEM0026,calibration,visual,0,0,full,0.22297388,4.4848
ITEM0027,calibration,cognition,0,0,full,0.01206549,82.8810
ITEM0027,calibration,neuropathy,0,0,full,0.01206549,82.8810
ITEM0027,calibration,fatigue,0,0,full,0.01206549,82.8810
ITEM0027,calibration,pain,0,0,full,0.01206549,82.8810
ITEM0027,calibration,physical_function,1,0,full,0.01206549,82.8810
ITEM0027,calibration,swallowing,0,0,full,0.01206549,82.8810
ITEM0027,calibration,speech_voice,0,0,full,0.01206549,82.8810
ITEM0027,calibration,hearing,0,0,full,0.01206549,82.8810
ITEM0027,calibration,respiratory,0,0,full,0.01206549,82.8810
ITEM0027,calibration,bowel,0,0,full,0.01206549,82.8810
ITEM0027,calibration,urinary,0,0,full,0.01206549,82.8810
ITEM0027,calibration,sexual_reproductive,0,0,full,0.01206549,82.8810
ITEM0027,calibration,limb_lymphedema,0,0,full,0.01206549,82.8810
ITEM0027,calibration,visual,0,0,full,0.01206549,82.8810
ITEM0028,calibration,cognition,0,0,full,0.03477177,28.7590
ITEM0028,calibration,neuropathy,0,0,full,0.03477177,28.7590
ITEM0028,calibration,fatigue,0,0,full,0.03477177,28.7590
ITEM0028,calibration,pain,0,0,full,0.03477177,28.7590
ITEM0028,calibration,physical_function,1,1,full,0.03477177,28.7590
ITEM0028,calibration,swallowing,0,0,full,0.03477177,28.7590
ITEM0028,calibration,speech_voice,0,0,full,0.03477177,28.7590
ITEM0028,calibration,hearing,0,0,full,0.03477177,28.7590
ITEM0028,calibration,respiratory,1,1,full,0.03477177,28.7590
ITEM0028,calibration,bowel,0,0,full,0.03477177,28.7590
ITEM0028,calibration,urinary,0,0,full,0.03477177,28.7590
ITEM0028,calibration,sexual_reproductive,0,0,full,0.03477177,28.7590
ITEM0028,calibration,limb_lymphedema,0,0,full,0.03477177,28.7590
ITEM0028,calibration,visual,0,0,full,0.03477177,28.7590
ITEM0029,calibration,cognition,0,0,full,0.01924085,51.9728
ITEM0029,calibration,neuropathy,0,0,full,0.01924085,51.9728
ITEM0029,calibration,fatigue,0,0,full,0.01924085,51.9728
ITEM0029,calibration,pain,0,0,full,0.01924085,51.9728
ITEM0029,calibration,physical_function,0,0,full,0.01924085,51.9728
ITEM0029,calibration,swallowing,0,0,full,0.01924085,51.9728
ITEM0029,calibration,speech_voice,0,0,full,0.01924085,51.9728
ITEM0029,calibration,hearing,0,0,full,0.01924085,51.9728
ITEM0029,calibration,respiratory,0,0,full,0.01924085,51.9728
ITEM0029,calibration,bowel,0,0,full,0.01924085,51.9728
ITEM0029,calibration,urinary,1,0,full,0.01924085,51.9728
ITEM0029,calibration,sexual_reproductive,0,0,full,0.01924085,51.9728
ITEM0029,calibration,limb_lymphedema,0,0,full,0.01924085,51.9728
ITEM0029,calibration,visual,0,0,full,0.01924085,51.9728
ITEM0030,calibration,cognition,0,0,full,0.02644701,37.8115
ITEM0030,calibration,neuropathy,0,0,full,0.02644701,37.8115
ITEM0030,calibration,fatigue,1,0,full,0.02644701,37.8115
ITEM0030,calibration,pain,1,1,full,0.02644701,37.8115
ITEM0030,calibration,physical_function,1,0,full,0.02644701,37.8115
ITEM0030,calibration,swallowing,0,0,full,0.02644701,37.8115
ITEM0030,calibration,speech_voice,0,0,full,0.02644701,37.8115
ITEM0030,calibration,hearing,0,0,full,0.02644701,37.8115
ITEM0030,calibration,respiratory,0,0,full,0.02644701,37.8115
ITEM0030,calibration,bowel,0,0,full,0.02644701,37.8115
ITEM0030,calibration,urinary,0,0,full,0.02644701,37.8115
ITEM0030,calibration,sexual_reproductive,0,0,full,0.02644701,37.8115
ITEM0030,calibration,limb_lymphedema,0,0,full,0.02644701,37.8115
ITEM0030,calibration,visual,0,0,full,0.02644701,37.8115
ITEM0031,calibration,cognition,0,0,full,0.00706867,141.4694
ITEM0031,calibration,neuropathy,0,0,full,0.00706867,141.4694
ITEM0031,calibration,fatigue,0,0,full,0.00706867,141.4694
ITEM0031,calibration,pain,1,1,full,0.00706867,141.4694
ITEM0031,calibration,physical_function,0,0,full,0.00706867,141.4694
ITEM0031,calibration,swallowing,0,0,full,0.00706867,141.4694
ITEM0031,calibration,speech_voice,0,0,full,0.00706867,141.4694
ITEM0031,calibration,hearing,0,0,full,0.00706867,141.4694
ITEM0031,calibration,respiratory,0,0,full,0.00706867,141.4694
ITEM0031,calibration,bowel,0,0,full,0.00706867,141.4694
ITEM0031,calibration,urinary,0,0,full,0.00706867,141.4694
ITEM0031,calibration,sexual_reproductive,0,0,full,0.00706867,141.4694
ITEM0031,calibration,limb_lymphedema,0,0,full,0.00706867,141.4694
ITEM0031,calibration,visual,0,0,full,0.00706867,141.4694
ITEM0032,calibration,cognition,0,0,full,0.01091639,91.6054
ITEM0032,calibration,neuropathy,0,0,full,0.01091639,91.6054
ITEM0032,calibration,fatigue,0,0,full,0.01091639,91.6054
ITEM0032,calibration,pain,0,0,full,0.01091639,91.6054
ITEM0032,calibration,physical_function,0,0,full,0.01091639,91.6054
ITEM0032,calibration,swallowing,0,0,full,0.01091639,91.6054
ITEM0032,calibration,speech_voice,0,0,full,0.01091639,91.6054
ITEM0032,calibration,hearing,0,0,full,0.01091639,91.6054
ITEM0032,calibration,respiratory,0,0,full,0.01091639,91.6054
ITEM0032,calibration,bowel,0,0,full,0.01091639,91.6054
ITEM0032,calibration,urinary,0,0,full,0.01091639,91.6054
ITEM0032,calibration,sexual_reproductive,0,0,full,0.01091639,91.6054
ITEM0032,calibration,limb_lymphedema,0,0,full,0.01091639,91.6054
ITEM0032,calibration,visual,0,0,full,0.01091639,91.6054
ITEM0033,calibration,cognition,0,0,full,0.04293921,23.2887
ITEM0033,calibration,neuropathy,0,0,full,0.04293921,23.2887
ITEM0033,calibration,fatigue,0,0,full,0.04293921,23.2887
ITEM0033,calibration,pain,1,1,full,0.04293921,23.2887
ITEM0033,calibration,physical_function,0,0,full,0.04293921,23.2887
ITEM0033,calibration,swallowing,1,1,full,0.04293921,23.2887
ITEM0033,calibration,speech_voice,0,0,full,0.04293921,23.2887
ITEM0033,calibration,hearing,0,0,full,0.04293921,23.2887
ITEM0033,calibration,respiratory,0,0,full,0.04293921,23.2887
ITEM0033,calibration,bowel,0,0,full,0.04293921,23.2887
ITEM0033,calibration,urinary,0,0,full,0.04293921,23.2887
ITEM0033,calibration,sexual_reproductive,0,0,full,0.04293921,23.2887
ITEM0033,calibration,limb_lymphedema,0,0,full,0.04293921,23.2887
ITEM0033,calibration,visual,0,0,full,0.04293921,23.2887
ITEM0034,calibration,cognition,0,0,truncated,0.01091639,91.6054
ITEM0034,calibration,neuropathy,0,0,truncated,0.01091639,91.6054
ITEM0034,calibration,fatigue,0,0,truncated,0.01091639,91.6054
ITEM0034,calibration,pain,0,0,truncated,0.01091639,91.6054
ITEM0034,calibration,physical_function,0,0,truncated,0.01091639,91.6054
ITEM0034,calibration,swallowing,0,0,truncated,0.01091639,91.6054
ITEM0034,calibration,speech_voice,0,0,truncated,0.01091639,91.6054
ITEM0034,calibration,hearing,0,0,truncated,0.01091639,91.6054
ITEM0034,calibration,respiratory,0,0,truncated,0.01091639,91.6054
ITEM0034,calibration,bowel,0,0,truncated,0.01091639,91.6054
ITEM0034,calibration,urinary,0,0,truncated,0.01091639,91.6054
ITEM0034,calibration,sexual_reproductive,0,0,truncated,0.01091639,91.6054
ITEM0034,calibration,limb_lymphedema,0,0,truncated,0.01091639,91.6054
ITEM0034,calibration,visual,0,0,truncated,0.01091639,91.6054
ITEM0035,calibration,cognition,0,0,full,0.03078367,32.4848
ITEM0035,calibration,neuropathy,1,1,full,0.03078367,32.4848
ITEM0035,calibration,fatigue,0,0,full,0.03078367,32.4848
ITEM0035,calibration,pain,1,1,full,0.03078367,32.4848
ITEM0035,calibration,physical_function,0,0,full,0.03078367,32.4848
ITEM0035,calibration,swallowing,0,0,full,0.03078367,32.4848
ITEM0035,calibration,speech_voice,0,0,full,0.03078367,32.4848
ITEM0035,calibration,hearing,0,0,full,0.03078367,32.4848
ITEM0035,calibration,respiratory,0,0,full,0.03078367,32.4848
ITEM0035,calibration,bowel,0,0,full,0.03078367,32.4848
ITEM0035,calibration,urinary,0,0,full,0.03078367,32.4848
ITEM0035,calibration,sexual_reproductive,0,0,full,0.03078367,32.4848
ITEM0035,calibration,limb_lymphedema,0,0,full,0.03078367,32.4848
ITEM0035,calibration,visual,0,0,full,0.03078367,32.4848
ITEM0036,calibration,cognition,0,0,full,0.01091639,91.6054
ITEM0036,calibration,neuropathy,0,0,full,0.01091639,91.6054
ITEM0036,calibration,fatigue,0,0,full,0.01091639,91.6054
ITEM0036,calibration,pain,0,0,full,0.01091639,91.6054
ITEM0036,calibration,physical_function,0,0,full,0.01091639,91.6054
ITEM0036,calibration,swallowing,0,0,full,0.01091639,91.6054
ITEM0036,calibration,speech_voice,0,0,full,0.01091639,91.6054
ITEM0036,calibration,hearing,0,0,full,0.01091639,91.6054
ITEM0036,calibration,respiratory,0,0,full,0.01091639,91.6054
ITEM0036,calibration,bowel,0,0,full,0.01091639,91.6054
ITEM0036,calibration,urinary,0,0,full,0.01091639,91.6054
ITEM0036,calibration,sexual_reproductive,0,0,full,0.01091639,91.6054
ITEM0036,calibration,limb_lymphedema,0,0,full,0.01091639,91.6054
ITEM0036,calibration,visual,0,0,full,0.01091639,91.6054
ITEM0037,calibration,cognition,0,0,full,0.03821489,26.1678
ITEM0037,calibration,neuropathy,0,0,full,0.03821489,26.1678
ITEM0037,calibration,fatigue,0,0,full,0.03821489,26.1678
ITEM0037,calibration,pain,0,0,full,0.03821489,26.1678
ITEM0037,calibration,physical_function,0,0,full,0.03821489,26.1678
ITEM0037,calibration,swallowing,1,0,full,0.03821489,26.1678
ITEM0037,calibration,speech_voice,0,0,full,0.03821489,26.1678
ITEM0037,calibration,hearing,0,0,full,0.03821489,26.1678
ITEM0037,calibration,respiratory,0,0,full,0.03821489,26.1678
ITEM0037,calibration,bowel,0,0,full,0.03821489,26.1678
ITEM0037,calibration,urinary,0,0,full,0.03821489,26.1678
ITEM0037,calibration,sexual_reproductive,0,0,full,0.03821489,26.1678
ITEM0037,calibration,limb_lymphedema,0,0,full,0.03821489,26.1678
ITEM0037,calibration,visual,0,0,full,0.03821489,26.1678
ITEM0038,calibration,cognition,0,0,full,0.04412747,22.6616
ITEM0038,calibration,neuropathy,0,0,full,0.04412747,22.6616
ITEM0038,calibration,fatigue,1,1,full,0.04412747,22.6616
ITEM0038,calibration,pain,0,0,full,0.04412747,22.6616
ITEM0038,calibration,physical_function,1,1,full,0.04412747,22.6616
ITEM0038,calibration,swallowing,0,0,full,0.04412747,22.6616
ITEM0038,calibration,speech_voice,0,0,full,0.04412747,22.6616
ITEM0038,calibration,hearing,0,0,full,0.04412747,22.6616
ITEM0038,calibration,respiratory,1,1,full,0.04412747,22.6616
ITEM0038,calibration,bowel,0,0,full,0.04412747,22.6616
ITEM0038,calibration,urinary,0,0,full,0.04412747,22.6616
ITEM0038,calibration,sexual_reproductive,0,0,full,0.04412747,22.6616
ITEM0038,calibration,limb_lymphedema,0,0,full,0.04412747,22.6616
ITEM0038,calibration,visual,0,0,full,0.04412747,22.6616
ITEM0039,calibration,cognition,0,0,full,0.01091639,91.6054
ITEM0039,calibration,neuropathy,0,0,full,0.01091639,91.6054
ITEM0039,calibration,fatigue,0,0,full,0.01091639,91.6054
ITEM0039,calibration,pain,0,0,full,0.01091639,91.6054
ITEM0039,calibration,physical_function,0,0,full,0.01091639,91.6054
ITEM0039,calibration,swallowing,0,0,full,0.01091639,91.6054
ITEM0039,calibration,speech_voice,0,0,full,0.01091639,91.6054
ITEM0039,calibration,hearing,0,0,full,0.01091639,91.6054
ITEM0039,calibration,respiratory,0,0,full,0.01091639,91.6054
ITEM0039,calibration,bowel,0,0,full,0.01091639,91.6054
ITEM0039,calibration,urinary,0,0,full,0.01091639,91.6054
ITEM0039,calibration,sexual_reproductive,0,0,full,0.01091639,91.6054
ITEM0039,calibration,limb_lymphedema,0,0,full,0.01091639,91.6054
ITEM0039,calibration,visual,0,0,full,0.01091639,91.6054
ITEM0040,calibration,cognition,1,0,full,0.07274311,13.7470
ITEM0040,calibration,neuropathy,0,0,full,0.07274311,13.7470
ITEM0040,calibration,fatigue,1,0,full,0.07274311,13.7470
ITEM0040,calibration,pain,1,0,full,0.07274311,13.7470
ITEM0040,calibration,physical_function,1,0,full,0.07274311,13.7470
ITEM0040,calibration,swallowing,0,0,full,0.07274311,13.7470
ITEM0040,calibration,speech_voice,0,0,full,0.07274311,13.7470
ITEM0040,calibration,hearing,0,0,full,0.07274311,13.7470
ITEM0040,calibration,respiratory,1,0,full,0.07274311,13.7470
ITEM0040,calibration,bowel,1,0,full,0.07274311,13.7470
ITEM0040,calibration,urinary,0,0,full,0.07274311,13.7470
ITEM0040,calibration,sexual_reproductive,0,0,full,0.07274311,13.7470
ITEM0040,calibration,limb_lymphedema,0,0,full,0.07274311,13.7470
ITEM0040,calibration,visual,0,0,full,0.07274311,13.7470
ITEM0041,calibration,cognition,0,0,full,0.03821489,26.1678
ITEM0041,calibration,neuropathy,0,0,full,0.03821489,26.1678
ITEM0041,calibration,fatigue,0,0,full,0.03821489,26.1678
ITEM0041,calibration,pain,0,0,full,0.03821489,26.1678
ITEM0041,calibration,physical_function,0,0,full,0.03821489,26.1678
ITEM0041,calibration,swallowing,1,0,full,0.03821489,26.1678
ITEM0041,calibration,speech_voice,0,0,full,0.03821489,26.1678
ITEM0041,calibration,hearing,0,0,full,0.03821489,26.1678
ITEM0041,calibration,respiratory,0,0,full,0.03821489,26.1678
ITEM0041,calibration,bowel,0,0,full,0.03821489,26.1678
ITEM0041,calibration,urinary,0,0,full,0.03821489,26.1678
ITEM0041,calibration,sexual_reproductive,0,0,full,0.03821489,26.1678
ITEM0041,calibration,limb_lymphedema,0,0,full,0.03821489,26.1678
ITEM0041,calibration,visual,0,0,full,0.03821489,26.1678
ITEM0042,calibration,cognition,1,0,full,0.04645285,21.5272
ITEM0042,calibration,neuropathy,0,0,full,0.04645285,21.5272
ITEM0042,calibration,fatigue,1,0,full,0.04645285,21.5272
ITEM0042,calibration,pain,1,0,full,0.04645285,21.5272
ITEM0042,calibration,physical_function,0,0,full,0.04645285,21.5272
ITEM0042,calibration,swallowing,0,0,full,0.04645285,21.5272
ITEM0042,calibration,speech_voice,0,0,full,0.04645285,21.5272
ITEM0042,calibration,hearing,0,0,full,0.04645285,21.5272
ITEM0042,calibration,respiratory,0,0,full,0.04645285,21.5272
ITEM0042,calibration,bowel,0,0,full,0.04645285,21.5272
ITEM0042,calibration,urinary,1,0,full,0.04645285,21.5272
ITEM0042,calibration,sexual_reproductive,0,0,full,0.04645285,21.5272
ITEM0042,calibration,limb_lymphedema,0,0,full,0.04645285,21.5272
ITEM0042,calibration,visual,0,0,full,0.04645285,21.5272
ITEM0043,calibration,cognition,0,0,full,0.01091639,91.6054
ITEM0043,calibration,neuropathy,0,0,full,0.01091639,91.6054
ITEM0043,calibration,fatigue,0,0,full,0.01091639,91.6054
ITEM0043,calibration,pain,0,0,full,0.01091639,91.6054
ITEM0043,calibration,physical_function,0,0,full,0.01091639,91.6054
ITEM0043,calibration,swallowing,0,0,full,0.01091639,91.6054
ITEM0043,calibration,speech_voice,0,0,full,0.01091639,91.6054
ITEM0043,calibration,hearing,0,0,full,0.01091639,91.6054
ITEM0043,calibration,respiratory,0,0,full,0.01091639,91.6054
ITEM0043,calibration,bowel,0,0,full,0.01091639,91.6054
ITEM0043,calibration,urinary,0,0,full,0.01091639,91.6054
ITEM0043,calibration,sexual_reproductive,0,0,full,0.01091639,91.6054
ITEM0043,calibration,limb_lymphedema,0,0,full,0.01091639,91.6054
ITEM0043,calibration,visual,0,0,full,0.01091639,91.6054
ITEM0044,calibration,cognition,0,0,full,0.01091639,91.6054
ITEM0044,calibration,neuropathy,0,0,full,0.01091639,91.6054
ITEM0044,calibration,fatigue,0,0,full,0.01091639,91.6054
ITEM0044,calibration,pain,0,0,full,0.01091639,91.6054
ITEM0044,calibration,physical_function,0,0,full,0.01091639,91.6054
ITEM0044,calibration,swallowing,0,0,full,0.01091639,91.6054
ITEM0044,calibration,speech_voice,0,0,full,0.01091639,91.6054
ITEM0044,calibration,hearing,0,0,full,0.01091639,91.6054
ITEM0044,calibration,respiratory,0,0,full,0.01091639,91.6054
ITEM0044,calibration,bowel,0,0,full,0.01091639,91.6054
ITEM0044,calibration,urinary,0,0,full,0.01091639,91.6054
ITEM0044,calibration,sexual_reproductive,0,0,full,0.01091639,91.6054
ITEM0044,calibration,limb_lymphedema,0,0,full,0.01091639,91.6054
ITEM0044,calibration,visual,0,0,full,0.01091639,91.6054
ITEM0045,calibration,cognition,1,0,full,0.03007535,33.2498
ITEM0045,calibration,neuropathy,0,0,full,0.03007535,33.2498
ITEM0045,calibration,fatigue,0,0,full,0.03007535,33.2498
ITEM0045,calibration,pain,1,0,full,0.03007535,33.2498
ITEM0045,calibration,physical_function,1,0,full,0.03007535,33.2498
ITEM0045,calibration,swallowing,0,0,full,0.03007535,33.2498
ITEM0045,calibration,speech_voice,0,0,full,0.03007535,33.2498
ITEM0045,calibration,hearing,0,0,full,0.03007535,33.2498
ITEM0045,calibration,respiratory,0,0,full,0.03007535,33.2498
ITEM0045,calibration,bowel,0,0,full,0.03007535,33.2498
ITEM0045,calibration,urinary,0,0,full,0.03007535,33.2498
ITEM0045,calibration,sexual_reproductive,0,0,full,0.03007535,33.2498
ITEM0045,calibration,limb_lymphedema,0,0,full,0.03007535,33.2498
ITEM0045,calibration,visual,0,0,full,0.03007535,33.2498
ITEM0046,calibration,cognition,0,0,full,0.01091639,91.6054
ITEM0046,calibration,neuropathy,0,0,full,0.01091639,91.6054
ITEM0046,calibration,fatigue,0,0,full,0.01091639,91.6054
ITEM0046,calibration,pain,0,0,full,0.01091639,91.6054
ITEM0046,calibration,physical_function,0,0,full,0.01091639,91.6054
ITEM0046,calibration,swallowing,0,0,full,0.01091639,91.6054
ITEM0046,calibration,speech_voice,0,0,full,0.01091639,91.6054
ITEM0046,calibration,hearing,0,0,full,0.01091639,91.6054
ITEM0046,calibration,respiratory,0,0,full,0.01091639,91.6054
ITEM0046,calibration,bowel,0,0,full,0.01091639,91.6054
ITEM0046,calibration,urinary,0,0,full,0.01091639,91.6054
ITEM0046,calibration,sexual_reproductive,0,0,full,0.01091639,91.6054
ITEM0046,calibration,limb_lymphedema,0,0,full,0.01091639,91.6054
ITEM0046,calibration,visual,0,0,full,0.01091639,91.6054
ITEM0047,calibration,cognition,0,0,full,0.01183902,84.4665
ITEM0047,calibration,neuropathy,0,0,full,0.01183902,84.4665
ITEM0047,calibration,fatigue,1,1,full,0.01183902,84.4665
ITEM0047,calibration,pain,0,0,full,0.01183902,84.4665
ITEM0047,calibration,physical_function,0,0,full,0.01183902,84.4665
ITEM0047,calibration,swallowing,0,0,full,0.01183902,84.4665
ITEM0047,calibration,speech_voice,0,0,full,0.01183902,84.4665
ITEM0047,calibration,hearing,0,0,full,0.01183902,84.4665
ITEM0047,calibration,respiratory,0,0,full,0.01183902,84.4665
ITEM0047,calibration,bowel,0,0,full,0.01183902,84.4665
ITEM0047,calibration,urinary,0,0,full,0.01183902,84.4665
ITEM0047,calibration,sexual_reproductive,0,0,full,0.01183902,84.4665
ITEM0047,calibration,limb_lymphedema,0,0,full,0.01183902,84.4665
ITEM0047,calibration,visual,0,0,full,0.01183902,84.4665
ITEM0048,calibration,cognition,0,0,full,0.13894413,7.1971
ITEM0048,calibration,neuropathy,0,0,full,0.13894413,7.1971
ITEM0048,calibration,fatigue,0,0,full,0.13894413,7.1971
ITEM0048,calibration,pain,0,0,full,0.13894413,7.1971
ITEM0048,calibration,physical_function,0,0,full,0.13894413,7.1971
ITEM0048,calibration,swallowing,0,0,full,0.13894413,7.1971
ITEM0048,calibration,speech_voice,0,0,full,0.13894413,7.1971
ITEM0048,calibration,hearing,0,0,full,0.13894413,7.1971
ITEM0048,calibration,respiratory,0,0,full,0.13894413,7.1971
ITEM0048,calibration,bowel,0,0,full,0.13894413,7.1971
ITEM0048,calibration,urinary,0,0,full,0.13894413,7.1971
ITEM0048,calibration,sexual_reproductive,1,0,full,0.13894413,7.1971
ITEM0048,calibration,limb_lymphedema,0,0,full,0.13894413,7.1971
ITEM0048,calibration,visual,1,0,full,0.13894413,7.1971
ITEM0049,calibration,cognition,0,0,full,0.01091639,91.6054
ITEM0049,calibration,neuropathy,0,0,full,0.01091639,91.6054
ITEM0049,calibration,fatigue,0,0,full,0.01091639,91.6054
ITEM0049,calibration,pain,0,0,full,0.01091639,91.6054
ITEM0049,calibration,physical_function,0,0,full,0.01091639,91.6054
ITEM0049,calibration,swallowing,0,0,full,0.01091639,91.6054
ITEM0049,calibration,speech_voice,0,0,full,0.01091639,91.6054
ITEM0049,calibration,hearing,0,0,full,0.01091639,91.6054
ITEM0049,calibration,respiratory,0,0,full,0.01091639,91.6054
ITEM0049,calibration,bowel,0,0,full,0.01091639,91.6054
ITEM0049,calibration,urinary,0,0,full,0.01091639,91.6054
ITEM0049,calibration,sexual_reproductive,0,0,full,0.01091639,91.6054
ITEM0049,calibration,limb_lymphedema,0,0,full,0.01091639,91.6054
ITEM0049,calibration,visual,0,0,full,0.01091639,91.6054
ITEM0050,calibration,cognition,0,0,truncated,0.01091639,91.6054
ITEM0050,calibration,neuropathy,0,0,truncated,0.01091639,91.6054
ITEM0050,calibration,fatigue,0,0,truncated,0.01091639,91.6054
ITEM0050,calibration,pain,0,0,truncated,0.01091639,91.6054
ITEM0050,calibration,physical_function,0,0,truncated,0.01091639,91.6054
ITEM0050,calibration,swallowing,0,0,truncated,0.01091639,91.6054
ITEM0050,calibration,speech_voice,0,0,truncated,0.01091639,91.6054
ITEM0050,calibration,hearing,0,0,truncated,0.01091639,91.6054
ITEM0050,calibration,respiratory,0,0,truncated,0.01091639,91.6054
ITEM0050,calibration,bowel,0,0,truncated,0.01091639,91.6054
ITEM0050,calibration,urinary,0,0,truncated,0.01091639,91.6054
ITEM0050,calibration,sexual_reproductive,0,0,truncated,0.01091639,91.6054
ITEM0050,calibration,limb_lymphedema,0,0,truncated,0.01091639,91.6054
ITEM0050,calibration,visual,0,0,truncated,0.01091639,91.6054
ITEM0051,calibration,cognition,0,0,full,0.20396143,4.9029
ITEM0051,calibration,neuropathy,0,0,full,0.20396143,4.9029
ITEM0051,calibration,fatigue,0,0,full,0.20396143,4.9029
ITEM0051,calibration,pain,0,0,full,0.20396143,4.9029
ITEM0051,calibration,physical_function,0,0,full,0.20396143,4.9029
ITEM0051,calibration,swallowing,0,0,full,0.20396143,4.9029
ITEM0051,calibration,speech_voice,0,0,full,0.20396143,4.9029
ITEM0051,calibration,hearing,1,1,full,0.20396143,4.9029
ITEM0051,calibration,respiratory,0,0,full,0.20396143,4.9029
ITEM0051,calibration,bowel,0,0,full,0.20396143,4.9029
ITEM0051,calibration,urinary,0,0,full,0.20396143,4.9029
ITEM0051,calibration,sexual_reproductive,0,0,full,0.20396143,4.9029
ITEM0051,calibration,limb_lymphedema,0,0,full,0.20396143,4.9029
ITEM0051,calibration,visual,0,0,full,0.20396143,4.9029
ITEM0052,calibration,cognition,0,0,full,0.22997223,4.3484
ITEM0052,calibration,neuropathy,0,0,full,0.22997223,4.3484
ITEM0052,calibration,fatigue,0,0,full,0.22997223,4.3484
ITEM0052,calibration,pain,0,0,full,0.22997223,4.3484
ITEM0052,calibration,physical_function,1,1,full,0.22997223,4.3484
ITEM0052,calibration,swallowing,0,0,full,0.22997223,4.3484
ITEM0052,calibration,speech_voice,0,0,full,0.22997223,4.3484
ITEM0052,calibration,hearing,1,0,full,0.22997223,4.3484
ITEM0052,calibration,respiratory,1,1,full,0.22997223,4.3484
ITEM0052,calibration,bowel,0,0,full,0.22997223,4.3484
ITEM0052,calibration,urinary,0,0,full,0.22997223,4.3484
ITEM0052,calibration,sexual_reproductive,0,0,full,0.22997223,4.3484
ITEM0052,calibration,limb_lymphedema,0,0,full,0.22997223,4.3484
ITEM0052,calibration,visual,0,0,full,0.22997223,4.3484
ITEM0053,calibration,cognition,1,0,full,0.07274311,13.7470
ITEM0053,calibration,neuropathy,0,0,full,0.07274311,13.7470
ITEM0053,calibration,fatigue,1,0,full,0.07274311,13.7470
ITEM0053,calibration,pain,1,0,full,0.07274311,13.7470
ITEM0053,calibration,physical_function,1,0,full,0.07274311,13.7470
ITEM0053,calibration,swallowing,0,0,full,0.07274311,13.7470
ITEM0053,calibration,speech_voice,0,0,full,0.07274311,13.7470
ITEM0053,calibration,hearing,0,0,full,0.07274311,13.7470
ITEM0053,calibration,respiratory,1,0,full,0.07274311,13.7470
ITEM0053,calibration,bowel,1,0,full,0.07274311,13.7470
ITEM0053,calibration,urinary,0,0,full,0.07274311,13.7470
ITEM0053,calibration,sexual_reproductive,0,0,full,0.07274311,13.7470
ITEM0053,calibration,limb_lymphedema,0,0,full,0.07274311,13.7470
ITEM0053,calibration,visual,0,0,full,0.07274311,13.7470
ITEM0054,calibration,cognition,0,0,truncated,0.01406566,71.0951
ITEM0054,calibration,neuropathy,0,0,truncated,0.01406566,71.0951
ITEM0054,calibration,fatigue,0,0,truncated,0.01406566,71.0951
ITEM0054,calibration,pain,0,0,truncated,0.01406566,71.0951
ITEM0054,calibration,physical_function,0,0,truncated,0.01406566,71.0951
ITEM0054,calibration,swallowing,0,0,truncated,0.01406566,71.0951
ITEM0054,calibration,speech_voice,0,0,truncated,0.01406566,71.0951
ITEM0054,calibration,hearing,0,0,truncated,0.01406566,71.0951
ITEM0054,calibration,respiratory,0,0,truncated,0.01406566,71.0951
ITEM0054,calibration,bowel,1,0,truncated,0.01406566,71.0951
ITEM0054,calibration,urinary,0,0,truncated,0.01406566,71.0951
ITEM0054,calibration,sexual_reproductive,0,0,truncated,0.01406566,71.0951
ITEM0054,calibration,limb_lymphedema,0,0,truncated,0.01406566,71.0951
ITEM0054,calibration,visual,0,0,truncated,0.01406566,71.0951
ITEM0055,calibration,cognition,0,0,full,0.01091639,91.6054
ITEM0055,calibration,neuropathy,0,0,full,0.01091639,91.6054
ITEM0055,calibration,fatigue,0,0,full,0.01091639,91.6054
ITEM0055,calibration,pain,0,0,full,0.01091639,91.6054
ITEM0055,calibration,physical_function,0,0,full,0.01091639,91.6054
ITEM0055,calibration,swallowing,0,0,full,0.01091639,91.6054
ITEM0055,calibration,speech_voice,0,0,full,0.01091639,91.6054
ITEM0055,calibration,hearing,0,0,full,0.01091639,91.6054
ITEM0055,calibration,respiratory,0,0,full,0.01091639,91.6054
ITEM0055,calibration,bowel,0,0,full,0.01091639,91.6054
ITEM0055,calibration,urinary,0,0,full,0.01091639,91.6054
ITEM0055,calibration,sexual_reproductive,0,0,full,0.01091639,91.6054
ITEM0055,calibration,limb_lymphedema,0,0,full,0.01091639,91.6054
ITEM0055,calibration,visual,0,0,full,0.01091639,91.6054
ITEM0056,calibration,cognition,0,0,full,0.05650894,17.6963
ITEM0056,calibration,neuropathy,0,0,full,0.05650894,17.6963
ITEM0056,calibration,fatigue,0,0,full,0.05650894,17.6963
ITEM0056,calibration,pain,0,0,full,0.05650894,17.6963
ITEM0056,calibration,physical_function,0,0,full,0.05650894,17.6963
ITEM0056,calibration,swallowing,0,0,full,0.05650894,17.6963
ITEM0056,calibration,speech_voice,0,0,full,0.05650894,17.6963
ITEM0056,calibration,hearing,0,0,full,0.05650894,17.6963
ITEM0056,calibration,respiratory,0,0,full,0.05650894,17.6963
ITEM0056,calibration,bowel,1,1,full,0.05650894,17.6963
ITEM0056,calibration,urinary,1,1,full,0.05650894,17.6963
ITEM0056,calibration,sexual_reproductive,1,1,full,0.05650894,17.6963
ITEM0056,calibration,limb_lymphedema,0,0,full,0.05650894,17.6963
ITEM0056,calibration,visual,0,0,full,0.05650894,17.6963
ITEM0057,calibration,cognition,0,0,full,0.01091639,91.6054
ITEM0057,calibration,neuropathy,0,0,full,0.01091639,91.6054
ITEM0057,calibration,fatigue,0,0,full,0.01091639,91.6054
ITEM0057,calibration,pain,0,0,full,0.01091639,91.6054
ITEM0057,calibration,physical_function,0,0,full,0.01091639,91.6054
ITEM0057,calibration,swallowing,0,0,full,0.01091639,91.6054
ITEM0057,calibration,speech_voice,0,0,full,0.01091639,91.6054
ITEM0057,calibration,hearing,0,0,full,0.01091639,91.6054
ITEM0057,calibration,respiratory,0,0,full,0.01091639,91.6054
ITEM0057,calibration,bowel,0,0,full,0.01091639,91.6054
ITEM0057,calibration,urinary,0,0,full,0.01091639,91.6054
ITEM0057,calibration,sexual_reproductive,0,0,full,0.01091639,91.6054
ITEM0057,calibration,limb_lymphedema,0,0,full,0.01091639,91.6054
ITEM0057,calibration,visual,0,0,full,0.01091639,91.6054
ITEM0058,calibration,cognition,0,0,full,0.02164128,46.2080
ITEM0058,calibration,neuropathy,0,0,full,0.02164128,46.2080
ITEM0058,calibration,fatigue,1,1,full,0.02164128,46.2080
ITEM0058,calibration,pain,0,0,full,0.02164128,46.2080
ITEM0058,calibration,physical_function,1,1,full,0.02164128,46.2080
ITEM0058,calibration,swallowing,0,0,full,0.02164128,46.2080
ITEM0058,calibration,speech_voice,0,0,full,0.02164128,46.2080
ITEM0058,calibration,hearing,0,0,full,0.02164128,46.2080
ITEM0058,calibration,respiratory,0,0,full,0.02164128,46.2080
ITEM0058,calibration,bowel,0,0,full,0.02164128,46.2080
ITEM0058,calibration,urinary,0,0,full,0.02164128,46.2080
ITEM0058,calibration,sexual_reproductive,0,0,full,0.02164128,46.2080
ITEM0058,calibration,limb_lymphedema,0,0,full,0.02164128,46.2080
ITEM0058,calibration,visual,0,0,full,0.02164128,46.2080
ITEM0059,calibration,cognition,0,0,full,0.14429763,6.9301
ITEM0059,calibration,neuropathy,0,0,full,0.14429763,6.9301
ITEM0059,calibration,fatigue,0,0,full,0.14429763,6.9301
ITEM0059,calibration,pain,1,1,full,0.14429763,6.9301
ITEM0059,calibration,physical_function,0,0,full,0.14429763,6.9301
ITEM0059,calibration,swallowing,1,1,full,0.14429763,6.9301
ITEM0059,calibration,speech_voice,1,1,full,0.14429763,6.9301
ITEM0059,calibration,hearing,0,0,full,0.14429763,6.9301
ITEM0059,calibration,respiratory,0,0,full,0.14429763,6.9301
ITEM0059,calibration,bowel,0,0,full,0.14429763,6.9301
ITEM0059,calibration,urinary,0,0,full,0.14429763,6.9301
ITEM0059,calibration,sexual_reproductive,0,0,full,0.14429763,6.9301
ITEM0059,calibration,limb_lymphedema,0,0,full,0.14429763,6.9301
ITEM0059,calibration,visual,0,0,full,0.14429763,6.9301
ITEM0060,calibration,cognition,0,0,full,0.14429763,6.9301
ITEM0060,calibration,neuropathy,0,0,full,0.14429763,6.9301
ITEM0060,calibration,fatigue,0,0,full,0.14429763,6.9301
ITEM0060,calibration,pain,1,0,full,0.14429763,6.9301
ITEM0060,calibration,physical_function,0,0,full,0.14429763,6.9301
ITEM0060,calibration,swallowing,1,0,full,0.14429763,6.9301
ITEM0060,calibration,speech_voice,1,0,full,0.14429763,6.9301
ITEM0060,calibration,hearing,0,0,full,0.14429763,6.9301
ITEM0060,calibration,respiratory,0,0,full,0.14429763,6.9301
ITEM0060,calibration,bowel,0,0,full,0.14429763,6.9301
ITEM0060,calibration,urinary,0,0,full,0.14429763,6.9301
ITEM0060,calibration,sexual_reproductive,0,0,full,0.14429763,6.9301
ITEM0060,calibration,limb_lymphedema,0,0,full,0.14429763,6.9301
ITEM0060,calibration,visual,0,0,full,0.14429763,6.9301
ITEM0061,calibration,cognition,0,0,full,0.01091639,91.6054
ITEM0061,calibration,neuropathy,0,0,full,0.01091639,91.6054
ITEM0061,calibration,fatigue,0,0,full,0.01091639,91.6054
ITEM0061,calibration,pain,0,0,full,0.01091639,91.6054
ITEM0061,calibration,physical_function,0,0,full,0.01091639,91.6054
ITEM0061,calibration,swallowing,0,0,full,0.01091639,91.6054
ITEM0061,calibration,speech_voice,0,0,full,0.01091639,91.6054
ITEM0061,calibration,hearing,0,0,full,0.01091639,91.6054
ITEM0061,calibration,respiratory,0,0,full,0.01091639,91.6054
ITEM0061,calibration,bowel,0,0,full,0.01091639,91.6054
ITEM0061,calibration,urinary,0,0,full,0.01091639,91.6054
ITEM0061,calibration,sexual_reproductive,0,0,full,0.01091639,91.6054
ITEM0061,calibration,limb_lymphedema,0,0,full,0.01091639,91.6054
ITEM0061,calibration,visual,0,0,full,0.01091639,91.6054
ITEM0062,calibration,cognition,0,0,full,0.02405837,41.5656
ITEM0062,calibration,neuropathy,0,0,full,0.02405837,41.5656
ITEM0062,calibration,fatigue,0,0,full,0.02405837,41.5656
ITEM0062,calibration,pain,1,1,full,0.02405837,41.5656
ITEM0062,calibration,physical_function,0,0,full,0.02405837,41.5656
ITEM0062,calibration,swallowing,0,0,full,0.02405837,41.5656
ITEM0062,calibration,speech_voice,0,0,full,0.02405837,41.5656
ITEM0062,calibration,hearing,0,0,full,0.02405837,41.5656
ITEM0062,calibration,respiratory,0,0,full,0.02405837,41.5656
ITEM0062,calibration,bowel,0,0,full,0.02405837,41.5656
ITEM0062,calibration,urinary,1,0,full,0.02405837,41.5656
ITEM0062,calibration,sexual_reproductive,0,1,full,0.02405837,41.5656
ITEM0062,calibration,limb_lymphedema,0,0,full,0.02405837,41.5656
ITEM0062,calibration,visual,0,0,full,0.02405837,41.5656
ITEM0063,calibration,cognition,0,0,full,0.01091639,91.6054
ITEM0063,calibration,neuropathy,0,0,full,0.01091639,91.6054
ITEM0063,calibration,fatigue,0,0,full,0.01091639,91.6054
ITEM0063,calibration,pain,0,0,full,0.01091639,91.6054
ITEM0063,calibration,physical_function,0,0,full,0.01091639,91.6054
ITEM0063,calibration,swallowing,0,0,full,0.01091639,91.6054
ITEM0063,calibration,speech_voice,0,0,full,0.01091639,91.6054
ITEM0063,calibration,hearing,0,0,full,0.01091639,91.6054
ITEM0063,calibration,respiratory,0,0,full,0.01091639,91.6054
ITEM0063,calibration,bowel,0,0,full,0.01091639,91.6054
ITEM0063,calibration,urinary,0,0,full,0.01091639,91.6054
ITEM0063,calibration,sexual_reproductive,0,0,full,0.01091639,91.6054
ITEM0063,calibration,limb_lymphedema,0,0,full,0.01091639,91.6054
ITEM0063,calibration,visual,0,0,full,0.01091639,91.6054
ITEM0064,calibration,cognition,0,0,full,0.07045658,14.1931
ITEM0064,calibration,neuropathy,0,0,full,0.07045658,14.1931
ITEM0064,calibration,fatigue,0,0,full,0.07045658,14.1931
ITEM0064,calibration,pain,1,0,full,0.07045658,14.1931
ITEM0064,calibration,physical_function,1,0,full,0.07045658,14.1931
ITEM0064,calibration,swallowing,0,0,full,0.07045658,14.1931
ITEM0064,calibration,speech_voice,0,0,full,0.07045658,14.1931
ITEM0064,calibration,hearing,0,0,full,0.07045658,14.1931
ITEM0064,calibration,respiratory,0,0,full,0.07045658,14.1931
ITEM0064,calibration,bowel,1,0,full,0.07045658,14.1931
ITEM0064,calibration,urinary,1,0,full,0.07045658,14.1931
ITEM0064,calibration,sexual_reproductive,1,1,full,0.07045658,14.1931
ITEM0064,calibration,limb_lymphedema,0,0,full,0.07045658,14.1931
ITEM0064,calibration,visual,0,0,full,0.07045658,14.1931
ITEM0065,calibration,cognition,0,0,truncated,0.01091639,91.6054
ITEM0065,calibration,neuropathy,0,0,truncated,0.01091639,91.6054
ITEM0065,calibration,fatigue,0,0,truncated,0.01091639,91.6054
ITEM0065,calibration,pain,0,0,truncated,0.01091639,91.6054
ITEM0065,calibration,physical_function,0,0,truncated,0.01091639,91.6054
ITEM0065,calibration,swallowing,0,0,truncated,0.01091639,91.6054
ITEM0065,calibration,speech_voice,0,0,truncated,0.01091639,91.6054
ITEM0065,calibration,hearing,0,0,truncated,0.01091639,91.6054
ITEM0065,calibration,respiratory,0,0,truncated,0.01091639,91.6054
ITEM0065,calibration,bowel,0,0,truncated,0.01091639,91.6054
ITEM0065,calibration,urinary,0,0,truncated,0.01091639,91.6054
ITEM0065,calibration,sexual_reproductive,0,0,truncated,0.01091639,91.6054
ITEM0065,calibration,limb_lymphedema,0,0,truncated,0.01091639,91.6054
ITEM0065,calibration,visual,0,0,truncated,0.01091639,91.6054
ITEM0066,calibration,cognition,0,0,full,0.01091639,91.6054
ITEM0066,calibration,neuropathy,0,0,full,0.01091639,91.6054
ITEM0066,calibration,fatigue,0,0,full,0.01091639,91.6054
ITEM0066,calibration,pain,0,0,full,0.01091639,91.6054
ITEM0066,calibration,physical_function,0,0,full,0.01091639,91.6054
ITEM0066,calibration,swallowing,0,0,full,0.01091639,91.6054
ITEM0066,calibration,speech_voice,0,0,full,0.01091639,91.6054
ITEM0066,calibration,hearing,0,0,full,0.01091639,91.6054
ITEM0066,calibration,respiratory,0,0,full,0.01091639,91.6054
ITEM0066,calibration,bowel,0,0,full,0.01091639,91.6054
ITEM0066,calibration,urinary,0,0,full,0.01091639,91.6054
ITEM0066,calibration,sexual_reproductive,0,0,full,0.01091639,91.6054
ITEM0066,calibration,limb_lymphedema,0,0,full,0.01091639,91.6054
ITEM0066,calibration,visual,0,0,full,0.01091639,91.6054
ITEM0067,calibration,cognition,1,0,full,0.06345283,15.7597
ITEM0067,calibration,neuropathy,0,0,full,0.06345283,15.7597
ITEM0067,calibration,fatigue,1,0,full,0.06345283,15.7597
ITEM0067,calibration,pain,1,0,full,0.06345283,15.7597
ITEM0067,calibration,physical_function,0,0,full,0.06345283,15.7597
ITEM0067,calibration,swallowing,0,0,full,0.06345283,15.7597
ITEM0067,calibration,speech_voice,0,0,full,0.06345283,15.7597
ITEM0067,calibration,hearing,0,0,full,0.06345283,15.7597
ITEM0067,calibration,respiratory,1,0,full,0.06345283,15.7597
ITEM0067,calibration,bowel,1,0,full,0.06345283,15.7597
ITEM0067,calibration,urinary,0,0,full,0.06345283,15.7597
ITEM0067,calibration,sexual_reproductive,0,0,full,0.06345283,15.7597
ITEM0067,calibration,limb_lymphedema,0,0,full,0.06345283,15.7597
ITEM0067,calibration,visual,0,0,full,0.06345283,15.7597
ITEM0068,calibration,cognition,1,1,full,0.07274311,13.7470
ITEM0068,calibration,neuropathy,0,0,full,0.07274311,13.7470
ITEM0068,calibration,fatigue,1,1,full,0.07274311,13.7470
ITEM0068,calibration,pain,1,1,full,0.07274311,13.7470
ITEM0068,calibration,physical_function,1,0,full,0.07274311,13.7470
ITEM0068,calibration,swallowing,0,0,full,0.07274311,13.7470
ITEM0068,calibration,speech_voice,0,0,full,0.07274311,13.7470
ITEM0068,calibration,hearing,0,0,full,0.07274311,13.7470
ITEM0068,calibration,respiratory,1,1,full,0.07274311,13.7470
ITEM0068,calibration,bowel,1,0,full,0.07274311,13.7470
ITEM0068,calibration,urinary,0,0,full,0.07274311,13.7470
ITEM0068,calibration,sexual_reproductive,0,0,full,0.07274311,13.7470
ITEM0068,calibration,limb_lymphedema,0,0,full,0.07274311,13.7470
ITEM0068,calibration,visual,0,0,full,0.07274311,13.7470
ITEM0069,calibration,cognition,0,0,full,0.03078367,32.4848
ITEM0069,calibration,neuropathy,1,1,full,0.03078367,32.4848
ITEM0069,calibration,fatigue,0,0,full,0.03078367,32.4848
ITEM0069,calibration,pain,1,0,full,0.03078367,32.4848
ITEM0069,calibration,physical_function,0,0,full,0.03078367,32.4848
ITEM0069,calibration,swallowing,0,0,full,0.03078367,32.4848
ITEM0069,calibration,speech_voice,0,0,full,0.03078367,32.4848
ITEM0069,calibration,hearing,0,0,full,0.03078367,32.4848
ITEM0069,calibration,respiratory,0,0,full,0.03078367,32.4848
ITEM0069,calibration,bowel,0,0,full,0.03078367,32.4848
ITEM0069,calibration,urinary,0,0,full,0.03078367,32.4848
ITEM0069,calibration,sexual_reproductive,0,0,full,0.03078367,32.4848
ITEM0069,calibration,limb_lymphedema,0,0,full,0.03078367,32.4848
ITEM0069,calibration,visual,0,0,full,0.03078367,32.4848
ITEM0070,calibration,cognition,0,0,truncated,0.01091639,91.6054
ITEM0070,calibration,neuropathy,0,0,truncated,0.01091639,91.6054
ITEM0070,calibration,fatigue,0,0,truncated,0.01091639,91.6054
ITEM0070,calibration,pain,0,0,truncated,0.01091639,91.6054
ITEM0070,calibration,physical_function,0,0,truncated,0.01091639,91.6054
ITEM0070,calibration,swallowing,0,0,truncated,0.01091639,91.6054
ITEM0070,calibration,speech_voice,0,0,truncated,0.01091639,91.6054
ITEM0070,calibration,hearing,0,0,truncated,0.01091639,91.6054
ITEM0070,calibration,respiratory,0,0,truncated,0.01091639,91.6054
ITEM0070,calibration,bowel,0,0,truncated,0.01091639,91.6054
ITEM0070,calibration,urinary,0,0,truncated,0.01091639,91.6054
ITEM0070,calibration,sexual_reproductive,0,0,truncated,0.01091639,91.6054
ITEM0070,calibration,limb_lymphedema,0,0,truncated,0.01091639,91.6054
ITEM0070,calibration,visual,0,0,truncated,0.01091639,91.6054
ITEM0071,calibration,cognition,0,0,full,0.01669289,59.9057
ITEM0071,calibration,neuropathy,0,0,full,0.01669289,59.9057
ITEM0071,calibration,fatigue,1,0,full,0.01669289,59.9057
ITEM0071,calibration,pain,1,0,full,0.01669289,59.9057
ITEM0071,calibration,physical_function,0,0,full,0.01669289,59.9057
ITEM0071,calibration,swallowing,0,0,full,0.01669289,59.9057
ITEM0071,calibration,speech_voice,0,0,full,0.01669289,59.9057
ITEM0071,calibration,hearing,0,0,full,0.01669289,59.9057
ITEM0071,calibration,respiratory,0,0,full,0.01669289,59.9057
ITEM0071,calibration,bowel,0,0,full,0.01669289,59.9057
ITEM0071,calibration,urinary,0,0,full,0.01669289,59.9057
ITEM0071,calibration,sexual_reproductive,0,0,full,0.01669289,59.9057
ITEM0071,calibration,limb_lymphedema,0,0,full,0.01669289,59.9057
ITEM0071,calibration,visual,0,0,full,0.01669289,59.9057
ITEM0072,calibration,cognition,0,0,full,0.01691825,59.1078
ITEM0072,calibration,neuropathy,0,0,full,0.01691825,59.1078
ITEM0072,calibration,fatigue,0,0,full,0.01691825,59.1078
ITEM0072,calibration,pain,1,0,full,0.01691825,59.1078
ITEM0072,calibration,physical_function,1,1,full,0.01691825,59.1078
ITEM0072,calibration,swallowing,0,0,full,0.01691825,59.1078
ITEM0072,calibration,speech_voice,0,0,full,0.01691825,59.1078
ITEM0072,calibration,hearing,0,0,full,0.01691825,59.1078
ITEM0072,calibration,respiratory,0,0,full,0.01691825,59.1078
ITEM0072,calibration,bowel,0,0,full,0.01691825,59.1078
ITEM0072,calibration,urinary,0,0,full,0.01691825,59.1078
ITEM0072,calibration,sexual_reproductive,0,0,full,0.01691825,59.1078
ITEM0072,calibration,limb_lymphedema,0,0,full,0.01691825,59.1078
ITEM0072,calibration,visual,0,0,full,0.01691825,59.1078
ITEM0073,calibration,cognition,0,0,full,0.02644701,37.8115
ITEM0073,calibration,neuropathy,0,0,full,0.02644701,37.8115
ITEM0073,calibration,fatigue,1,0,full,0.02644701,37.8115
ITEM0073,calibration,pain,1,0,full,0.02644701,37.8115
ITEM0073,calibration,physical_function,1,1,full,0.02644701,37.8115
ITEM0073,calibration,swallowing,0,0,full,0.02644701,37.8115
ITEM0073,calibration,speech_voice,0,0,full,0.02644701,37.8115
ITEM0073,calibration,hearing,0,0,full,0.02644701,37.8115
ITEM0073,calibration,respiratory,0,0,full,0.02644701,37.8115
ITEM0073,calibration,bowel,0,0,full,0.02644701,37.8115
ITEM0073,calibration,urinary,0,0,full,0.02644701,37.8115
ITEM0073,calibration,sexual_reproductive,0,0,full,0.02644701,37.8115
ITEM0073,calibration,limb_lymphedema,0,0,full,0.02644701,37.8115
ITEM0073,calibration,visual,0,0,full,0.02644701,37.8115
ITEM0074,calibration,cognition,1,0,full,0.19288917,5.1843
ITEM0074,calibration,neuropathy,0,0,full,0.19288917,5.1843
ITEM0074,calibration,fatigue,1,0,full,0.19288917,5.1843
ITEM0074,calibration,pain,1,0,full,0.19288917,5.1843
ITEM0074,calibration,physical_function,0,0,full,0.19288917,5.1843
ITEM0074,calibration,swallowing,1,0,full,0.19288917,5.1843
ITEM0074,calibration,speech_voice,1,0,full,0.19288917,5.1843
ITEM0074,calibration,hearing,0,0,full,0.19288917,5.1843
ITEM0074,calibration,respiratory,1,0,full,0.19288917,5.1843
ITEM0074,calibration,bowel,1,0,full,0.19288917,5.1843
ITEM0074,calibration,urinary,0,0,full,0.19288917,5.1843
ITEM0074,calibration,sexual_reproductive,0,0,full,0.19288917,5.1843
ITEM0074,calibration,limb_lymphedema,0,0,full,0.19288917,5.1843
ITEM0074,calibration,visual,0,0,full,0.19288917,5.1843
ITEM0075,calibration,cognition,1,0,full,0.06345283,15.7597
ITEM0075,calibration,neuropathy,0,0,full,0.06345283,15.7597
ITEM0075,calibration,fatigue,1,0,full,0.06345283,15.7597
ITEM0075,calibration,pain,1,0,full,0.06345283,15.7597
ITEM0075,calibration,physical_function,0,0,full,0.06345283,15.7597
ITEM0075,calibration,swallowing,0,0,full,0.06345283,15.7597
ITEM0075,calibration,speech_voice,0,0,full,0.06345283,15.7597
ITEM0075,calibration,hearing,0,0,full,0.06345283,15.7597
ITEM0075,calibration,respiratory,1,0,full,0.06345283,15.7597
ITEM0075,calibration,bowel,1,0,full,0.06345283,15.7597
ITEM0075,calibration,urinary,0,0,full,0.06345283,15.7597
ITEM0075,calibration,sexual_reproductive,0,0,full,0.06345283,15.7597
ITEM0075,calibration,limb_lymphedema,0,0,full,0.06345283,15.7597
ITEM0075,calibration,visual,0,0,full,0.06345283,15.7597
ITEM0076,calibration,cognition,0,0,full,0.02849976,35.0880
ITEM0076,calibration,neuropathy,0,0,full,0.02849976,35.0880
ITEM0076,calibration,fatigue,0,0,full,0.02849976,35.0880
ITEM0076,calibration,pain,0,0,full,0.02849976,35.0880
ITEM0076,calibration,physical_function,0,0,full,0.02849976,35.0880
ITEM0076,calibration,swallowing,0,0,full,0.02849976,35.0880
ITEM0076,calibration,speech_voice,0,0,full,0.02849976,35.0880
ITEM0076,calibration,hearing,0,0,full,0.02849976,35.0880
ITEM0076,calibration,respiratory,0,0,full,0.02849976,35.0880
ITEM0076,calibration,bowel,0,0,full,0.02849976,35.0880
ITEM0076,calibration,urinary,0,0,full,0.02849976,35.0880
ITEM0076,calibration,sexual_reproductive,1,0,full,0.02849976,35.0880
ITEM0076,calibration,limb_lymphedema,0,0,full,0.02849976,35.0880
ITEM0076,calibration,visual,0,0,full,0.02849976,35.0880
ITEM0077,calibration,cognition,0,0,truncated,0.01091639,91.6054
ITEM0077,calibration,neuropathy,0,0,truncated,0.01091639,91.6054
ITEM0077,calibration,fatigue,0,0,truncated,0.01091639,91.6054
ITEM0077,calibration,pain,0,0,truncated,0.01091639,91.6054
ITEM0077,calibration,physical_function,0,0,truncated,0.01091639,91.6054
ITEM0077,calibration,swallowing,0,0,truncated,0.01091639,91.6054
ITEM0077,calibration,speech_voice,0,0,truncated,0.01091639,91.6054
ITEM0077,calibration,hearing,0,0,truncated,0.01091639,91.6054
ITEM0077,calibration,respiratory,0,0,truncated,0.01091639,91.6054
ITEM0077,calibration,bowel,0,0,truncated,0.01091639,91.6054
ITEM0077,calibration,urinary,0,0,truncated,0.01091639,91.6054
ITEM0077,calibration,sexual_reproductive,0,0,truncated,0.01091639,91.6054
ITEM0077,calibration,limb_lymphedema,0,0,truncated,0.01091639,91.6054
ITEM0077,calibration,visual,0,0,truncated,0.01091639,91.6054
ITEM0078,calibration,cognition,0,0,full,0.30488858,3.2799
ITEM0078,calibration,neuropathy,0,0,full,0.30488858,3.2799
ITEM0078,calibration,fatigue,0,0,full,0.30488858,3.2799
ITEM0078,calibration,pain,1,1,full,0.30488858,3.2799
ITEM0078,calibration,physical_function,1,0,full,0.30488858,3.2799
ITEM0078,calibration,swallowing,0,0,full,0.30488858,3.2799
ITEM0078,calibration,speech_voice,0,0,full,0.30488858,3.2799
ITEM0078,calibration,hearing,1,0,full,0.30488858,3.2799
ITEM0078,calibration,respiratory,0,0,full,0.30488858,3.2799
ITEM0078,calibration,bowel,0,0,full,0.30488858,3.2799
ITEM0078,calibration,urinary,0,0,full,0.30488858,3.2799
ITEM0078,calibration,sexual_reproductive,0,0,full,0.30488858,3.2799
ITEM0078,calibration,limb_lymphedema,0,0,full,0.30488858,3.2799
ITEM0078,calibration,visual,1,0,full,0.30488858,3.2799
ITEM0079,calibration,cognition,0,0,full,0.01669289,59.9057
ITEM0079,calibration,neuropathy,0,0,full,0.01669289,59.9057
ITEM0079,calibration,fatigue,1,0,full,0.01669289,59.9057
ITEM0079,calibration,pain,1,0,full,0.01669289,59.9057
ITEM0079,calibration,physical_function,0,0,full,0.01669289,59.9057
ITEM0079,calibration,swallowing,0,0,full,0.01669289,59.9057
ITEM0079,calibration,speech_voice,0,0,full,0.01669289,59.9057
ITEM0079,calibration,hearing,0,0,full,0.01669289,59.9057
ITEM0079,calibration,respiratory,0,0,full,0.01669289,59.9057
ITEM0079,calibration,bowel,0,0,full,0.01669289,59.9057
ITEM0079,calibration,urinary,0,0,full,0.01669289,59.9057
ITEM0079,calibration,sexual_reproductive,0,0,full,0.01669289,59.9057
ITEM0079,calibration,limb_lymphedema,0,0,full,0.01669289,59.9057
ITEM0079,calibration,visual,0,0,full,0.01669289,59.9057
ITEM0080,calibration,cognition,0,0,truncated,0.01091639,91.6054
ITEM0080,calibration,neuropathy,0,0,truncated,0.01091639,91.6054
ITEM0080,calibration,fatigue,0,0,truncated,0.01091639,91.6054
ITEM0080,calibration,pain,0,0,truncated,0.01091639,91.6054
ITEM0080,calibration,physical_function,0,0,truncated,0.01091639,91.6054
ITEM0080,calibration,swallowing,0,0,truncated,0.01091639,91.6054
ITEM0080,calibration,speech_voice,0,0,truncated,0.01091639,91.6054
ITEM0080,calibration,hearing,0,0,truncated,0.01091639,91.6054
ITEM0080,calibration,respiratory,0,0,truncated,0.01091639,91.6054
ITEM0080,calibration,bowel,0,0,truncated,0.01091639,91.6054
ITEM0080,calibration,urinary,0,0,truncated,0.01091639,91.6054
ITEM0080,calibration,sexual_reproductive,0,0,truncated,0.01091639,91.6054
ITEM0080,calibration,limb_lymphedema,0,0,truncated,0.01091639,91.6054
ITEM0080,calibration,visual,0,0,truncated,0.01091639,91.6054
ITEM0081,calibration,cognition,0,0,full,0.01091639,91.6054
ITEM0081,calibration,neuropathy,0,0,full,0.01091639,91.6054
ITEM0081,calibration,fatigue,0,0,full,0.01091639,91.6054
ITEM0081,calibration,pain,0,0,full,0.01091639,91.6054
ITEM0081,calibration,physical_function,0,0,full,0.01091639,91.6054
ITEM0081,calibration,swallowing,0,0,full,0.01091639,91.6054
ITEM0081,calibration,speech_voice,0,0,full,0.01091639,91.6054
ITEM0081,calibration,hearing,0,0,full,0.01091639,91.6054
ITEM0081,calibration,respiratory,0,0,full,0.01091639,91.6054
ITEM0081,calibration,bowel,0,0,full,0.01091639,91.6054
ITEM0081,calibration,urinary,0,0,full,0.01091639,91.6054
ITEM0081,calibration,sexual_reproductive,0,0,full,0.01091639,91.6054
ITEM0081,calibration,limb_lymphedema,0,0,full,0.01091639,91.6054
ITEM0081,calibration,visual,0,0,full,0.01091639,91.6054
ITEM0082,calibration,cognition,0,0,full,0.28826664,3.4690
ITEM0082,calibration,neuropathy,0,0,full,0.28826664,3.4690
ITEM0082,calibration,fatigue,0,0,full,0.28826664,3.4690
ITEM0082,calibration,pain,0,0,full,0.28826664,3.4690
ITEM0082,calibration,physical_function,0,0,full,0.28826664,3.4690
ITEM0082,calibration,swallowing,0,0,full,0.28826664,3.4690
ITEM0082,calibration,speech_voice,1,0,full,0.28826664,3.4690
ITEM0082,calibration,hearing,1,0,full,0.28826664,3.4690
ITEM0082,calibration,respiratory,0,0,full,0.28826664,3.4690
ITEM0082,calibration,bowel,0,0,full,0.28826664,3.4690
ITEM0082,calibration,urinary,0,0,full,0.28826664,3.4690
ITEM0082,calibration,sexual_reproductive,0,0,full,0.28826664,3.4690
ITEM0082,calibration,limb_lymphedema,0,0,full,0.28826664,3.4690
ITEM0082,calibration,visual,0,0,full,0.28826664,3.4690
ITEM0083,calibration,cognition,0,0,full,0.03929281,25.4499
ITEM0083,calibration,neuropathy,0,0,full,0.03929281,25.4499
ITEM0083,calibration,fatigue,1,1,full,0.03929281,25.4499
ITEM0083,calibration,pain,1,0,full,0.03929281,25.4499
ITEM0083,calibration,physical_function,0,0,full,0.03929281,25.4499
ITEM0083,calibration,swallowing,0,0,full,0.03929281,25.4499
ITEM0083,calibration,speech_voice,0,0,full,0.03929281,25.4499
ITEM0083,calibration,hearing,0,0,full,0.03929281,25.4499
ITEM0083,calibration,respiratory,1,1,full,0.03929281,25.4499
ITEM0083,calibration,bowel,0,0,full,0.03929281,25.4499
ITEM0083,calibration,urinary,0,0,full,0.03929281,25.4499
ITEM0083,calibration,sexual_reproductive,0,0,full,0.03929281,25.4499
ITEM0083,calibration,limb_lymphedema,0,0,full,0.03929281,25.4499
ITEM0083,calibration,visual,0,0,full,0.03929281,25.4499
ITEM0084,calibration,cognition,0,0,truncated,0.01669289,59.9057
ITEM0084,calibration,neuropathy,0,0,truncated,0.01669289,59.9057
ITEM0084,calibration,fatigue,1,1,truncated,0.01669289,59.9057
ITEM0084,calibration,pain,1,1,truncated,0.01669289,59.9057
ITEM0084,calibration,physical_function,0,0,truncated,0.01669289,59.9057
ITEM0084,calibration,swallowing,0,0,truncated,0.01669289,59.9057
ITEM0084,calibration,speech_voice,0,0,truncated,0.01669289,59.9057
ITEM0084,calibration,hearing,0,0,truncated,0.01669289,59.9057
ITEM0084,calibration,respiratory,0,0,truncated,0.01669289,59.9057
ITEM0084,calibration,bowel,0,0,truncated,0.01669289,59.9057
ITEM0084,calibration,urinary,0,0,truncated,0.01669289,59.9057
ITEM0084,calibration,sexual_reproductive,0,0,truncated,0.01669289,59.9057
ITEM0084,calibration,limb_lymphedema,0,0,truncated,0.01669289,59.9057
ITEM0084,calibration,visual,0,0,truncated,0.01669289,59.9057
ITEM0085,calibration,cognition,0,0,full,0.03821489,26.1678
ITEM0085,calibration,neuropathy,0,0,full,0.03821489,26.1678
ITEM0085,calibration,fatigue,0,0,full,0.03821489,26.1678
ITEM0085,calibration,pain,0,0,full,0.03821489,26.1678
ITEM0085,calibration,physical_function,0,0,full,0.03821489,26.1678
ITEM0085,calibration,swallowing,1,0,full,0.03821489,26.1678
ITEM0085,calibration,speech_voice,0,0,full,0.03821489,26.1678
ITEM0085,calibration,hearing,0,0,full,0.03821489,26.1678
ITEM0085,calibration,respiratory,0,0,full,0.03821489,26.1678
ITEM0085,calibration,bowel,0,0,full,0.03821489,26.1678
ITEM0085,calibration,urinary,0,0,full,0.03821489,26.1678
ITEM0085,calibration,sexual_reproductive,0,0,full,0.03821489,26.1678
ITEM0085,calibration,limb_lymphedema,0,0,full,0.03821489,26.1678
ITEM0085,calibration,visual,0,0,full,0.03821489,26.1678
ITEM0086,calibration,cognition,1,0,full,0.07417636,13.4814
ITEM0086,calibration,neuropathy,0,0,full,0.07417636,13.4814
ITEM0086,calibration,fatigue,1,0,full,0.07417636,13.4814
ITEM0086,calibration,pain,1,0,full,0.07417636,13.4814
ITEM0086,calibration,physical_function,1,0,full,0.07417636,13.4814
ITEM0086,calibration,swallowing,1,0,full,0.07417636,13.4814
ITEM0086,calibration,speech_voice,0,0,full,0.07417636,13.4814
ITEM0086,calibration,hearing,0,0,full,0.07417636,13.4814
ITEM0086,calibration,respiratory,0,0,full,0.07417636,13.4814
ITEM0086,calibration,bowel,0,0,full,0.07417636,13.4814
ITEM0086,calibration,urinary,0,0,full,0.07417636,13.4814
ITEM0086,calibration,sexual_reproductive,0,0,full,0.07417636,13.4814
ITEM0086,calibration,limb_lymphedema,0,0,full,0.07417636,13.4814
ITEM0086,calibration,visual,0,0,full,0.07417636,13.4814
ITEM0087,calibration,cognition,0,0,full,0.01091639,91.6054
ITEM0087,calibration,neuropathy,0,0,full,0.01091639,91.6054
ITEM0087,calibration,fatigue,0,0,full,0.01091639,91.6054
ITEM0087,calibration,pain,0,0,full,0.01091639,91.6054
ITEM0087,calibration,physical_function,0,0,full,0.01091639,91.6054
ITEM0087,calibration,swallowing,0,0,full,0.01091639,91.6054
ITEM0087,calibration,speech_voice,0,0,full,0.01091639,91.6054
ITEM0087,calibration,hearing,0,0,full,0.01091639,91.6054
ITEM0087,calibration,respiratory,0,0,full,0.01091639,91.6054
ITEM0087,calibration,bowel,0,0,full,0.01091639,91.6054
ITEM0087,calibration,urinary,0,0,full,0.01091639,91.6054
ITEM0087,calibration,sexual_reproductive,0,0,full,0.01091639,91.6054
ITEM0087,calibration,limb_lymphedema,0,0,full,0.01091639,91.6054
ITEM0087,calibration,visual,0,0,full,0.01091639,91.6054
ITEM0088,calibration,cognition,0,0,full,0.01091639,91.6054
ITEM0088,calibration,neuropathy,0,0,full,0.01091639,91.6054
ITEM0088,calibration,fatigue,0,0,full,0.01091639,91.6054
ITEM0088,calibration,pain,0,0,full,0.01091639,91.6054
ITEM0088,calibration,physical_function,0,0,full,0.01091639,91.6054
ITEM0088,calibration,swallowing,0,0,full,0.01091639,91.6054
ITEM0088,calibration,speech_voice,0,0,full,0.01091639,91.6054
ITEM0088,calibration,hearing,0,0,full,0.01091639,91.6054
ITEM0088,calibration,respiratory,0,0,full,0.01091639,91.6054
ITEM0088,calibration,bowel,0,0,full,0.01091639,91.6054
ITEM0088,calibration,urinary,0,0,full,0.01091639,91.6054
ITEM0088,calibration,sexual_reproductive,0,0,full,0.01091639,91.6054
ITEM0088,calibration,limb_lymphedema,0,0,full,0.01091639,91.6054
ITEM0088,calibration,visual,0,0,full,0.01091639,91.6054
ITEM0089,calibration,cognition,0,0,full,0.01924085,51.9728
ITEM0089,calibration,neuropathy,0,0,full,0.01924085,51.9728
ITEM0089,calibration,fatigue,0,0,full,0.01924085,51.9728
ITEM0089,calibration,pain,0,0,full,0.01924085,51.9728
ITEM0089,calibration,physical_function,0,0,full,0.01924085,51.9728
ITEM0089,calibration,swallowing,0,0,full,0.01924085,51.9728
ITEM0089,calibration,speech_voice,0,0,full,0.01924085,51.9728
ITEM0089,calibration,hearing,0,0,full,0.01924085,51.9728
ITEM0089,calibration,respiratory,0,0,full,0.01924085,51.9728
ITEM0089,calibration,bowel,0,0,full,0.01924085,51.9728
ITEM0089,calibration,urinary,1,0,full,0.01924085,51.9728
ITEM0089,calibration,sexual_reproductive,0,0,full,0.01924085,51.9728
ITEM0089,calibration,limb_lymphedema,0,0,full,0.01924085,51.9728
ITEM0089,calibration,visual,0,0,full,0.01924085,51.9728
ITEM0090,calibration,cognition,0,0,full,0.04512277,22.1618
ITEM0090,calibration,neuropathy,0,0,full,0.04512277,22.1618
ITEM0090,calibration,fatigue,0,0,full,0.04512277,22.1618
ITEM0090,calibration,pain,0,0,full,0.04512277,22.1618
ITEM0090,calibration,physical_function,0,0,full,0.04512277,22.1618
ITEM0090,calibration,swallowing,0,0,full,0.04512277,22.1618
ITEM0090,calibration,speech_voice,0,0,full,0.04512277,22.1618
ITEM0090,calibration,hearing,0,0,full,0.04512277,22.1618
ITEM0090,calibration,respiratory,0,0,full,0.04512277,22.1618
ITEM0090,calibration,bowel,0,0,full,0.04512277,22.1618
ITEM0090,calibration,urinary,1,0,full,0.04512277,22.1618
ITEM0090,calibration,sexual_reproductive,1,1,full,0.04512277,22.1618
ITEM0090,calibration,limb_lymphedema,0,0,full,0.04512277,22.1618
ITEM0090,calibration,visual,0,0,full,0.04512277,22.1618
ITEM0091,calibration,cognition,0,0,full,0.02644701,37.8115
ITEM0091,calibration,neuropathy,0,0,full,0.02644701,37.8115
ITEM0091,calibration,fatigue,1,0,full,0.02644701,37.8115
ITEM0091,calibration,pain,1,0,full,0.02644701,37.8115
ITEM0091,calibration,physical_function,1,0,full,0.02644701,37.8115
ITEM0091,calibration,swallowing,0,0,full,0.02644701,37.8115
ITEM0091,calibration,speech_voice,0,0,full,0.02644701,37.8115
ITEM0091,calibration,hearing,0,0,full,0.02644701,37.8115
ITEM0091,calibration,respiratory,0,0,full,0.02644701,37.8115
ITEM0091,calibration,bowel,0,0,full,0.02644701,37.8115
ITEM0091,calibration,urinary,0,0,full,0.02644701,37.8115
ITEM0091,calibration,sexual_reproductive,0,0,full,0.02644701,37.8115
ITEM0091,calibration,limb_lymphedema,0,0,full,0.02644701,37.8115
ITEM0091,calibration,visual,0,0,full,0.02644701,37.8115
ITEM0092,calibration,cognition,0,0,full,0.11560524,8.6501
ITEM0092,calibration,neuropathy,0,0,full,0.11560524,8.6501
ITEM0092,calibration,fatigue,0,0,full,0.11560524,8.6501
ITEM0092,calibration,pain,0,0,full,0.11560524,8.6501
ITEM0092,calibration,physical_function,0,0,full,0.11560524,8.6501
ITEM0092,calibration,swallowing,0,0,full,0.11560524,8.6501
ITEM0092,calibration,speech_voice,0,0,full,0.11560524,8.6501
ITEM0092,calibration,hearing,0,0,full,0.11560524,8.6501
ITEM0092,calibration,respiratory,0,0,full,0.11560524,8.6501
ITEM0092,calibration,bowel,0,0,full,0.11560524,8.6501
ITEM0092,calibration,urinary,0,0,full,0.11560524,8.6501
ITEM0092,calibration,sexual_reproductive,0,0,full,0.11560524,8.6501
ITEM0092,calibration,limb_lymphedema,0,0,full,0.11560524,8.6501
ITEM0092,calibration,visual,1,1,full,0.11560524,8.6501
ITEM0093,calibration,cognition,0,0,full,0.06016480,16.6210
ITEM0093,calibration,neuropathy,0,0,full,0.06016480,16.6210
ITEM0093,calibration,fatigue,1,0,full,0.06016480,16.6210
ITEM0093,calibration,pain,1,0,full,0.06016480,16.6210
ITEM0093,calibration,physical_function,1,0,full,0.06016480,16.6210
ITEM0093,calibration,swallowing,0,0,full,0.06016480,16.6210
ITEM0093,calibration,speech_voice,0,0,full,0.06016480,16.6210
ITEM0093,calibration,hearing,0,0,full,0.06016480,16.6210
ITEM0093,calibration,respiratory,1,0,full,0.06016480,16.6210
ITEM0093,calibration,bowel,1,0,full,0.06016480,16.6210
ITEM0093,calibration,urinary,0,0,full,0.06016480,16.6210
ITEM0093,calibration,sexual_reproductive,0,0,full,0.06016480,16.6210
ITEM0093,calibration,limb_lymphedema,0,0,full,0.06016480,16.6210
ITEM0093,calibration,visual,0,0,full,0.06016480,16.6210
ITEM0094,calibration,cognition,0,0,full,0.05243297,19.0720
ITEM0094,calibration,neuropathy,0,0,full,0.05243297,19.0720
ITEM0094,calibration,fatigue,0,0,full,0.05243297,19.0720
ITEM0094,calibration,pain,1,0,full,0.05243297,19.0720
ITEM0094,calibration,physical_function,1,0,full,0.05243297,19.0720
ITEM0094,calibration,swallowing,1,0,full,0.05243297,19.0720
ITEM0094,calibration,speech_voice,0,0,full,0.05243297,19.0720
ITEM0094,calibration,hearing,0,0,full,0.05243297,19.0720
ITEM0094,calibration,respiratory,0,0,full,0.05243297,19.0720
ITEM0094,calibration,bowel,0,0,full,0.05243297,19.0720
ITEM0094,calibration,urinary,0,0,full,0.05243297,19.0720
ITEM0094,calibration,sexual_reproductive,0,0,full,0.05243297,19.0720
ITEM0094,calibration,limb_lymphedema,0,0,full,0.05243297,19.0720
ITEM0094,calibration,visual,0,0,full,0.05243297,19.0720
ITEM0095,calibration,cognition,0,0,full,0.01091639,91.6054
ITEM0095,calibration,neuropathy,0,0,full,0.01091639,91.6054
ITEM0095,calibration,fatigue,0,0,full,0.01091639,91.6054
ITEM0095,calibration,pain,0,0,full,0.01091639,91.6054
ITEM0095,calibration,physical_function,0,0,full,0.01091639,91.6054
ITEM0095,calibration,swallowing,0,0,full,0.01091639,91.6054
ITEM0095,calibration,speech_voice,0,0,full,0.01091639,91.6054
ITEM0095,calibration,hearing,0,0,full,0.01091639,91.6054
ITEM0095,calibration,respiratory,0,0,full,0.01091639,91.6054
ITEM0095,calibration,bowel,0,0,full,0.01091639,91.6054
ITEM0095,calibration,urinary,0,0,full,0.01091639,91.6054
ITEM0095,calibration,sexual_reproductive,0,0,full,0.01091639,91.6054
ITEM0095,calibration,limb_lymphedema,0,0,full,0.01091639,91.6054
ITEM0095,calibration,visual,0,0,full,0.01091639,91.6054
ITEM0096,calibration,cognition,0,0,full,0.01091639,91.6054
ITEM0096,calibration,neuropathy,0,0,full,0.01091639,91.6054
ITEM0096,calibration,fatigue,0,0,full,0.01091639,91.6054
ITEM0096,calibration,pain,0,0,full,0.01091639,91.6054
ITEM0096,calibration,physical_function,0,0,full,0.01091639,91.6054
ITEM0096,calibration,swallowing,0,0,full,0.01091639,91.6054
ITEM0096,calibration,speech_voice,0,0,full,0.01091639,91.6054
ITEM0096,calibration,hearing,0,0,full,0.01091639,91.6054
ITEM0096,calibration,respiratory,0,0,full,0.01091639,91.6054
ITEM0096,calibration,bowel,0,0,full,0.01091639,91.6054
ITEM0096,calibration,urinary,0,0,full,0.01091639,91.6054
ITEM0096,calibration,sexual_reproductive,0,0,full,0.01091639,91.6054
ITEM0096,calibration,limb_lymphedema,0,0,full,0.01091639,91.6054
ITEM0096,calibration,visual,0,0,full,0.01091639,91.6054
ITEM0097,calibration,cognition,1,0,full,0.06345283,15.7597
ITEM0097,calibration,neuropathy,0,0,full,0.06345283,15.7597
ITEM0097,calibration,fatigue,1,0,full,0.06345283,15.7597
ITEM0097,calibration,pain,1,0,full,0.06345283,15.7597
ITEM0097,calibration,physical_function,0,0,full,0.06345283,15.7597
ITEM0097,calibration,swallowing,0,0,full,0.06345283,15.7597
ITEM0097,calibration,speech_voice,0,0,full,0.06345283,15.7597
ITEM0097,calibration,hearing,0,0,full,0.06345283,15.7597
ITEM0097,calibration,respiratory,1,0,full,0.06345283,15.7597
ITEM0097,calibration,bowel,1,0,full,0.06345283,15.7597
ITEM0097,calibration,urinary,0,0,full,0.06345283,15.7597
ITEM0097,calibration,sexual_reproductive,0,0,full,0.06345283,15.7597
ITEM0097,calibration,limb_lymphedema,0,0,full,0.06345283,15.7597
ITEM0097,calibration,visual,0,0,full,0.06345283,15.7597
ITEM0098,calibration,cognition,0,0,full,0.01091639,91.6054
ITEM0098,calibration,neuropathy,0,0,full,0.01091639,91.6054
ITEM0098,calibration,fatigue,0,0,full,0.01091639,91.6054
ITEM0098,calibration,pain,0,0,full,0.01091639,91.6054
ITEM0098,calibration,physical_function,0,0,full,0.01091639,91.6054
ITEM0098,calibration,swallowing,0,0,full,0.01091639,91.6054
ITEM0098,calibration,speech_voice,0,0,full,0.01091639,91.6054
ITEM0098,calibration,hearing,0,0,full,0.01091639,91.6054
ITEM0098,calibration,respiratory,0,0,full,0.01091639,91.6054
ITEM0098,calibration,bowel,0,0,full,0.01091639,91.6054
ITEM0098,calibration,urinary,0,0,full,0.01091639,91.6054
ITEM0098,calibration,sexual_reproductive,0,0,full,0.01091639,91.6054
ITEM0098,calibration,limb_lymphedema,0,0,full,0.01091639,91.6054
ITEM0098,calibration,visual,0,0,full,0.01091639,91.6054
ITEM0099,calibration,cognition,1,0,full,0.07274311,13.7470
ITEM0099,calibration,neuropathy,0,0,full,0.07274311,13.7470
ITEM0099,calibration,fatigue,1,0,full,0.07274311,13.7470
ITEM0099,calibration,pain,1,0,full,0.07274311,13.7470
ITEM0099,calibration,physical_function,1,0,full,0.07274311,13.7470
ITEM0099,calibration,swallowing,0,0,full,0.07274311,13.7470
ITEM0099,calibration,speech_voice,0,0,full,0.07274311,13.7470
ITEM0099,calibration,hearing,0,0,full,0.07274311,13.7470
ITEM0099,calibration,respiratory,1,0,full,0.07274311,13.7470
ITEM0099,calibration,bowel,1,0,full,0.07274311,13.7470
ITEM0099,calibration,urinary,0,0,full,0.07274311,13.7470
ITEM0099,calibration,sexual_reproductive,0,0,full,0.07274311,13.7470
ITEM0099,calibration,limb_lymphedema,0,0,full,0.07274311,13.7470
ITEM0099,calibration,visual,0,0,full,0.07274311,13.7470
ITEM0100,calibration,cognition,0,0,truncated,0.01406566,71.0951
ITEM0100,calibration,neuropathy,0,0,truncated,0.01406566,71.0951
ITEM0100,calibration,fatigue,0,0,truncated,0.01406566,71.0951
ITEM0100,calibration,pain,0,0,truncated,0.01406566,71.0951
ITEM0100,calibration,physical_function,0,0,truncated,0.01406566,71.0951
ITEM0100,calibration,swallowing,0,0,truncated,0.01406566,71.0951
ITEM0100,calibration,speech_voice,0,0,truncated,0.01406566,71.0951
ITEM0100,calibration,hearing,0,0,truncated,0.01406566,71.0951
ITEM0100,calibration,respiratory,0,0,truncated,0.01406566,71.0951
ITEM0100,calibration,bowel,1,0,truncated,0.01406566,71.0951
ITEM0100,calibration,urinary,0,0,truncated,0.01406566,71.0951
ITEM0100,calibration,sexual_reproductive,0,0,truncated,0.01406566,71.0951
ITEM0100,calibration,limb_lymphedema,0,0,truncated,0.01406566,71.0951
ITEM0100,calibration,visual,0,0,truncated,0.01406566,71.0951
ITEM0101,calibration,cognition,0,0,full,0.04512277,22.1618
ITEM0101,calibration,neuropathy,0,0,full,0.04512277,22.1618
ITEM0101,calibration,fatigue,0,0,full,0.04512277,22.1618
ITEM0101,calibration,pain,0,0,full,0.04512277,22.1618
ITEM0101,calibration,physical_function,0,0,full,0.04512277,22.1618
ITEM0101,calibration,swallowing,0,0,full,0.04512277,22.1618
ITEM0101,calibration,speech_voice,0,0,full,0.04512277,22.1618
ITEM0101,calibration,hearing,0,0,full,0.04512277,22.1618
ITEM0101,calibration,respiratory,0,0,full,0.04512277,22.1618
ITEM0101,calibration,bowel,0,0,full,0.04512277,22.1618
ITEM0101,calibration,urinary,1,1,full,0.04512277,22.1618
ITEM0101,calibration,sexual_reproductive,1,1,full,0.04512277,22.1618
ITEM0101,calibration,limb_lymphedema,0,0,full,0.04512277,22.1618
ITEM0101,calibration,visual,0,0,full,0.04512277,22.1618
ITEM0102,calibration,cognition,0,0,full,0.01091639,91.6054
ITEM0102,calibration,neuropathy,0,0,full,0.01091639,91.6054
ITEM0102,calibration,fatigue,0,0,full,0.01091639,91.6054
ITEM0102,calibration,pain,0,0,full,0.01091639,91.6054
ITEM0102,calibration,physical_function,0,0,full,0.01091639,91.6054
ITEM0102,calibration,swallowing,0,0,full,0.01091639,91.6054
ITEM0102,calibration,speech_voice,0,0,full,0.01091639,91.6054
ITEM0102,calibration,hearing,0,0,full,0.01091639,91.6054
ITEM0102,calibration,respiratory,0,0,full,0.01091639,91.6054
ITEM0102,calibration,bowel,0,0,full,0.01091639,91.6054
ITEM0102,calibration,urinary,0,0,full,0.01091639,91.6054
ITEM0102,calibration,sexual_reproductive,0,0,full,0.01091639,91.6054
ITEM0102,calibration,limb_lymphedema,0,0,full,0.01091639,91.6054
ITEM0102,calibration,visual,0,0,full,0.01091639,91.6054
ITEM0103,calibration,cognition,0,0,full,0.12902015,7.7507
ITEM0103,calibration,neuropathy,1,0,full,0.12902015,7.7507
ITEM0103,calibration,fatigue,0,0,full,0.12902015,7.7507
ITEM0103,calibration,pain,1,0,full,0.12902015,7.7507
ITEM0103,calibration,physical_function,1,0,full,0.12902015,7.7507
ITEM0103,calibration,swallowing,0,0,full,0.12902015,7.7507
ITEM0103,calibration,speech_voice,0,0,full,0.12902015,7.7507
ITEM0103,calibration,hearing,0,0,full,0.12902015,7.7507
ITEM0103,calibration,respiratory,0,0,full,0.12902015,7.7507
ITEM0103,calibration,bowel,0,0,full,0.12902015,7.7507
ITEM0103,calibration,urinary,0,0,full,0.12902015,7.7507
ITEM0103,calibration,sexual_reproductive,1,0,full,0.12902015,7.7507
ITEM0103,calibration,limb_lymphedema,1,0,full,0.12902015,7.7507
ITEM0103,calibration,visual,0,0,full,0.12902015,7.7507
ITEM0104,calibration,cognition,0,0,full,0.01206549,82.8810
ITEM0104,calibration,neuropathy,0,0,full,0.01206549,82.8810
ITEM0104,calibration,fatigue,0,0,full,0.01206549,82.8810
ITEM0104,calibration,pain,0,0,full,0.01206549,82.8810
ITEM0104,calibration,physical_function,1,1,full,0.01206549,82.8810
ITEM0104,calibration,swallowing,0,0,full,0.01206549,82.8810
ITEM0104,calibration,speech_voice,0,0,full,0.01206549,82.8810
ITEM0104,calibration,hearing,0,0,full,0.01206549,82.8810
ITEM0104,calibration,respiratory,0,0,full,0.01206549,82.8810
ITEM0104,calibration,bowel,0,0,full,0.01206549,82.8810
ITEM0104,calibration,urinary,0,0,full,0.01206549,82.8810
ITEM0104,calibration,sexual_reproductive,0,0,full,0.01206549,82.8810
ITEM0104,calibration,limb_lymphedema,0,0,full,0.01206549,82.8810
ITEM0104,calibration,visual,0,0,full,0.01206549,82.8810
ITEM0105,calibration,cognition,0,0,full,0.03821489,26.1678
ITEM0105,calibration,neuropathy,0,0,full,0.03821489,26.1678
ITEM0105,calibration,fatigue,0,0,full,0.03821489,26.1678
ITEM0105,calibration,pain,0,0,full,0.03821489,26.1678
ITEM0105,calibration,physical_function,0,0,full,0.03821489,26.1678
ITEM0105,calibration,swallowing,1,0,full,0.03821489,26.1678
ITEM0105,calibration,speech_voice,0,0,full,0.03821489,26.1678
ITEM0105,calibration,hearing,0,0,full,0.03821489,26.1678
ITEM0105,calibration,respiratory,0,0,full,0.03821489,26.1678
ITEM0105,calibration,bowel,0,0,full,0.03821489,26.1678
ITEM0105,calibration,urinary,0,0,full,0.03821489,26.1678
ITEM0105,calibration,sexual_reproductive,0,0,full,0.03821489,26.1678
ITEM0105,calibration,limb_lymphedema,0,0,full,0.03821489,26.1678
ITEM0105,calibration,visual,0,0,full,0.03821489,26.1678
ITEM0106,calibration,cognition,0,0,full,0.01691825,59.1078
ITEM0106,calibration,neuropathy,0,0,full,0.01691825,59.1078
ITEM0106,calibration,fatigue,0,0,full,0.01691825,59.1078
ITEM0106,calibration,pain,1,1,full,0.01691825,59.1078
ITEM0106,calibration,physical_function,1,0,full,0.01691825,59.1078
ITEM0106,calibration,swallowing,0,0,full,0.01691825,59.1078
ITEM0106,calibration,speech_voice,0,0,full,0.01691825,59.1078
ITEM0106,calibration,hearing,0,0,full,0.01691825,59.1078
ITEM0106,calibration,respiratory,0,0,full,0.01691825,59.1078
ITEM0106,calibration,bowel,0,0,full,0.01691825,59.1078
ITEM0106,calibration,urinary,0,0,full,0.01691825,59.1078
ITEM0106,calibration,sexual_reproductive,0,0,full,0.01691825,59.1078
ITEM0106,calibration,limb_lymphedema,0,0,full,0.01691825,59.1078
ITEM0106,calibration,visual,0,0,full,0.01691825,59.1078
ITEM0107,calibration,cognition,0,0,full,0.04753722,21.0361
ITEM0107,calibration,neuropathy,0,0,full,0.04753722,21.0361
ITEM0107,calibration,fatigue,1,0,full,0.04753722,21.0361
ITEM0107,calibration,pain,0,0,full,0.04753722,21.0361
ITEM0107,calibration,physical_function,0,0,full,0.04753722,21.0361
ITEM0107,calibration,swallowing,1,0,full,0.04753722,21.0361
ITEM0107,calibration,speech_voice,0,0,full,0.04753722,21.0361
ITEM0107,calibration,hearing,0,0,full,0.04753722,21.0361
ITEM0107,calibration,respiratory,0,0,full,0.04753722,21.0361
ITEM0107,calibration,bowel,0,0,full,0.04753722,21.0361
ITEM0107,calibration,urinary,0,0,full,0.04753722,21.0361
ITEM0107,calibration,sexual_reproductive,0,0,full,0.04753722,21.0361
ITEM0107,calibration,limb_lymphedema,0,0,full,0.04753722,21.0361
ITEM0107,calibration,visual,0,0,full,0.04753722,21.0361
ITEM0108,calibration,cognition,0,0,full,0.01091639,91.6054
ITEM0108,calibration,neuropathy,0,0,full,0.01091639,91.6054
ITEM0108,calibration,fatigue,0,0,full,0.01091639,91.6054
ITEM0108,calibration,pain,0,0,full,0.01091639,91.6054
ITEM0108,calibration,physical_function,0,0,full,0.01091639,91.6054
ITEM0108,calibration,swallowing,0,0,full,0.01091639,91.6054
ITEM0108,calibration,speech_voice,0,0,full,0.01091639,91.6054
ITEM0108,calibration,hearing,0,0,full,0.01091639,91.6054
ITEM0108,calibration,respiratory,0,0,full,0.01091639,91.6054
ITEM0108,calibration,bowel,0,0,full,0.01091639,91.6054
ITEM0108,calibration,urinary,0,0,full,0.01091639,91.6054
ITEM0108,calibration,sexual_reproductive,0,0,full,0.01091639,91.6054
ITEM0108,calibration,limb_lymphedema,0,0,full,0.01091639,91.6054
ITEM0108,calibration,visual,0,0,full,0.01091639,91.6054
ITEM0109,calibration,cognition,0,0,full,0.01091639,91.6054
ITEM0109,calibration,neuropathy,0,0,full,0.01091639,91.6054
ITEM0109,calibration,fatigue,0,0,full,0.01091639,91.6054
ITEM0109,calibration,pain,0,0,full,0.01091639,91.6054
ITEM0109,calibration,physical_function,0,0,full,0.01091639,91.6054
ITEM0109,calibration,swallowing,0,0,full,0.01091639,91.6054
ITEM0109,calibration,speech_voice,0,0,full,0.01091639,91.6054
ITEM0109,calibration,hearing,0,0,full,0.01091639,91.6054
ITEM0109,calibration,respiratory,0,0,full,0.01091639,91.6054
ITEM0109,calibration,bowel,0,0,full,0.01091639,91.6054
ITEM0109,calibration,urinary,0,0,full,0.01091639,91.6054
ITEM0109,calibration,sexual_reproductive,0,0,full,0.01091639,91.6054
ITEM0109,calibration,limb_lymphedema,0,0,full,0.01091639,91.6054
ITEM0109,calibration,visual,0,0,full,0.01091639,91.6054
ITEM0110,calibration,cognition,0,0,full,0.01091639,91.6054
ITEM0110,calibration,neuropathy,0,0,full,0.01091639,91.6054
ITEM0110,calibration,fatigue,0,0,full,0.01091639,91.6054
ITEM0110,calibration,pain,0,0,full,0.01091639,91.6054
ITEM0110,calibration,physical_function,0,0,full,0.01091639,91.6054
ITEM0110,calibration,swallowing,0,0,full,0.01091639,91.6054
ITEM0110,calibration,speech_voice,0,0,full,0.01091639,91.6054
ITEM0110,calibration,hearing,0,0,full,0.01091639,91.6054
ITEM0110,calibration,respiratory,0,0,full,0.01091639,91.6054
ITEM0110,calibration,bowel,0,0,full,0.01091639,91.6054
ITEM0110,calibration,urinary,0,0,full,0.01091639,91.6054
ITEM0110,calibration,sexual_reproductive,0,0,full,0.01091639,91.6054
ITEM0110,calibration,limb_lymphedema,0,0,full,0.01091639,91.6054
ITEM0110,calibration,visual,0,0,full,0.01091639,91.6054
ITEM0111,calibration,cognition,1,1,full,0.17847923,5.6029
ITEM0111,calibration,neuropathy,1,0,full,0.17847923,5.6029
ITEM0111,calibration,fatigue,1,1,full,0.17847923,5.6029
ITEM0111,calibration,pain,1,1,full,0.17847923,5.6029
ITEM0111,calibration,physical_function,1,1,full,0.17847923,5.6029
ITEM0111,calibration,swallowing,0,0,full,0.17847923,5.6029
ITEM0111,calibration,speech_voice,0,0,full,0.17847923,5.6029
ITEM0111,calibration,hearing,0,0,full,0.17847923,5.6029
ITEM0111,calibration,respiratory,1,1,full,0.17847923,5.6029
ITEM0111,calibration,bowel,1,0,full,0.17847923,5.6029
ITEM0111,calibration,urinary,0,0,full,0.17847923,5.6029
ITEM0111,calibration,sexual_reproductive,1,0,full,0.17847923,5.6029
ITEM0111,calibration,limb_lymphedema,1,0,full,0.17847923,5.6029
ITEM0111,calibration,visual,0,0,full,0.17847923,5.6029
ITEM0112,calibration,cognition,1,0,full,0.11978389,8.3484
ITEM0112,calibration,neuropathy,0,0,full,0.11978389,8.3484
ITEM0112,calibration,fatigue,0,0,full,0.11978389,8.3484
ITEM0112,calibration,pain,0,0,full,0.11978389,8.3484
ITEM0112,calibration,physical_function,0,0,full,0.11978389,8.3484
ITEM0112,calibration,swallowing,0,0,full,0.11978389,8.3484
ITEM0112,calibration,speech_voice,1,0,full,0.11978389,8.3484
ITEM0112,calibration,hearing,0,0,full,0.11978389,8.3484
ITEM0112,calibration,respiratory,0,0,full,0.11978389,8.3484
ITEM0112,calibration,bowel,0,0,full,0.11978389,8.3484
ITEM0112,calibration,urinary,0,0,full,0.11978389,8.3484
ITEM0112,calibration,sexual_reproductive,0,0,full,0.11978389,8.3484
ITEM0112,calibration,limb_lymphedema,0,0,full,0.11978389,8.3484
ITEM0112,calibration,visual,0,0,full,0.11978389,8.3484
ITEM0113,calibration,cognition,1,0,full,0.07274311,13.7470
ITEM0113,calibration,neuropathy,0,0,full,0.07274311,13.7470
ITEM0113,calibration,fatigue,1,0,full,0.07274311,13.7470
ITEM0113,calibration,pain,1,0,full,0.07274311,13.7470
ITEM0113,calibration,physical_function,1,0,full,0.07274311,13.7470
ITEM0113,calibration,swallowing,0,0,full,0.07274311,13.7470
ITEM0113,calibration,speech_voice,0,0,full,0.07274311,13.7470
ITEM0113,calibration,hearing,0,0,full,0.07274311,13.7470
ITEM0113,calibration,respiratory,1,0,full,0.07274311,13.7470
ITEM0113,calibration,bowel,1,0,full,0.07274311,13.7470
ITEM0113,calibration,urinary,0,0,full,0.07274311,13.7470
ITEM0113,calibration,sexual_reproductive,0,0,full,0.07274311,13.7470
ITEM0113,calibration,limb_lymphedema,0,0,full,0.07274311,13.7470
ITEM0113,calibration,visual,0,0,full,0.07274311,13.7470
ITEM0114,calibration,cognition,0,0,full,0.10511967,9.5130
ITEM0114,calibration,neuropathy,0,0,full,0.10511967,9.5130
ITEM0114,calibration,fatigue,0,0,full,0.10511967,9.5130
ITEM0114,calibration,pain,0,0,full,0.10511967,9.5130
ITEM0114,calibration,physical_function,0,0,full,0.10511967,9.5130
ITEM0114,calibration,swallowing,0,0,full,0.10511967,9.5130
ITEM0114,calibration,speech_voice,0,0,full,0.10511967,9.5130
ITEM0114,calibration,hearing,0,0,full,0.10511967,9.5130
ITEM0114,calibration,respiratory,0,0,full,0.10511967,9.5130
ITEM0114,calibration,bowel,1,1,full,0.10511967,9.5130
ITEM0114,calibration,urinary,0,0,full,0.10511967,9.5130
ITEM0114,calibration,sexual_reproductive,1,1,full,0.10511967,9.5130
ITEM0114,calibration,limb_lymphedema,1,1,full,0.10511967,9.5130
ITEM0114,calibration,visual,0,0,full,0.10511967,9.5130
ITEM0115,calibration,cognition,0,0,truncated,0.01091639,91.6054
ITEM0115,calibration,neuropathy,0,0,truncated,0.01091639,91.6054
ITEM0115,calibration,fatigue,0,0,truncated,0.01091639,91.6054
ITEM0115,calibration,pain,0,0,truncated,0.01091639,91.6054
ITEM0115,calibration,physical_function,0,0,truncated,0.01091639,91.6054
ITEM0115,calibration,swallowing,0,0,truncated,0.01091639,91.6054
ITEM0115,calibration,speech_voice,0,0,truncated,0.01091639,91.6054
ITEM0115,calibration,hearing,0,0,truncated,0.01091639,91.6054
ITEM0115,calibration,respiratory,0,0,truncated,0.01091639,91.6054
ITEM0115,calibration,bowel,0,0,truncated,0.01091639,91.6054
ITEM0115,calibration,urinary,0,0,truncated,0.01091639,91.6054
ITEM0115,calibration,sexual_reproductive,0,0,truncated,0.01091639,91.6054
ITEM0115,calibration,limb_lymphedema,0,0,truncated,0.01091639,91.6054
ITEM0115,calibration,visual,0,0,truncated,0.01091639,91.6054
ITEM0116,calibration,cognition,0,0,full,0.02510105,39.8390
ITEM0116,calibration,neuropathy,0,0,full,0.02510105,39.8390
ITEM0116,calibration,fatigue,0,0,full,0.02510105,39.8390
ITEM0116,calibration,pain,0,0,full,0.02510105,39.8390
ITEM0116,calibration,physical_function,0,0,full,0.02510105,39.8390
ITEM0116,calibration,swallowing,0,0,full,0.02510105,39.8390
ITEM0116,calibration,speech_voice,0,0,full,0.02510105,39.8390
ITEM0116,calibration,hearing,0,0,full,0.02510105,39.8390
ITEM0116,calibration,respiratory,1,1,full,0.02510105,39.8390
ITEM0116,calibration,bowel,0,0,full,0.02510105,39.8390
ITEM0116,calibration,urinary,0,0,full,0.02510105,39.8390
ITEM0116,calibration,sexual_reproductive,0,0,full,0.02510105,39.8390
ITEM0116,calibration,limb_lymphedema,0,0,full,0.02510105,39.8390
ITEM0116,calibration,visual,0,0,full,0.02510105,39.8390
ITEM0117,calibration,cognition,1,1,full,0.22240602,4.4963
ITEM0117,calibration,neuropathy,0,0,full,0.22240602,4.4963
ITEM0117,calibration,fatigue,0,0,full,0.22240602,4.4963
ITEM0117,calibration,pain,0,0,full,0.22240602,4.4963
ITEM0117,calibration,physical_function,1,1,full,0.22240602,4.4963
ITEM0117,calibration,swallowing,0,0,full,0.22240602,4.4963
ITEM0117,calibration,speech_voice,0,0,full,0.22240602,4.4963
ITEM0117,calibration,hearing,1,0,full,0.22240602,4.4963
ITEM0117,calibration,respiratory,0,0,full,0.22240602,4.4963
ITEM0117,calibration,bowel,0,0,full,0.22240602,4.4963
ITEM0117,calibration,urinary,0,0,full,0.22240602,4.4963
ITEM0117,calibration,sexual_reproductive,0,0,full,0.22240602,4.4963
ITEM0117,calibration,limb_lymphedema,0,0,full,0.22240602,4.4963
ITEM0117,calibration,visual,0,0,full,0.22240602,4.4963
ITEM0118,calibration,cognition,0,0,full,0.05923873,16.8808
ITEM0118,calibration,neuropathy,0,0,full,0.05923873,16.8808
ITEM0118,calibration,fatigue,0,0,full,0.05923873,16.8808
ITEM0118,calibration,pain,1,0,full,0.05923873,16.8808
ITEM0118,calibration,physical_function,1,0,full,0.05923873,16.8808
ITEM0118,calibration,swallowing,0,0,full,0.05923873,16.8808
ITEM0118,calibration,speech_voice,0,0,full,0.05923873,16.8808
ITEM0118,calibration,hearing,0,0,full,0.05923873,16.8808
ITEM0118,calibration,respiratory,0,0,full,0.05923873,16.8808
ITEM0118,calibration,bowel,0,0,full,0.05923873,16.8808
ITEM0118,calibration,urinary,1,1,full,0.05923873,16.8808
ITEM0118,calibration,sexual_reproductive,1,1,full,0.05923873,16.8808
ITEM0118,calibration,limb_lymphedema,0,0,full,0.05923873,16.8808
ITEM0118,calibration,visual,0,0,full,0.05923873,16.8808
ITEM0119,calibration,cognition,1,1,full,0.01552180,64.4255
ITEM0119,calibration,neuropathy,0,0,full,0.01552180,64.4255
ITEM0119,calibration,fatigue,0,0,full,0.01552180,64.4255
ITEM0119,calibration,pain,0,0,full,0.01552180,64.4255
ITEM0119,calibration,physical_function,0,0,full,0.01552180,64.4255
ITEM0119,calibration,swallowing,0,0,full,0.01552180,64.4255
ITEM0119,calibration,speech_voice,0,0,full,0.01552180,64.4255
ITEM0119,calibration,hearing,0,0,full,0.01552180,64.4255
ITEM0119,calibration,respiratory,0,0,full,0.01552180,64.4255
ITEM0119,calibration,bowel,0,0,full,0.01552180,64.4255
ITEM0119,calibration,urinary,0,0,full,0.01552180,64.4255
ITEM0119,calibration,sexual_reproductive,0,0,full,0.01552180,64.4255
ITEM0119,calibration,limb_lymphedema,0,0,full,0.01552180,64.4255
ITEM0119,calibration,visual,0,0,full,0.01552180,64.4255
ITEM0120,calibration,cognition,0,0,full,0.01091639,91.6054
ITEM0120,calibration,neuropathy,0,0,full,0.01091639,91.6054
ITEM0120,calibration,fatigue,0,0,full,0.01091639,91.6054
ITEM0120,calibration,pain,0,0,full,0.01091639,91.6054
ITEM0120,calibration,physical_function,0,0,full,0.01091639,91.6054
ITEM0120,calibration,swallowing,0,0,full,0.01091639,91.6054
ITEM0120,calibration,speech_voice,0,0,full,0.01091639,91.6054
ITEM0120,calibration,hearing,0,0,full,0.01091639,91.6054
ITEM0120,calibration,respiratory,0,0,full,0.01091639,91.6054
ITEM0120,calibration,bowel,0,0,full,0.01091639,91.6054
ITEM0120,calibration,urinary,0,0,full,0.01091639,91.6054
ITEM0120,calibration,sexual_reproductive,0,1,full,0.01091639,91.6054
ITEM0120,calibration,limb_lymphedema,0,0,full,0.01091639,91.6054
ITEM0120,calibration,visual,0,0,full,0.01091639,91.6054
ITEM0121,calibration,cognition,0,0,truncated,0.03078367,32.4848
ITEM0121,calibration,neuropathy,1,1,truncated,0.03078367,32.4848
ITEM0121,calibration,fatigue,0,0,truncated,0.03078367,32.4848
ITEM0121,calibration,pain,1,1,truncated,0.03078367,32.4848
ITEM0121,calibration,physical_function,0,0,truncated,0.03078367,32.4848
ITEM0121,calibration,swallowing,0,0,truncated,0.03078367,32.4848
ITEM0121,calibration,speech_voice,0,0,truncated,0.03078367,32.4848
ITEM0121,calibration,hearing,0,0,truncated,0.03078367,32.4848
ITEM0121,calibration,respiratory,0,0,truncated,0.03078367,32.4848
ITEM0121,calibration,bowel,0,0,truncated,0.03078367,32.4848
ITEM0121,calibration,urinary,0,0,truncated,0.03078367,32.4848
ITEM0121,calibration,sexual_reproductive,0,0,truncated,0.03078367,32.4848
ITEM0121,calibration,limb_lymphedema,0,0,truncated,0.03078367,32.4848
ITEM0121,calibration,visual,0,0,truncated,0.03078367,32.4848
ITEM0122,calibration,cognition,0,0,full,0.11560524,8.6501
ITEM0122,calibration,neuropathy,0,0,full,0.11560524,8.6501
ITEM0122,calibration,fatigue,0,0,full,0.11560524,8.6501
ITEM0122,calibration,pain,0,0,full,0.11560524,8.6501
ITEM0122,calibration,physical_function,0,0,full,0.11560524,8.6501
ITEM0122,calibration,swallowing,0,0,full,0.11560524,8.6501
ITEM0122,calibration,speech_voice,0,0,full,0.11560524,8.6501
ITEM0122,calibration,hearing,0,0,full,0.11560524,8.6501
ITEM0122,calibration,respiratory,0,0,full,0.11560524,8.6501
ITEM0122,calibration,bowel,0,0,full,0.11560524,8.6501
ITEM0122,calibration,urinary,0,0,full,0.11560524,8.6501
ITEM0122,calibration,sexual_reproductive,0,0,full,0.11560524,8.6501
ITEM0122,calibration,limb_lymphedema,0,0,full,0.11560524,8.6501
ITEM0122,calibration,visual,1,1,full,0.11560524,8.6501
ITEM0123,calibration,cognition,0,0,full,0.01091639,91.6054
ITEM0123,calibration,neuropathy,0,0,full,0.01091639,91.6054
ITEM0123,calibration,fatigue,0,0,full,0.01091639,91.6054
ITEM0123,calibration,pain,0,0,full,0.01091639,91.6054
ITEM0123,calibration,physical_function,0,0,full,0.01091639,91.6054
ITEM0123,calibration,swallowing,0,0,full,0.01091639,91.6054
ITEM0123,calibration,speech_voice,0,0,full,0.01091639,91.6054
ITEM0123,calibration,hearing,0,0,full,0.01091639,91.6054
ITEM0123,calibration,respiratory,0,0,full,0.01091639,91.6054
ITEM0123,calibration,bowel,0,0,full,0.01091639,91.6054
ITEM0123,calibration,urinary,0,0,full,0.01091639,91.6054
ITEM0123,calibration,sexual_reproductive,0,0,full,0.01091639,91.6054
ITEM0123,calibration,limb_lymphedema,0,0,full,0.01091639,91.6054
ITEM0123,calibration,visual,0,0,full,0.01091639,91.6054
ITEM0124,calibration,cognition,0,0,full,0.06977172,14.3325
ITEM0124,calibration,neuropathy,0,0,full,0.06977172,14.3325
ITEM0124,calibration,fatigue,0,0,full,0.06977172,14.3325
ITEM0124,calibration,pain,0,0,full,0.06977172,14.3325
ITEM0124,calibration,physical_function,0,1,full,0.06977172,14.3325
ITEM0124,calibration,swallowing,0,0,full,0.06977172,14.3325
ITEM0124,calibration,speech_voice,0,0,full,0.06977172,14.3325
ITEM0124,calibration,hearing,0,0,full,0.06977172,14.3325
ITEM0124,calibration,respiratory,0,0,full,0.06977172,14.3325
ITEM0124,calibration,bowel,0,0,full,0.06977172,14.3325
ITEM0124,calibration,urinary,0,0,full,0.06977172,14.3325
ITEM0124,calibration,sexual_reproductive,0,0,full,0.06977172,14.3325
ITEM0124,calibration,limb_lymphedema,1,1,full,0.06977172,14.3325
ITEM0124,calibration,visual,0,0,full,0.06977172,14.3325
ITEM0125,calibration,cognition,0,0,full,0.03544009,28.2166
ITEM0125,calibration,neuropathy,1,0,full,0.03544009,28.2166
ITEM0125,calibration,fatigue,1,0,full,0.03544009,28.2166
ITEM0125,calibration,pain,0,0,full,0.03544009,28.2166
ITEM0125,calibration,physical_function,0,0,full,0.03544009,28.2166
ITEM0125,calibration,swallowing,0,0,full,0.03544009,28.2166
ITEM0125,calibration,speech_voice,0,0,full,0.03544009,28.2166
ITEM0125,calibration,hearing,0,0,full,0.03544009,28.2166
ITEM0125,calibration,respiratory,0,0,full,0.03544009,28.2166
ITEM0125,calibration,bowel,0,0,full,0.03544009,28.2166
ITEM0125,calibration,urinary,0,0,full,0.03544009,28.2166
ITEM0125,calibration,sexual_reproductive,0,0,full,0.03544009,28.2166
ITEM0125,calibration,limb_lymphedema,0,0,full,0.03544009,28.2166
ITEM0125,calibration,visual,0,0,full,0.03544009,28.2166
ITEM0126,calibration,cognition,0,0,full,0.21345358,4.6849
ITEM0126,calibration,neuropathy,0,0,full,0.21345358,4.6849
ITEM0126,calibration,fatigue,0,0,full,0.21345358,4.6849
ITEM0126,calibration,pain,0,0,full,0.21345358,4.6849
ITEM0126,calibration,physical_function,0,0,full,0.21345358,4.6849
ITEM0126,calibration,swallowing,0,0,full,0.21345358,4.6849
ITEM0126,calibration,speech_voice,0,0,full,0.21345358,4.6849
ITEM0126,calibration,hearing,1,0,full,0.21345358,4.6849
ITEM0126,calibration,respiratory,0,0,full,0.21345358,4.6849
ITEM0126,calibration,bowel,1,0,full,0.21345358,4.6849
ITEM0126,calibration,urinary,0,0,full,0.21345358,4.6849
ITEM0126,calibration,sexual_reproductive,0,0,full,0.21345358,4.6849
ITEM0126,calibration,limb_lymphedema,0,0,full,0.21345358,4.6849
ITEM0126,calibration,visual,0,0,full,0.21345358,4.6849
ITEM0127,calibration,cognition,0,0,full,0.01091639,91.6054
ITEM0127,calibration,neuropathy,0,0,full,0.01091639,91.6054
ITEM0127,calibration,fatigue,0,0,full,0.01091639,91.6054
ITEM0127,calibration,pain,0,0,full,0.01091639,91.6054
ITEM0127,calibration,physical_function,0,0,full,0.01091639,91.6054
ITEM0127,calibration,swallowing,0,0,full,0.01091639,91.6054
ITEM0127,calibration,speech_voice,0,0,full,0.01091639,91.6054
ITEM0127,calibration,hearing,0,0,full,0.01091639,91.6054
ITEM0127,calibration,respiratory,0,0,full,0.01091639,91.6054
ITEM0127,calibration,bowel,0,0,full,0.01091639,91.6054
ITEM0127,calibration,urinary,0,0,full,0.01091639,91.6054
ITEM0127,calibration,sexual_reproductive,0,0,full,0.01091639,91.6054
ITEM0127,calibration,limb_lymphedema,0,0,full,0.01091639,91.6054
ITEM0127,calibration,visual,0,0,full,0.01091639,91.6054
ITEM0128,calibration,cognition,0,0,full,0.01091639,91.6054
ITEM0128,calibration,neuropathy,0,0,full,0.01091639,91.6054
ITEM0128,calibration,fatigue,0,0,full,0.01091639,91.6054
ITEM0128,calibration,pain,0,0,full,0.01091639,91.6054
ITEM0128,calibration,physical_function,0,0,full,0.01091639,91.6054
ITEM0128,calibration,swallowing,0,0,full,0.01091639,91.6054
ITEM0128,calibration,speech_voice,0,0,full,0.01091639,91.6054
ITEM0128,calibration,hearing,0,0,full,0.01091639,91.6054
ITEM0128,calibration,respiratory,0,0,full,0.01091639,91.6054
ITEM0128,calibration,bowel,0,0,full,0.01091639,91.6054
ITEM0128,calibration,urinary,0,0,full,0.01091639,91.6054
ITEM0128,calibration,sexual_reproductive,0,0,full,0.01091639,91.6054
ITEM0128,calibration,limb_lymphedema,0,0,full,0.01091639,91.6054
ITEM0128,calibration,visual,0,0,full,0.01091639,91.6054
ITEM0129,calibration,cognition,0,0,full,0.01091639,91.6054
ITEM0129,calibration,neuropathy,0,0,full,0.01091639,91.6054
ITEM0129,calibration,fatigue,0,0,full,0.01091639,91.6054
ITEM0129,calibration,pain,0,0,full,0.01091639,91.6054
ITEM0129,calibration,physical_function,0,0,full,0.01091639,91.6054
ITEM0129,calibration,swallowing,0,0,full,0.01091639,91.6054
ITEM0129,calibration,speech_voice,0,0,full,0.01091639,91.6054
ITEM0129,calibration,hearing,0,0,full,0.01091639,91.6054
ITEM0129,calibration,respiratory,0,0,full,0.01091639,91.6054
ITEM0129,calibration,bowel,0,0,full,0.01091639,91.6054
ITEM0129,calibration,urinary,0,0,full,0.01091639,91.6054
ITEM0129,calibration,sexual_reproductive,0,0,full,0.01091639,91.6054
ITEM0129,calibration,limb_lymphedema,0,0,full,0.01091639,91.6054
ITEM0129,calibration,visual,0,0,full,0.01091639,91.6054
ITEM0130,calibration,cognition,0,0,full,0.02510105,39.8390
ITEM0130,calibration,neuropathy,0,0,full,0.02510105,39.8390
ITEM0130,calibration,fatigue,0,0,full,0.02510105,39.8390
ITEM0130,calibration,pain,0,0,full,0.02510105,39.8390
ITEM0130,calibration,physical_function,0,0,full,0.02510105,39.8390
ITEM0130,calibration,swallowing,0,0,full,0.02510105,39.8390
ITEM0130,calibration,speech_voice,0,0,full,0.02510105,39.8390
ITEM0130,calibration,hearing,0,0,full,0.02510105,39.8390
ITEM0130,calibration,respiratory,1,1,full,0.02510105,39.8390
ITEM0130,calibration,bowel,0,0,full,0.02510105,39.8390
ITEM0130,calibration,urinary,0,0,full,0.02510105,39.8390
ITEM0130,calibration,sexual_reproductive,0,0,full,0.02510105,39.8390
ITEM0130,calibration,limb_lymphedema,0,0,full,0.02510105,39.8390
ITEM0130,calibration,visual,0,0,full,0.02510105,39.8390
ITEM0131,calibration,cognition,0,0,full,0.20396143,4.9029
ITEM0131,calibration,neuropathy,0,0,full,0.20396143,4.9029
ITEM0131,calibration,fatigue,0,0,full,0.20396143,4.9029
ITEM0131,calibration,pain,0,0,full,0.20396143,4.9029
ITEM0131,calibration,physical_function,0,0,full,0.20396143,4.9029
ITEM0131,calibration,swallowing,0,0,full,0.20396143,4.9029
ITEM0131,calibration,speech_voice,0,0,full,0.20396143,4.9029
ITEM0131,calibration,hearing,1,1,full,0.20396143,4.9029
ITEM0131,calibration,respiratory,0,0,full,0.20396143,4.9029
ITEM0131,calibration,bowel,0,0,full,0.20396143,4.9029
ITEM0131,calibration,urinary,0,0,full,0.20396143,4.9029
ITEM0131,calibration,sexual_reproductive,0,0,full,0.20396143,4.9029
ITEM0131,calibration,limb_lymphedema,0,0,full,0.20396143,4.9029
ITEM0131,calibration,visual,0,0,full,0.20396143,4.9029
ITEM0132,calibration,cognition,0,0,full,0.01091639,91.6054
ITEM0132,calibration,neuropathy,0,0,full,0.01091639,91.6054
ITEM0132,calibration,fatigue,0,0,full,0.01091639,91.6054
ITEM0132,calibration,pain,0,0,full,0.01091639,91.6054
ITEM0132,calibration,physical_function,0,0,full,0.01091639,91.6054
ITEM0132,calibration,swallowing,0,0,full,0.01091639,91.6054
ITEM0132,calibration,speech_voice,0,0,full,0.01091639,91.6054
ITEM0132,calibration,hearing,0,0,full,0.01091639,91.6054
ITEM0132,calibration,respiratory,0,0,full,0.01091639,91.6054
ITEM0132,calibration,bowel,0,0,full,0.01091639,91.6054
ITEM0132,calibration,urinary,0,0,full,0.01091639,91.6054
ITEM0132,calibration,sexual_reproductive,0,0,full,0.01091639,91.6054
ITEM0132,calibration,limb_lymphedema,0,0,full,0.01091639,91.6054
ITEM0132,calibration,visual,0,0,full,0.01091639,91.6054
ITEM0133,calibration,cognition,0,0,full,0.01091639,91.6054
ITEM0133,calibration,neuropathy,0,0,full,0.01091639,91.6054
ITEM0133,calibration,fatigue,0,0,full,0.01091639,91.6054
ITEM0133,calibration,pain,0,0,full,0.01091639,91.6054
ITEM0133,calibration,physical_function,0,0,full,0.01091639,91.6054
ITEM0133,calibration,swallowing,0,0,full,0.01091639,91.6054
ITEM0133,calibration,speech_voice,0,0,full,0.01091639,91.6054
ITEM0133,calibration,hearing,0,0,full,0.01091639,91.6054
ITEM0133,calibration,respiratory,0,0,full,0.01091639,91.6054
ITEM0133,calibration,bowel,0,0,full,0.01091639,91.6054
ITEM0133,calibration,urinary,0,0,full,0.01091639,91.6054
ITEM0133,calibration,sexual_reproductive,0,0,full,0.01091639,91.6054
ITEM0133,calibration,limb_lymphedema,0,0,full,0.01091639,91.6054
ITEM0133,calibration,visual,0,0,full,0.01091639,91.6054
ITEM0134,calibration,cognition,1,1,full,0.01552180,64.4255
ITEM0134,calibration,neuropathy,0,0,full,0.01552180,64.4255
ITEM0134,calibration,fatigue,0,0,full,0.01552180,64.4255
ITEM0134,calibration,pain,0,0,full,0.01552180,64.4255
ITEM0134,calibration,physical_function,0,0,full,0.01552180,64.4255
ITEM0134,calibration,swallowing,0,0,full,0.01552180,64.4255
ITEM0134,calibration,speech_voice,0,0,full,0.01552180,64.4255
ITEM0134,calibration,hearing,0,0,full,0.01552180,64.4255
ITEM0134,calibration,respiratory,0,0,full,0.01552180,64.4255
ITEM0134,calibration,bowel,0,0,full,0.01552180,64.4255
ITEM0134,calibration,urinary,0,0,full,0.01552180,64.4255
ITEM0134,calibration,sexual_reproductive,0,0,full,0.01552180,64.4255
ITEM0134,calibration,limb_lymphedema,0,0,full,0.01552180,64.4255
ITEM0134,calibration,visual,0,0,full,0.01552180,64.4255
ITEM0135,calibration,cognition,0,0,full,0.01091639,91.6054
ITEM0135,calibration,neuropathy,0,0,full,0.01091639,91.6054
ITEM0135,calibration,fatigue,0,0,full,0.01091639,91.6054
ITEM0135,calibration,pain,0,0,full,0.01091639,91.6054
ITEM0135,calibration,physical_function,0,0,full,0.01091639,91.6054
ITEM0135,calibration,swallowing,0,0,full,0.01091639,91.6054
ITEM0135,calibration,speech_voice,0,0,full,0.01091639,91.6054
ITEM0135,calibration,hearing,0,0,full,0.01091639,91.6054
ITEM0135,calibration,respiratory,0,0,full,0.01091639,91.6054
ITEM0135,calibration,bowel,0,0,full,0.01091639,91.6054
ITEM0135,calibration,urinary,0,0,full,0.01091639,91.6054
ITEM0135,calibration,sexual_reproductive,0,0,full,0.01091639,91.6054
ITEM0135,calibration,limb_lymphedema,0,0,full,0.01091639,91.6054
ITEM0135,calibration,visual,0,0,full,0.01091639,91.6054
ITEM0136,calibration,cognition,0,0,full,0.03951300,25.3081
ITEM0136,calibration,neuropathy,0,0,full,0.03951300,25.3081
ITEM0136,calibration,fatigue,0,0,full,0.03951300,25.3081
ITEM0136,calibration,pain,1,1,full,0.03951300,25.3081
ITEM0136,calibration,physical_function,1,1,full,0.03951300,25.3081
ITEM0136,calibration,swallowing,0,0,full,0.03951300,25.3081
ITEM0136,calibration,speech_voice,0,0,full,0.03951300,25.3081
ITEM0136,calibration,hearing,0,0,full,0.03951300,25.3081
ITEM0136,calibration,respiratory,1,1,full,0.03951300,25.3081
ITEM0136,calibration,bowel,0,0,full,0.03951300,25.3081
ITEM0136,calibration,urinary,0,0,full,0.03951300,25.3081
ITEM0136,calibration,sexual_reproductive,0,0,full,0.03951300,25.3081
ITEM0136,calibration,limb_lymphedema,0,0,full,0.03951300,25.3081
ITEM0136,calibration,visual,0,0,full,0.03951300,25.3081
ITEM0137,calibration,cognition,0,0,full,0.01091639,91.6054
ITEM0137,calibration,neuropathy,0,0,full,0.01091639,91.6054
ITEM0137,calibration,fatigue,0,0,full,0.01091639,91.6054
ITEM0137,calibration,pain,0,0,full,0.01091639,91.6054
ITEM0137,calibration,physical_function,0,0,full,0.01091639,91.6054
ITEM0137,calibration,swallowing,0,0,full,0.01091639,91.6054
ITEM0137,calibration,speech_voice,0,0,full,0.01091639,91.6054
ITEM0137,calibration,hearing,0,0,full,0.01091639,91.6054
ITEM0137,calibration,respiratory,0,0,full,0.01091639,91.6054
ITEM0137,calibration,bowel,0,0,full,0.01091639,91.6054
ITEM0137,calibration,urinary,0,0,full,0.01091639,91.6054
ITEM0137,calibration,sexual_reproductive,0,0,full,0.01091639,91.6054
ITEM0137,calibration,limb_lymphedema,0,0,full,0.01091639,91.6054
ITEM0137,calibration,visual,0,0,full,0.01091639,91.6054
ITEM0138,calibration,cognition,0,0,full,0.11560524,8.6501
ITEM0138,calibration,neuropathy,0,0,full,0.11560524,8.6501
ITEM0138,calibration,fatigue,0,0,full,0.11560524,8.6501
ITEM0138,calibration,pain,0,0,full,0.11560524,8.6501
ITEM0138,calibration,physical_function,0,0,full,0.11560524,8.6501
ITEM0138,calibration,swallowing,0,0,full,0.11560524,8.6501
ITEM0138,calibration,speech_voice,0,0,full,0.11560524,8.6501
ITEM0138,calibration,hearing,0,0,full,0.11560524,8.6501
ITEM0138,calibration,respiratory,0,0,full,0.11560524,8.6501
ITEM0138,calibration,bowel,0,0,full,0.11560524,8.6501
ITEM0138,calibration,urinary,0,0,full,0.11560524,8.6501
ITEM0138,calibration,sexual_reproductive,0,0,full,0.11560524,8.6501
ITEM0138,calibration,limb_lymphedema,0,0,full,0.11560524,8.6501
ITEM0138,calibration,visual,1,1,full,0.11560524,8.6501
ITEM0139,calibration,cognition,0,0,full,0.01183902,84.4665
ITEM0139,calibration,neuropathy,0,0,full,0.01183902,84.4665
ITEM0139,calibration,fatigue,1,1,full,0.01183902,84.4665
ITEM0139,calibration,pain,0,0,full,0.01183902,84.4665
ITEM0139,calibration,physical_function,0,0,full,0.01183902,84.4665
ITEM0139,calibration,swallowing,0,0,full,0.01183902,84.4665
ITEM0139,calibration,speech_voice,0,0,full,0.01183902,84.4665
ITEM0139,calibration,hearing,0,0,full,0.01183902,84.4665
ITEM0139,calibration,respiratory,0,0,full,0.01183902,84.4665
ITEM0139,calibration,bowel,0,0,full,0.01183902,84.4665
ITEM0139,calibration,urinary,0,0,full,0.01183902,84.4665
ITEM0139,calibration,sexual_reproductive,0,0,full,0.01183902,84.4665
ITEM0139,calibration,limb_lymphedema,0,0,full,0.01183902,84.4665
ITEM0139,calibration,visual,0,0,full,0.01183902,84.4665
ITEM0140,calibration,cognition,0,0,full,0.01691825,59.1078
ITEM0140,calibration,neuropathy,0,0,full,0.01691825,59.1078
ITEM0140,calibration,fatigue,0,0,full,0.01691825,59.1078
ITEM0140,calibration,pain,1,1,full,0.01691825,59.1078
ITEM0140,calibration,physical_function,1,1,full,0.01691825,59.1078
ITEM0140,calibration,swallowing,0,0,full,0.01691825,59.1078
ITEM0140,calibration,speech_voice,0,0,full,0.01691825,59.1078
ITEM0140,calibration,hearing,0,0,full,0.01691825,59.1078
ITEM0140,calibration,respiratory,0,0,full,0.01691825,59.1078
ITEM0140,calibration,bowel,0,0,full,0.01691825,59.1078
ITEM0140,calibration,urinary,0,0,full,0.01691825,59.1078
ITEM0140,calibration,sexual_reproductive,0,0,full,0.01691825,59.1078
ITEM0140,calibration,limb_lymphedema,0,0,full,0.01691825,59.1078
ITEM0140,calibration,visual,0,0,full,0.01691825,59.1078
ITEM0141,calibration,cognition,0,0,full,0.01091639,91.6054
ITEM0141,calibration,neuropathy,0,0,full,0.01091639,91.6054
ITEM0141,calibration,fatigue,0,0,full,0.01091639,91.6054
ITEM0141,calibration,pain,0,0,full,0.01091639,91.6054
ITEM0141,calibration,physical_function,0,0,full,0.01091639,91.6054
ITEM0141,calibration,swallowing,0,0,full,0.01091639,91.6054
ITEM0141,calibration,speech_voice,0,0,full,0.01091639,91.6054
ITEM0141,calibration,hearing,0,0,full,0.01091639,91.6054
ITEM0141,calibration,respiratory,0,0,full,0.01091639,91.6054
ITEM0141,calibration,bowel,0,0,full,0.01091639,91.6054
ITEM0141,calibration,urinary,0,0,full,0.01091639,91.6054
ITEM0141,calibration,sexual_reproductive,0,0,full,0.01091639,91.6054
ITEM0141,calibration,limb_lymphedema,0,0,full,0.01091639,91.6054
ITEM0141,calibration,visual,0,0,full,0.01091639,91.6054
ITEM0142,calibration,cognition,0,0,full,0.03078367,32.4848
ITEM0142,calibration,neuropathy,1,1,full,0.03078367,32.4848
ITEM0142,calibration,fatigue,0,0,full,0.03078367,32.4848
ITEM0142,calibration,pain,1,1,full,0.03078367,32.4848
ITEM0142,calibration,physical_function,0,0,full,0.03078367,32.4848
ITEM0142,calibration,swallowing,0,0,full,0.03078367,32.4848
ITEM0142,calibration,speech_voice,0,0,full,0.03078367,32.4848
ITEM0142,calibration,hearing,0,0,full,0.03078367,32.4848
ITEM0142,calibration,respiratory,0,0,full,0.03078367,32.4848
ITEM0142,calibration,bowel,0,0,full,0.03078367,32.4848
ITEM0142,calibration,urinary,0,0,full,0.03078367,32.4848
ITEM0142,calibration,sexual_reproductive,0,0,full,0.03078367,32.4848
ITEM0142,calibration,limb_lymphedema,0,0,full,0.03078367,32.4848
ITEM0142,calibration,visual,0,0,full,0.03078367,32.4848
ITEM0143,calibration,cognition,1,0,full,0.07274311,13.7470
ITEM0143,calibration,neuropathy,0,0,full,0.07274311,13.7470
ITEM0143,calibration,fatigue,1,0,full,0.07274311,13.7470
ITEM0143,calibration,pain,1,0,full,0.07274311,13.7470
ITEM0143,calibration,physical_function,1,0,full,0.07274311,13.7470
ITEM0143,calibration,swallowing,0,0,full,0.07274311,13.7470
ITEM0143,calibration,speech_voice,0,0,full,0.07274311,13.7470
ITEM0143,calibration,hearing,0,0,full,0.07274311,13.7470
ITEM0143,calibration,respiratory,1,0,full,0.07274311,13.7470
ITEM0143,calibration,bowel,1,0,full,0.07274311,13.7470
ITEM0143,calibration,urinary,0,0,full,0.07274311,13.7470
ITEM0143,calibration,sexual_reproductive,0,0,full,0.07274311,13.7470
ITEM0143,calibration,limb_lymphedema,0,0,full,0.07274311,13.7470
ITEM0143,calibration,visual,0,0,full,0.07274311,13.7470
ITEM0144,calibration,cognition,0,0,truncated,0.01091639,91.6054
ITEM0144,calibration,neuropathy,0,0,truncated,0.01091639,91.6054
ITEM0144,calibration,fatigue,0,0,truncated,0.01091639,91.6054
ITEM0144,calibration,pain,0,0,truncated,0.01091639,91.6054
ITEM0144,calibration,physical_function,0,0,truncated,0.01091639,91.6054
ITEM0144,calibration,swallowing,0,0,truncated,0.01091639,91.6054
ITEM0144,calibration,speech_voice,0,0,truncated,0.01091639,91.6054
ITEM0144,calibration,hearing,0,0,truncated,0.01091639,91.6054
ITEM0144,calibration,respiratory,0,0,truncated,0.01091639,91.6054
ITEM0144,calibration,bowel,0,0,truncated,0.01091639,91.6054
ITEM0144,calibration,urinary,0,0,truncated,0.01091639,91.6054
ITEM0144,calibration,sexual_reproductive,0,0,truncated,0.01091639,91.6054
ITEM0144,calibration,limb_lymphedema,0,0,truncated,0.01091639,91.6054
ITEM0144,calibration,visual,0,0,truncated,0.01091639,91.6054
ITEM0145,calibration,cognition,0,0,full,0.01091639,91.6054
ITEM0145,calibration,neuropathy,0,0,full,0.01091639,91.6054
ITEM0145,calibration,fatigue,0,0,full,0.01091639,91.6054
ITEM0145,calibration,pain,0,0,full,0.01091639,91.6054
ITEM0145,calibration,physical_function,0,0,full,0.01091639,91.6054
ITEM0145,calibration,swallowing,0,0,full,0.01091639,91.6054
ITEM0145,calibration,speech_voice,0,0,full,0.01091639,91.6054
ITEM0145,calibration,hearing,0,0,full,0.01091639,91.6054
ITEM0145,calibration,respiratory,0,0,full,0.01091639,91.6054
ITEM0145,calibration,bowel,0,0,full,0.01091639,91.6054
ITEM0145,calibration,urinary,0,0,full,0.01091639,91.6054
ITEM0145,calibration,sexual_reproductive,0,0,full,0.01091639,91.6054
ITEM0145,calibration,limb_lymphedema,0,0,full,0.01091639,91.6054
ITEM0145,calibration,visual,0,0,full,0.01091639,91.6054
ITEM0146,calibration,cognition,0,0,full,0.20396143,4.9029
ITEM0146,calibration,neuropathy,0,0,full,0.20396143,4.9029
ITEM0146,calibration,fatigue,0,0,full,0.20396143,4.9029
ITEM0146,calibration,pain,0,0,full,0.20396143,4.9029
ITEM0146,calibration,physical_function,0,0,full,0.20396143,4.9029
ITEM0146,calibration,swallowing,0,0,full,0.20396143,4.9029
ITEM0146,calibration,speech_voice,0,0,full,0.20396143,4.9029
ITEM0146,calibration,hearing,1,1,full,0.20396143,4.9029
ITEM0146,calibration,respiratory,0,0,full,0.20396143,4.9029
ITEM0146,calibration,bowel,0,0,full,0.20396143,4.9029
ITEM0146,calibration,urinary,0,0,full,0.20396143,4.9029
ITEM0146,calibration,sexual_reproductive,0,0,full,0.20396143,4.9029
ITEM0146,calibration,limb_lymphedema,0,0,full,0.20396143,4.9029
ITEM0146,calibration,visual,0,0,full,0.20396143,4.9029
ITEM0147,calibration,cognition,0,0,full,0.21554949,4.6393
ITEM0147,calibration,neuropathy,0,0,full,0.21554949,4.6393
ITEM0147,calibration,fatigue,1,0,full,0.21554949,4.6393
ITEM0147,calibration,pain,1,0,full,0.21554949,4.6393
ITEM0147,calibration,physical_function,0,0,full,0.21554949,4.6393
ITEM0147,calibration,swallowing,0,0,full,0.21554949,4.6393
ITEM0147,calibration,speech_voice,0,0,full,0.21554949,4.6393
ITEM0147,calibration,hearing,1,0,full,0.21554949,4.6393
ITEM0147,calibration,respiratory,0,0,full,0.21554949,4.6393
ITEM0147,calibration,bowel,0,0,full,0.21554949,4.6393
ITEM0147,calibration,urinary,0,0,full,0.21554949,4.6393
ITEM0147,calibration,sexual_reproductive,0,1,full,0.21554949,4.6393
ITEM0147,calibration,limb_lymphedema,0,0,full,0.21554949,4.6393
ITEM0147,calibration,visual,0,0,full,0.21554949,4.6393
ITEM0148,calibration,cognition,1,0,full,0.11266039,8.8762
ITEM0148,calibration,neuropathy,0,0,full,0.11266039,8.8762
ITEM0148,calibration,fatigue,1,0,full,0.11266039,8.8762
ITEM0148,calibration,pain,1,0,full,0.11266039,8.8762
ITEM0148,calibration,physical_function,1,0,full,0.11266039,8.8762
ITEM0148,calibration,swallowing,0,0,full,0.11266039,8.8762
ITEM0148,calibration,speech_voice,0,0,full,0.11266039,8.8762
ITEM0148,calibration,hearing,0,0,full,0.11266039,8.8762
ITEM0148,calibration,respiratory,1,0,full,0.11266039,8.8762
ITEM0148,calibration,bowel,1,0,full,0.11266039,8.8762
ITEM0148,calibration,urinary,1,0,full,0.11266039,8.8762
ITEM0148,calibration,sexual_reproductive,1,0,full,0.11266039,8.8762
ITEM0148,calibration,limb_lymphedema,0,0,full,0.11266039,8.8762
ITEM0148,calibration,visual,0,0,full,0.11266039,8.8762
ITEM0149,calibration,cognition,0,0,full,0.01890860,52.8860
ITEM0149,calibration,neuropathy,0,0,full,0.01890860,52.8860
ITEM0149,calibration,fatigue,0,0,full,0.01890860,52.8860
ITEM0149,calibration,pain,1,0,full,0.01890860,52.8860
ITEM0149,calibration,physical_function,0,0,full,0.01890860,52.8860
ITEM0149,calibration,swallowing,0,0,full,0.01890860,52.8860
ITEM0149,calibration,speech_voice,0,0,full,0.01890860,52.8860
ITEM0149,calibration,hearing,0,0,full,0.01890860,52.8860
ITEM0149,calibration,respiratory,0,0,full,0.01890860,52.8860
ITEM0149,calibration,bowel,1,0,full,0.01890860,52.8860
ITEM0149,calibration,urinary,0,0,full,0.01890860,52.8860
ITEM0149,calibration,sexual_reproductive,0,0,full,0.01890860,52.8860
ITEM0149,calibration,limb_lymphedema,0,0,full,0.01890860,52.8860
ITEM0149,calibration,visual,0,0,full,0.01890860,52.8860
ITEM0150,calibration,cognition,0,0,full,0.01091639,91.6054
ITEM0150,calibration,neuropathy,0,0,full,0.01091639,91.6054
ITEM0150,calibration,fatigue,0,0,full,0.01091639,91.6054
ITEM0150,calibration,pain,0,0,full,0.01091639,91.6054
ITEM0150,calibration,physical_function,0,0,full,0.01091639,91.6054
ITEM0150,calibration,swallowing,0,0,full,0.01091639,91.6054
ITEM0150,calibration,speech_voice,0,0,full,0.01091639,91.6054
ITEM0150,calibration,hearing,0,0,full,0.01091639,91.6054
ITEM0150,calibration,respiratory,0,0,full,0.01091639,91.6054
ITEM0150,calibration,bowel,0,0,full,0.01091639,91.6054
ITEM0150,calibration,urinary,0,0,full,0.01091639,91.6054
ITEM0150,calibration,sexual_reproductive,0,0,full,0.01091639,91.6054
ITEM0150,calibration,limb_lymphedema,0,0,full,0.01091639,91.6054
ITEM0150,calibration,visual,0,0,full,0.01091639,91.6054
ITEM0151,calibration,cognition,0,0,full,0.01091639,91.6054
ITEM0151,calibration,neuropathy,0,0,full,0.01091639,91.6054
ITEM0151,calibration,fatigue,0,0,full,0.01091639,91.6054
ITEM0151,calibration,pain,0,0,full,0.01091639,91.6054
ITEM0151,calibration,physical_function,0,0,full,0.01091639,91.6054
ITEM0151,calibration,swallowing,0,0,full,0.01091639,91.6054
ITEM0151,calibration,speech_voice,0,0,full,0.01091639,91.6054
ITEM0151,calibration,hearing,0,0,full,0.01091639,91.6054
ITEM0151,calibration,respiratory,0,0,full,0.01091639,91.6054
ITEM0151,calibration,bowel,0,0,full,0.01091639,91.6054
ITEM0151,calibration,urinary,0,0,full,0.01091639,91.6054
ITEM0151,calibration,sexual_reproductive,0,0,full,0.01091639,91.6054
ITEM0151,calibration,limb_lymphedema,0,0,full,0.01091639,91.6054
ITEM0151,calibration,visual,0,0,full,0.01091639,91.6054
ITEM0152,calibration,cognition,1,1,full,0.21461523,4.6595
ITEM0152,calibration,neuropathy,0,0,full,0.21461523,4.6595
ITEM0152,calibration,fatigue,0,0,full,0.21461523,4.6595
ITEM0152,calibration,pain,0,0,full,0.21461523,4.6595
ITEM0152,calibration,physical_function,0,0,full,0.21461523,4.6595
ITEM0152,calibration,swallowing,0,0,full,0.21461523,4.6595
ITEM0152,calibration,speech_voice,0,0,full,0.21461523,4.6595
ITEM0152,calibration,hearing,1,1,full,0.21461523,4.6595
ITEM0152,calibration,respiratory,0,0,full,0.21461523,4.6595
ITEM0152,calibration,bowel,0,0,full,0.21461523,4.6595
ITEM0152,calibration,urinary,0,0,full,0.21461523,4.6595
ITEM0152,calibration,sexual_reproductive,0,0,full,0.21461523,4.6595
ITEM0152,calibration,limb_lymphedema,0,0,full,0.21461523,4.6595
ITEM0152,calibration,visual,0,0,full,0.21461523,4.6595
ITEM0153,calibration,cognition,0,0,full,0.11222599,8.9106
ITEM0153,calibration,neuropathy,0,0,full,0.11222599,8.9106
ITEM0153,calibration,fatigue,0,0,full,0.11222599,8.9106
ITEM0153,calibration,pain,1,1,full,0.11222599,8.9106
ITEM0153,calibration,physical_function,0,0,full,0.11222599,8.9106
ITEM0153,calibration,swallowing,0,0,full,0.11222599,8.9106
ITEM0153,calibration,speech_voice,1,0,full,0.11222599,8.9106
ITEM0153,calibration,hearing,0,0,full,0.11222599,8.9106
ITEM0153,calibration,respiratory,0,0,full,0.11222599,8.9106
ITEM0153,calibration,bowel,0,0,full,0.11222599,8.9106
ITEM0153,calibration,urinary,0,0,full,0.11222599,8.9106
ITEM0153,calibration,sexual_reproductive,0,0,full,0.11222599,8.9106
ITEM0153,calibration,limb_lymphedema,0,0,full,0.11222599,8.9106
ITEM0153,calibration,visual,0,0,full,0.11222599,8.9106
ITEM0154,calibration,cognition,0,0,full,0.01091639,91.6054
ITEM0154,calibration,neuropathy,0,0,full,0.01091639,91.6054
ITEM0154,calibration,fatigue,0,0,full,0.01091639,91.6054
ITEM0154,calibration,pain,0,0,full,0.01091639,91.6054
ITEM0154,calibration,physical_function,0,0,full,0.01091639,91.6054
ITEM0154,calibration,swallowing,0,0,full,0.01091639,91.6054
ITEM0154,calibration,speech_voice,0,0,full,0.01091639,91.6054
ITEM0154,calibration,hearing,0,0,full,0.01091639,91.6054
ITEM0154,calibration,respiratory,0,0,full,0.01091639,91.6054
ITEM0154,calibration,bowel,0,0,full,0.01091639,91.6054
ITEM0154,calibration,urinary,0,0,full,0.01091639,91.6054
ITEM0154,calibration,sexual_reproductive,0,0,full,0.01091639,91.6054
ITEM0154,calibration,limb_lymphedema,0,0,full,0.01091639,91.6054
ITEM0154,calibration,visual,0,0,full,0.01091639,91.6054
ITEM0155,calibration,cognition,0,0,truncated,0.01091639,91.6054
ITEM0155,calibration,neuropathy,0,0,truncated,0.01091639,91.6054
ITEM0155,calibration,fatigue,0,0,truncated,0.01091639,91.6054
ITEM0155,calibration,pain,0,0,truncated,0.01091639,91.6054
ITEM0155,calibration,physical_function,0,0,truncated,0.01091639,91.6054
ITEM0155,calibration,swallowing,0,0,truncated,0.01091639,91.6054
ITEM0155,calibration,speech_voice,0,0,truncated,0.01091639,91.6054
ITEM0155,calibration,hearing,0,0,truncated,0.01091639,91.6054
ITEM0155,calibration,respiratory,0,0,truncated,0.01091639,91.6054
ITEM0155,calibration,bowel,0,0,truncated,0.01091639,91.6054
ITEM0155,calibration,urinary,0,0,truncated,0.01091639,91.6054
ITEM0155,calibration,sexual_reproductive,0,0,truncated,0.01091639,91.6054
ITEM0155,calibration,limb_lymphedema,0,0,truncated,0.01091639,91.6054
ITEM0155,calibration,visual,0,0,truncated,0.01091639,91.6054
ITEM0156,calibration,cognition,0,0,full,0.01091639,91.6054
ITEM0156,calibration,neuropathy,0,0,full,0.01091639,91.6054
ITEM0156,calibration,fatigue,0,0,full,0.01091639,91.6054
ITEM0156,calibration,pain,0,0,full,0.01091639,91.6054
ITEM0156,calibration,physical_function,0,0,full,0.01091639,91.6054
ITEM0156,calibration,swallowing,0,0,full,0.01091639,91.6054
ITEM0156,calibration,speech_voice,0,0,full,0.01091639,91.6054
ITEM0156,calibration,hearing,0,0,full,0.01091639,91.6054
ITEM0156,calibration,respiratory,0,0,full,0.01091639,91.6054
ITEM0156,calibration,bowel,0,0,full,0.01091639,91.6054
ITEM0156,calibration,urinary,0,0,full,0.01091639,91.6054
ITEM0156,calibration,sexual_reproductive,0,0,full,0.01091639,91.6054
ITEM0156,calibration,limb_lymphedema,0,0,full,0.01091639,91.6054
ITEM0156,calibration,visual,0,0,full,0.01091639,91.6054
ITEM0157,calibration,cognition,0,0,full,0.01091639,91.6054
ITEM0157,calibration,neuropathy,0,0,full,0.01091639,91.6054
ITEM0157,calibration,fatigue,0,0,full,0.01091639,91.6054
ITEM0157,calibration,pain,0,0,full,0.01091639,91.6054
ITEM0157,calibration,physical_function,0,0,full,0.01091639,91.6054
ITEM0157,calibration,swallowing,0,0,full,0.01091639,91.6054
ITEM0157,calibration,speech_voice,0,0,full,0.01091639,91.6054
ITEM0157,calibration,hearing,0,0,full,0.01091639,91.6054
ITEM0157,calibration,respiratory,0,0,full,0.01091639,91.6054
ITEM0157,calibration,bowel,0,0,full,0.01091639,91.6054
ITEM0157,calibration,urinary,0,0,full,0.01091639,91.6054
ITEM0157,calibration,sexual_reproductive,0,0,full,0.01091639,91.6054
ITEM0157,calibration,limb_lymphedema,0,0,full,0.01091639,91.6054
ITEM0157,calibration,visual,0,0,full,0.01091639,91.6054
ITEM0158,calibration,cognition,1,0,full,0.07274311,13.7470
ITEM0158,calibration,neuropathy,0,0,full,0.07274311,13.7470
ITEM0158,calibration,fatigue,1,0,full,0.07274311,13.7470
ITEM0158,calibration,pain,1,0,full,0.07274311,13.7470
ITEM0158,calibration,physical_function,1,0,full,0.07274311,13.7470
ITEM0158,calibration,swallowing,0,0,full,0.07274311,13.7470
ITEM0158,calibration,speech_voice,0,0,full,0.07274311,13.7470
ITEM0158,calibration,hearing,0,0,full,0.07274311,13.7470
ITEM0158,calibration,respiratory,1,0,full,0.07274311,13.7470
ITEM0158,calibration,bowel,1,0,full,0.07274311,13.7470
ITEM0158,calibration,urinary,0,0,full,0.07274311,13.7470
ITEM0158,calibration,sexual_reproductive,0,0,full,0.07274311,13.7470
ITEM0158,calibration,limb_lymphedema,0,0,full,0.07274311,13.7470
ITEM0158,calibration,visual,0,0,full,0.07274311,13.7470
ITEM0159,calibration,cognition,0,0,full,0.01091639,91.6054
ITEM0159,calibration,neuropathy,0,0,full,0.01091639,91.6054
ITEM0159,calibration,fatigue,0,0,full,0.01091639,91.6054
ITEM0159,calibration,pain,0,0,full,0.01091639,91.6054
ITEM0159,calibration,physical_function,0,0,full,0.01091639,91.6054
ITEM0159,calibration,swallowing,0,0,full,0.01091639,91.6054
ITEM0159,calibration,speech_voice,0,0,full,0.01091639,91.6054
ITEM0159,calibration,hearing,0,0,full,0.01091639,91.6054
ITEM0159,calibration,respiratory,0,0,full,0.01091639,91.6054
ITEM0159,calibration,bowel,0,0,full,0.01091639,91.6054
ITEM0159,calibration,urinary,0,0,full,0.01091639,91.6054
ITEM0159,calibration,sexual_reproductive,0,0,full,0.01091639,91.6054
ITEM0159,calibration,limb_lymphedema,0,0,full,0.01091639,91.6054
ITEM0159,calibration,visual,0,0,full,0.01091639,91.6054
ITEM0160,calibration,cognition,0,0,truncated,0.01091639,91.6054
ITEM0160,calibration,neuropathy,0,0,truncated,0.01091639,91.6054
ITEM0160,calibration,fatigue,0,0,truncated,0.01091639,91.6054
ITEM0160,calibration,pain,0,0,truncated,0.01091639,91.6054
ITEM0160,calibration,physical_function,0,0,truncated,0.01091639,91.6054
ITEM0160,calibration,swallowing,0,0,truncated,0.01091639,91.6054
ITEM0160,calibration,speech_voice,0,0,truncated,0.01091639,91.6054
ITEM0160,calibration,hearing,0,0,truncated,0.01091639,91.6054
ITEM0160,calibration,respiratory,0,0,truncated,0.01091639,91.6054
ITEM0160,calibration,bowel,0,0,truncated,0.01091639,91.6054
ITEM0160,calibration,urinary,0,0,truncated,0.01091639,91.6054
ITEM0160,calibration,sexual_reproductive,0,0,truncated,0.01091639,91.6054
ITEM0160,calibration,limb_lymphedema,0,0,truncated,0.01091639,91.6054
ITEM0160,calibration,visual,0,0,truncated,0.01091639,91.6054
ITEM0161,calibration,cognition,1,0,full,0.17847923,5.6029
ITEM0161,calibration,neuropathy,1,0,full,0.17847923,5.6029
ITEM0161,calibration,fatigue,1,0,full,0.17847923,5.6029
ITEM0161,calibration,pain,1,0,full,0.17847923,5.6029
ITEM0161,calibration,physical_function,1,0,full,0.17847923,5.6029
ITEM0161,calibration,swallowing,0,0,full,0.17847923,5.6029
ITEM0161,calibration,speech_voice,0,0,full,0.17847923,5.6029
ITEM0161,calibration,hearing,0,0,full,0.17847923,5.6029
ITEM0161,calibration,respiratory,1,0,full,0.17847923,5.6029
ITEM0161,calibration,bowel,1,0,full,0.17847923,5.6029
ITEM0161,calibration,urinary,0,0,full,0.17847923,5.6029
ITEM0161,calibration,sexual_reproductive,1,0,full,0.17847923,5.6029
ITEM0161,calibration,limb_lymphedema,1,0,full,0.17847923,5.6029
ITEM0161,calibration,visual,0,0,full,0.17847923,5.6029
ITEM0162,calibration,cognition,1,1,full,0.06345283,15.7597
ITEM0162,calibration,neuropathy,0,0,full,0.06345283,15.7597
ITEM0162,calibration,fatigue,1,1,full,0.06345283,15.7597
ITEM0162,calibration,pain,1,1,full,0.06345283,15.7597
ITEM0162,calibration,physical_function,0,0,full,0.06345283,15.7597
ITEM0162,calibration,swallowing,0,0,full,0.06345283,15.7597
ITEM0162,calibration,speech_voice,0,0,full,0.06345283,15.7597
ITEM0162,calibration,hearing,0,0,full,0.06345283,15.7597
ITEM0162,calibration,respiratory,1,1,full,0.06345283,15.7597
ITEM0162,calibration,bowel,1,0,full,0.06345283,15.7597
ITEM0162,calibration,urinary,0,0,full,0.06345283,15.7597
ITEM0162,calibration,sexual_reproductive,0,0,full,0.06345283,15.7597
ITEM0162,calibration,limb_lymphedema,0,0,full,0.06345283,15.7597
ITEM0162,calibration,visual,0,0,full,0.06345283,15.7597
ITEM0163,calibration,cognition,0,0,full,0.01091639,91.6054
ITEM0163,calibration,neuropathy,0,0,full,0.01091639,91.6054
ITEM0163,calibration,fatigue,0,0,full,0.01091639,91.6054
ITEM0163,calibration,pain,0,0,full,0.01091639,91.6054
ITEM0163,calibration,physical_function,0,0,full,0.01091639,91.6054
ITEM0163,calibration,swallowing,0,0,full,0.01091639,91.6054
ITEM0163,calibration,speech_voice,0,0,full,0.01091639,91.6054
ITEM0163,calibration,hearing,0,0,full,0.01091639,91.6054
ITEM0163,calibration,respiratory,0,0,full,0.01091639,91.6054
ITEM0163,calibration,bowel,0,0,full,0.01091639,91.6054
ITEM0163,calibration,urinary,0,0,full,0.01091639,91.6054
ITEM0163,calibration,sexual_reproductive,0,0,full,0.01091639,91.6054
ITEM0163,calibration,limb_lymphedema,0,0,full,0.01091639,91.6054
ITEM0163,calibration,visual,0,0,full,0.01091639,91.6054
ITEM0164,calibration,cognition,0,0,full,0.11560524,8.6501
ITEM0164,calibration,neuropathy,0,0,full,0.11560524,8.6501
ITEM0164,calibration,fatigue,0,0,full,0.11560524,8.6501
ITEM0164,calibration,pain,0,0,full,0.11560524,8.6501
ITEM0164,calibration,physical_function,0,0,full,0.11560524,8.6501
ITEM0164,calibration,swallowing,0,0,full,0.11560524,8.6501
ITEM0164,calibration,speech_voice,0,0,full,0.11560524,8.6501
ITEM0164,calibration,hearing,0,0,full,0.11560524,8.6501
ITEM0164,calibration,respiratory,0,0,full,0.11560524,8.6501
ITEM0164,calibration,bowel,0,0,full,0.11560524,8.6501
ITEM0164,calibration,urinary,0,0,full,0.11560524,8.6501
ITEM0164,calibration,sexual_reproductive,0,0,full,0.11560524,8.6501
ITEM0164,calibration,limb_lymphedema,0,0,full,0.11560524,8.6501
ITEM0164,calibration,visual,1,1,full,0.11560524,8.6501
ITEM0165,calibration,cognition,1,1,full,0.01552180,64.4255
ITEM0165,calibration,neuropathy,0,0,full,0.01552180,64.4255
ITEM0165,calibration,fatigue,0,0,full,0.01552180,64.4255
ITEM0165,calibration,pain,0,0,full,0.01552180,64.4255
ITEM0165,calibration,physical_function,0,0,full,0.01552180,64.4255
ITEM0165,calibration,swallowing,0,0,full,0.01552180,64.4255
ITEM0165,calibration,speech_voice,0,0,full,0.01552180,64.4255
ITEM0165,calibration,hearing,0,0,full,0.01552180,64.4255
ITEM0165,calibration,respiratory,0,0,full,0.01552180,64.4255
ITEM0165,calibration,bowel,0,0,full,0.01552180,64.4255
ITEM0165,calibration,urinary,0,0,full,0.01552180,64.4255
ITEM0165,calibration,sexual_reproductive,0,0,full,0.01552180,64.4255
ITEM0165,calibration,limb_lymphedema,0,0,full,0.01552180,64.4255
ITEM0165,calibration,visual,0,0,full,0.01552180,64.4255
ITEM0166,calibration,cognition,0,0,full,0.01091639,91.6054
ITEM0166,calibration,neuropathy,0,0,full,0.01091639,91.6054
ITEM0166,calibration,fatigue,0,0,full,0.01091639,91.6054
ITEM0166,calibration,pain,0,0,full,0.01091639,91.6054
ITEM0166,calibration,physical_function,0,0,full,0.01091639,91.6054
ITEM0166,calibration,swallowing,0,0,full,0.01091639,91.6054
ITEM0166,calibration,speech_voice,0,0,full,0.01091639,91.6054
ITEM0166,calibration,hearing,0,0,full,0.01091639,91.6054
ITEM0166,calibration,respiratory,0,0,full,0.01091639,91.6054
ITEM0166,calibration,bowel,0,0,full,0.01091639,91.6054
ITEM0166,calibration,urinary,0,0,full,0.01091639,91.6054
ITEM0166,calibration,sexual_reproductive,0,0,full,0.01091639,91.6054
ITEM0166,calibration,limb_lymphedema,0,0,full,0.01091639,91.6054
ITEM0166,calibration,visual,0,0,full,0.01091639,91.6054
ITEM0167,calibration,cognition,0,0,full,0.01091639,91.6054
ITEM0167,calibration,neuropathy,0,0,full,0.01091639,91.6054
ITEM0167,calibration,fatigue,0,0,full,0.01091639,91.6054
ITEM0167,calibration,pain,0,0,full,0.01091639,91.6054
ITEM0167,calibration,physical_function,0,0,full,0.01091639,91.6054
ITEM0167,calibration,swallowing,0,0,full,0.01091639,91.6054
ITEM0167,calibration,speech_voice,0,0,full,0.01091639,91.6054
ITEM0167,calibration,hearing,0,0,full,0.01091639,91.6054
ITEM0167,calibration,respiratory,0,0,full,0.01091639,91.6054
ITEM0167,calibration,bowel,0,0,full,0.01091639,91.6054
ITEM0167,calibration,urinary,0,0,full,0.01091639,91.6054
ITEM0167,calibration,sexual_reproductive,0,0,full,0.01091639,91.6054
ITEM0167,calibration,limb_lymphedema,0,0,full,0.01091639,91.6054
ITEM0167,calibration,visual,0,0,full,0.01091639,91.6054
ITEM0168,calibration,cognition,0,0,full,0.12472075,8.0179
ITEM0168,calibration,neuropathy,1,0,full,0.12472075,8.0179
ITEM0168,calibration,fatigue,0,0,full,0.12472075,8.0179
ITEM0168,calibration,pain,0,0,full,0.12472075,8.0179
ITEM0168,calibration,physical_function,1,0,full,0.12472075,8.0179
ITEM0168,calibration,swallowing,0,0,full,0.12472075,8.0179
ITEM0168,calibration,speech_voice,0,0,full,0.12472075,8.0179
ITEM0168,calibration,hearing,0,0,full,0.12472075,8.0179
ITEM0168,calibration,respiratory,0,0,full,0.12472075,8.0179
ITEM0168,calibration,bowel,0,0,full,0.12472075,8.0179
ITEM0168,calibration,urinary,0,0,full,0.12472075,8.0179
ITEM0168,calibration,sexual_reproductive,1,0,full,0.12472075,8.0179
ITEM0168,calibration,limb_lymphedema,1,0,full,0.12472075,8.0179
ITEM0168,calibration,visual,0,0,full,0.12472075,8.0179
ITEM0169,calibration,cognition,0,0,full,0.02405837,41.5656
ITEM0169,calibration,neuropathy,0,0,full,0.02405837,41.5656
ITEM0169,calibration,fatigue,0,0,full,0.02405837,41.5656
ITEM0169,calibration,pain,1,1,full,0.02405837,41.5656
ITEM0169,calibration,physical_function,0,0,full,0.02405837,41.5656
ITEM0169,calibration,swallowing,0,0,full,0.02405837,41.5656
ITEM0169,calibration,speech_voice,0,0,full,0.02405837,41.5656
ITEM0169,calibration,hearing,0,0,full,0.02405837,41.5656
ITEM0169,calibration,respiratory,0,0,full,0.02405837,41.5656
ITEM0169,calibration,bowel,0,0,full,0.02405837,41.5656
ITEM0169,calibration,urinary,1,0,full,0.02405837,41.5656
ITEM0169,calibration,sexual_reproductive,0,0,full,0.02405837,41.5656
ITEM0169,calibration,limb_lymphedema,0,0,full,0.02405837,41.5656
ITEM0169,calibration,visual,0,0,full,0.02405837,41.5656
ITEM0170,calibration,cognition,0,0,full,0.03821489,26.1678
ITEM0170,calibration,neuropathy,0,0,full,0.03821489,26.1678
ITEM0170,calibration,fatigue,0,0,full,0.03821489,26.1678
ITEM0170,calibration,pain,0,0,full,0.03821489,26.1678
ITEM0170,calibration,physical_function,0,0,full,0.03821489,26.1678
ITEM0170,calibration,swallowing,1,0,full,0.03821489,26.1678
ITEM0170,calibration,speech_voice,0,0,full,0.03821489,26.1678
ITEM0170,calibration,hearing,0,0,full,0.03821489,26.1678
ITEM0170,calibration,respiratory,0,0,full,0.03821489,26.1678
ITEM0170,calibration,bowel,0,0,full,0.03821489,26.1678
ITEM0170,calibration,urinary,0,0,full,0.03821489,26.1678
ITEM0170,calibration,sexual_reproductive,0,0,full,0.03821489,26.1678
ITEM0170,calibration,limb_lymphedema,0,0,full,0.03821489,26.1678
ITEM0170,calibration,visual,0,0,full,0.03821489,26.1678
ITEM0171,calibration,cognition,0,0,full,0.28826664,3.4690
ITEM0171,calibration,neuropathy,0,0,full,0.28826664,3.4690
ITEM0171,calibration,fatigue,0,0,full,0.28826664,3.4690
ITEM0171,calibration,pain,0,0,full,0.28826664,3.4690
ITEM0171,calibration,physical_function,0,0,full,0.28826664,3.4690
ITEM0171,calibration,swallowing,0,0,full,0.28826664,3.4690
ITEM0171,calibration,speech_voice,1,0,full,0.28826664,3.4690
ITEM0171,calibration,hearing,1,1,full,0.28826664,3.4690
ITEM0171,calibration,respiratory,0,0,full,0.28826664,3.4690
ITEM0171,calibration,bowel,0,0,full,0.28826664,3.4690
ITEM0171,calibration,urinary,0,0,full,0.28826664,3.4690
ITEM0171,calibration,sexual_reproductive,0,0,full,0.28826664,3.4690
ITEM0171,calibration,limb_lymphedema,0,0,full,0.28826664,3.4690
ITEM0171,calibration,visual,0,0,full,0.28826664,3.4690
ITEM0172,calibration,cognition,0,0,full,0.01091639,91.6054
ITEM0172,calibration,neuropathy,0,0,full,0.01091639,91.6054
ITEM0172,calibration,fatigue,0,0,full,0.01091639,91.6054
ITEM0172,calibration,pain,0,0,full,0.01091639,91.6054
ITEM0172,calibration,physical_function,0,0,full,0.01091639,91.6054
ITEM0172,calibration,swallowing,0,0,full,0.01091639,91.6054
ITEM0172,calibration,speech_voice,0,0,full,0.01091639,91.6054
ITEM0172,calibration,hearing,0,0,full,0.01091639,91.6054
ITEM0172,calibration,respiratory,0,0,full,0.01091639,91.6054
ITEM0172,calibration,bowel,0,0,full,0.01091639,91.6054
ITEM0172,calibration,urinary,0,0,full,0.01091639,91.6054
ITEM0172,calibration,sexual_reproductive,0,0,full,0.01091639,91.6054
ITEM0172,calibration,limb_lymphedema,0,0,full,0.01091639,91.6054
ITEM0172,calibration,visual,0,0,full,0.01091639,91.6054
ITEM0173,calibration,cognition,0,0,full,0.04479929,22.3218
ITEM0173,calibration,neuropathy,0,0,full,0.04479929,22.3218
ITEM0173,calibration,fatigue,0,0,full,0.04479929,22.3218
ITEM0173,calibration,pain,1,0,full,0.04479929,22.3218
ITEM0173,calibration,physical_function,0,0,full,0.04479929,22.3218
ITEM0173,calibration,swallowing,0,0,full,0.04479929,22.3218
ITEM0173,calibration,speech_voice,0,0,full,0.04479929,22.3218
ITEM0173,calibration,hearing,0,0,full,0.04479929,22.3218
ITEM0173,calibration,respiratory,0,0,full,0.04479929,22.3218
ITEM0173,calibration,bowel,1,0,full,0.04479929,22.3218
ITEM0173,calibration,urinary,0,0,full,0.04479929,22.3218
ITEM0173,calibration,sexual_reproductive,1,0,full,0.04479929,22.3218
ITEM0173,calibration,limb_lymphedema,0,0,full,0.04479929,22.3218
ITEM0173,calibration,visual,0,0,full,0.04479929,22.3218
ITEM0174,calibration,cognition,1,0,full,0.02528754,39.5452
ITEM0174,calibration,neuropathy,0,0,full,0.02528754,39.5452
ITEM0174,calibration,fatigue,0,0,full,0.02528754,39.5452
ITEM0174,calibration,pain,0,0,full,0.02528754,39.5452
ITEM0174,calibration,physical_function,1,0,full,0.02528754,39.5452
ITEM0174,calibration,swallowing,0,0,full,0.02528754,39.5452
ITEM0174,calibration,speech_voice,0,0,full,0.02528754,39.5452
ITEM0174,calibration,hearing,0,0,full,0.02528754,39.5452
ITEM0174,calibration,respiratory,0,0,full,0.02528754,39.5452
ITEM0174,calibration,bowel,0,0,full,0.02528754,39.5452
ITEM0174,calibration,urinary,0,0,full,0.02528754,39.5452
ITEM0174,calibration,sexual_reproductive,0,0,full,0.02528754,39.5452
ITEM0174,calibration,limb_lymphedema,0,0,full,0.02528754,39.5452
ITEM0174,calibration,visual,0,0,full,0.02528754,39.5452
ITEM0175,calibration,cognition,0,0,full,0.01091639,91.6054
ITEM0175,calibration,neuropathy,0,0,full,0.01091639,91.6054
ITEM0175,calibration,fatigue,0,0,full,0.01091639,91.6054
ITEM0175,calibration,pain,0,0,full,0.01091639,91.6054
ITEM0175,calibration,physical_function,0,0,full,0.01091639,91.6054
ITEM0175,calibration,swallowing,0,0,full,0.01091639,91.6054
ITEM0175,calibration,speech_voice,0,0,full,0.01091639,91.6054
ITEM0175,calibration,hearing,0,0,full,0.01091639,91.6054
ITEM0175,calibration,respiratory,0,0,full,0.01091639,91.6054
ITEM0175,calibration,bowel,0,0,full,0.01091639,91.6054
ITEM0175,calibration,urinary,0,0,full,0.01091639,91.6054
ITEM0175,calibration,sexual_reproductive,0,0,full,0.01091639,91.6054
ITEM0175,calibration,limb_lymphedema,0,0,full,0.01091639,91.6054
ITEM0175,calibration,visual,0,0,full,0.01091639,91.6054
ITEM0176,calibration,cognition,0,0,full,0.00706867,141.4694
ITEM0176,calibration,neuropathy,0,0,full,0.00706867,141.4694
ITEM0176,calibration,fatigue,0,0,full,0.00706867,141.4694
ITEM0176,calibration,pain,1,1,full,0.00706867,141.4694
ITEM0176,calibration,physical_function,0,0,full,0.00706867,141.4694
ITEM0176,calibration,swallowing,0,0,full,0.00706867,141.4694
ITEM0176,calibration,speech_voice,0,0,full,0.00706867,141.4694
ITEM0176,calibration,hearing,0,0,full,0.00706867,141.4694
ITEM0176,calibration,respiratory,0,0,full,0.00706867,141.4694
ITEM0176,calibration,bowel,0,0,full,0.00706867,141.4694
ITEM0176,calibration,urinary,0,0,full,0.00706867,141.4694
ITEM0176,calibration,sexual_reproductive,0,0,full,0.00706867,141.4694
ITEM0176,calibration,limb_lymphedema,0,0,full,0.00706867,141.4694
ITEM0176,calibration,visual,0,0,full,0.00706867,141.4694
ITEM0177,calibration,cognition,1,0,full,0.19074613,5.2426
ITEM0177,calibration,neuropathy,1,0,full,0.19074613,5.2426
ITEM0177,calibration,fatigue,1,0,full,0.19074613,5.2426
ITEM0177,calibration,pain,1,0,full,0.19074613,5.2426
ITEM0177,calibration,physical_function,1,1,full,0.19074613,5.2426
ITEM0177,calibration,swallowing,0,0,full,0.19074613,5.2426
ITEM0177,calibration,speech_voice,1,0,full,0.19074613,5.2426
ITEM0177,calibration,hearing,0,0,full,0.19074613,5.2426
ITEM0177,calibration,respiratory,1,0,full,0.19074613,5.2426
ITEM0177,calibration,bowel,1,0,full,0.19074613,5.2426
ITEM0177,calibration,urinary,0,0,full,0.19074613,5.2426
ITEM0177,calibration,sexual_reproductive,0,0,full,0.19074613,5.2426
ITEM0177,calibration,limb_lymphedema,0,0,full,0.19074613,5.2426
ITEM0177,calibration,visual,0,0,full,0.19074613,5.2426
ITEM0178,calibration,cognition,0,0,full,0.02599935,38.4625
ITEM0178,calibration,neuropathy,1,1,full,0.02599935,38.4625
ITEM0178,calibration,fatigue,0,0,full,0.02599935,38.4625
ITEM0178,calibration,pain,0,0,full,0.02599935,38.4625
ITEM0178,calibration,physical_function,0,0,full,0.02599935,38.4625
ITEM0178,calibration,swallowing,0,0,full,0.02599935,38.4625
ITEM0178,calibration,speech_voice,0,0,full,0.02599935,38.4625
ITEM0178,calibration,hearing,0,0,full,0.02599935,38.4625
ITEM0178,calibration,respiratory,0,0,full,0.02599935,38.4625
ITEM0178,calibration,bowel,0,0,full,0.02599935,38.4625
ITEM0178,calibration,urinary,0,0,full,0.02599935,38.4625
ITEM0178,calibration,sexual_reproductive,0,0,full,0.02599935,38.4625
ITEM0178,calibration,limb_lymphedema,0,0,full,0.02599935,38.4625
ITEM0178,calibration,visual,0,0,full,0.02599935,38.4625
ITEM0179,calibration,cognition,0,0,full,0.01091639,91.6054
ITEM0179,calibration,neuropathy,0,0,full,0.01091639,91.6054
ITEM0179,calibration,fatigue,0,0,full,0.01091639,91.6054
ITEM0179,calibration,pain,0,0,full,0.01091639,91.6054
ITEM0179,calibration,physical_function,0,0,full,0.01091639,91.6054
ITEM0179,calibration,swallowing,0,0,full,0.01091639,91.6054
ITEM0179,calibration,speech_voice,0,0,full,0.01091639,91.6054
ITEM0179,calibration,hearing,0,0,full,0.01091639,91.6054
ITEM0179,calibration,respiratory,0,0,full,0.01091639,91.6054
ITEM0179,calibration,bowel,0,0,full,0.01091639,91.6054
ITEM0179,calibration,urinary,0,0,full,0.01091639,91.6054
ITEM0179,calibration,sexual_reproductive,0,0,full,0.01091639,91.6054
ITEM0179,calibration,limb_lymphedema,0,0,full,0.01091639,91.6054
ITEM0179,calibration,visual,0,0,full,0.01091639,91.6054
ITEM0180,calibration,cognition,0,0,full,0.02849976,35.0880
ITEM0180,calibration,neuropathy,0,0,full,0.02849976,35.0880
ITEM0180,calibration,fatigue,0,0,full,0.02849976,35.0880
ITEM0180,calibration,pain,0,0,full,0.02849976,35.0880
ITEM0180,calibration,physical_function,0,0,full,0.02849976,35.0880
ITEM0180,calibration,swallowing,0,0,full,0.02849976,35.0880
ITEM0180,calibration,speech_voice,0,0,full,0.02849976,35.0880
ITEM0180,calibration,hearing,0,0,full,0.02849976,35.0880
ITEM0180,calibration,respiratory,0,0,full,0.02849976,35.0880
ITEM0180,calibration,bowel,0,0,full,0.02849976,35.0880
ITEM0180,calibration,urinary,0,0,full,0.02849976,35.0880
ITEM0180,calibration,sexual_reproductive,1,1,full,0.02849976,35.0880
ITEM0180,calibration,limb_lymphedema,0,0,full,0.02849976,35.0880
ITEM0180,calibration,visual,0,0,full,0.02849976,35.0880
ITEM0181,calibration,cognition,0,0,truncated,0.01091639,91.6054
ITEM0181,calibration,neuropathy,0,0,truncated,0.01091639,91.6054
ITEM0181,calibration,fatigue,0,0,truncated,0.01091639,91.6054
ITEM0181,calibration,pain,0,0,truncated,0.01091639,91.6054
ITEM0181,calibration,physical_function,0,0,truncated,0.01091639,91.6054
ITEM0181,calibration,swallowing,0,0,truncated,0.01091639,91.6054
ITEM0181,calibration,speech_voice,0,0,truncated,0.01091639,91.6054
ITEM0181,calibration,hearing,0,0,truncated,0.01091639,91.6054
ITEM0181,calibration,respiratory,0,0,truncated,0.01091639,91.6054
ITEM0181,calibration,bowel,0,0,truncated,0.01091639,91.6054
ITEM0181,calibration,urinary,0,0,truncated,0.01091639,91.6054
ITEM0181,calibration,sexual_reproductive,0,0,truncated,0.01091639,91.6054
ITEM0181,calibration,limb_lymphedema,0,0,truncated,0.01091639,91.6054
ITEM0181,calibration,visual,0,0,truncated,0.01091639,91.6054
ITEM0182,calibration,cognition,0,0,full,0.13874241,7.2076
ITEM0182,calibration,neuropathy,0,0,full,0.13874241,7.2076
ITEM0182,calibration,fatigue,0,0,full,0.13874241,7.2076
ITEM0182,calibration,pain,0,0,full,0.13874241,7.2076
ITEM0182,calibration,physical_function,0,0,full,0.13874241,7.2076
ITEM0182,calibration,swallowing,0,0,full,0.13874241,7.2076
ITEM0182,calibration,speech_voice,1,0,full,0.13874241,7.2076
ITEM0182,calibration,hearing,0,0,full,0.13874241,7.2076
ITEM0182,calibration,respiratory,1,0,full,0.13874241,7.2076
ITEM0182,calibration,bowel,1,1,full,0.13874241,7.2076
ITEM0182,calibration,urinary,0,0,full,0.13874241,7.2076
ITEM0182,calibration,sexual_reproductive,0,0,full,0.13874241,7.2076
ITEM0182,calibration,limb_lymphedema,0,0,full,0.13874241,7.2076
ITEM0182,calibration,visual,0,0,full,0.13874241,7.2076
ITEM0183,calibration,cognition,0,0,full,0.03078367,32.4848
ITEM0183,calibration,neuropathy,1,1,full,0.03078367,32.4848
ITEM0183,calibration,fatigue,0,0,full,0.03078367,32.4848
ITEM0183,calibration,pain,1,1,full,0.03078367,32.4848
ITEM0183,calibration,physical_function,0,0,full,0.03078367,32.4848
ITEM0183,calibration,swallowing,0,0,full,0.03078367,32.4848
ITEM0183,calibration,speech_voice,0,0,full,0.03078367,32.4848
ITEM0183,calibration,hearing,0,0,full,0.03078367,32.4848
ITEM0183,calibration,respiratory,0,0,full,0.03078367,32.4848
ITEM0183,calibration,bowel,0,0,full,0.03078367,32.4848
ITEM0183,calibration,urinary,0,0,full,0.03078367,32.4848
ITEM0183,calibration,sexual_reproductive,0,0,full,0.03078367,32.4848
ITEM0183,calibration,limb_lymphedema,0,0,full,0.03078367,32.4848
ITEM0183,calibration,visual,0,0,full,0.03078367,32.4848
ITEM0184,calibration,cognition,0,0,full,0.02599935,38.4625
ITEM0184,calibration,neuropathy,1,0,full,0.02599935,38.4625
ITEM0184,calibration,fatigue,0,0,full,0.02599935,38.4625
ITEM0184,calibration,pain,0,0,full,0.02599935,38.4625
ITEM0184,calibration,physical_function,0,0,full,0.02599935,38.4625
ITEM0184,calibration,swallowing,0,0,full,0.02599935,38.4625
ITEM0184,calibration,speech_voice,0,0,full,0.02599935,38.4625
ITEM0184,calibration,hearing,0,0,full,0.02599935,38.4625
ITEM0184,calibration,respiratory,0,0,full,0.02599935,38.4625
ITEM0184,calibration,bowel,0,0,full,0.02599935,38.4625
ITEM0184,calibration,urinary,0,0,full,0.02599935,38.4625
ITEM0184,calibration,sexual_reproductive,0,0,full,0.02599935,38.4625
ITEM0184,calibration,limb_lymphedema,0,0,full,0.02599935,38.4625
ITEM0184,calibration,visual,0,0,full,0.02599935,38.4625
ITEM0185,calibration,cognition,1,1,full,0.05108696,19.5745
ITEM0185,calibration,neuropathy,0,0,full,0.05108696,19.5745
ITEM0185,calibration,fatigue,0,0,full,0.05108696,19.5745
ITEM0185,calibration,pain,0,0,full,0.05108696,19.5745
ITEM0185,calibration,physical_function,0,0,full,0.05108696,19.5745
ITEM0185,calibration,swallowing,1,0,full,0.05108696,19.5745
ITEM0185,calibration,speech_voice,0,0,full,0.05108696,19.5745
ITEM0185,calibration,hearing,0,0,full,0.05108696,19.5745
ITEM0185,calibration,respiratory,0,0,full,0.05108696,19.5745
ITEM0185,calibration,bowel,0,0,full,0.05108696,19.5745
ITEM0185,calibration,urinary,0,0,full,0.05108696,19.5745
ITEM0185,calibration,sexual_reproductive,0,0,full,0.05108696,19.5745
ITEM0185,calibration,limb_lymphedema,0,0,full,0.05108696,19.5745
ITEM0185,calibration,visual,0,0,full,0.05108696,19.5745
ITEM0186,calibration,cognition,0,0,full,0.01406566,71.0951
ITEM0186,calibration,neuropathy,0,0,full,0.01406566,71.0951
ITEM0186,calibration,fatigue,0,0,full,0.01406566,71.0951
ITEM0186,calibration,pain,0,0,full,0.01406566,71.0951
ITEM0186,calibration,physical_function,0,0,full,0.01406566,71.0951
ITEM0186,calibration,swallowing,0,0,full,0.01406566,71.0951
ITEM0186,calibration,speech_voice,0,0,full,0.01406566,71.0951
ITEM0186,calibration,hearing,0,0,full,0.01406566,71.0951
ITEM0186,calibration,respiratory,0,0,full,0.01406566,71.0951
ITEM0186,calibration,bowel,1,1,full,0.01406566,71.0951
ITEM0186,calibration,urinary,0,0,full,0.01406566,71.0951
ITEM0186,calibration,sexual_reproductive,0,0,full,0.01406566,71.0951
ITEM0186,calibration,limb_lymphedema,0,0,full,0.01406566,71.0951
ITEM0186,calibration,visual,0,0,full,0.01406566,71.0951
ITEM0187,calibration,cognition,1,0,full,0.11266039,8.8762
ITEM0187,calibration,neuropathy,0,0,full,0.11266039,8.8762
ITEM0187,calibration,fatigue,1,0,full,0.11266039,8.8762
ITEM0187,calibration,pain,1,0,full,0.11266039,8.8762
ITEM0187,calibration,physical_function,1,0,full,0.11266039,8.8762
ITEM0187,calibration,swallowing,0,0,full,0.11266039,8.8762
ITEM0187,calibration,speech_voice,0,0,full,0.11266039,8.8762
ITEM0187,calibration,hearing,0,0,full,0.11266039,8.8762
ITEM0187,calibration,respiratory,1,0,full,0.11266039,8.8762
ITEM0187,calibration,bowel,1,0,full,0.11266039,8.8762
ITEM0187,calibration,urinary,1,0,full,0.11266039,8.8762
ITEM0187,calibration,sexual_reproductive,1,0,full,0.11266039,8.8762
ITEM0187,calibration,limb_lymphedema,0,0,full,0.11266039,8.8762
ITEM0187,calibration,visual,0,0,full,0.11266039,8.8762
ITEM0188,calibration,cognition,0,0,full,0.02599935,38.4625
ITEM0188,calibration,neuropathy,1,0,full,0.02599935,38.4625
ITEM0188,calibration,fatigue,0,0,full,0.02599935,38.4625
ITEM0188,calibration,pain,0,0,full,0.02599935,38.4625
ITEM0188,calibration,physical_function,0,0,full,0.02599935,38.4625
ITEM0188,calibration,swallowing,0,0,full,0.02599935,38.4625
ITEM0188,calibration,speech_voice,0,0,full,0.02599935,38.4625
ITEM0188,calibration,hearing,0,0,full,0.02599935,38.4625
ITEM0188,calibration,respiratory,0,0,full,0.02599935,38.4625
ITEM0188,calibration,bowel,0,0,full,0.02599935,38.4625
ITEM0188,calibration,urinary,0,0,full,0.02599935,38.4625
ITEM0188,calibration,sexual_reproductive,0,0,full,0.02599935,38.4625
ITEM0188,calibration,limb_lymphedema,0,0,full,0.02599935,38.4625
ITEM0188,calibration,visual,0,0,full,0.02599935,38.4625
ITEM0189,calibration,cognition,0,0,full,0.01091639,91.6054
ITEM0189,calibration,neuropathy,0,0,full,0.01091639,91.6054
ITEM0189,calibration,fatigue,0,0,full,0.01091639,91.6054
ITEM0189,calibration,pain,0,0,full,0.01091639,91.6054
ITEM0189,calibration,physical_function,0,0,full,0.01091639,91.6054
ITEM0189,calibration,swallowing,0,0,full,0.01091639,91.6054
ITEM0189,calibration,speech_voice,0,0,full,0.01091639,91.6054
ITEM0189,calibration,hearing,0,0,full,0.01091639,91.6054
ITEM0189,calibration,respiratory,0,0,full,0.01091639,91.6054
ITEM0189,calibration,bowel,0,0,full,0.01091639,91.6054
ITEM0189,calibration,urinary,0,0,full,0.01091639,91.6054
ITEM0189,calibration,sexual_reproductive,0,0,full,0.01091639,91.6054
ITEM0189,calibration,limb_lymphedema,0,0,full,0.01091639,91.6054
ITEM0189,calibration,visual,0,0,full,0.01091639,91.6054
ITEM0190,calibration,cognition,0,0,full,0.02405837,41.5656
ITEM0190,calibration,neuropathy,0,0,full,0.02405837,41.5656
ITEM0190,calibration,fatigue,0,0,full,0.02405837,41.5656
ITEM0190,calibration,pain,1,0,full,0.02405837,41.5656
ITEM0190,calibration,physical_function,0,0,full,0.02405837,41.5656
ITEM0190,calibration,swallowing,0,0,full,0.02405837,41.5656
ITEM0190,calibration,speech_voice,0,0,full,0.02405837,41.5656
ITEM0190,calibration,hearing,0,0,full,0.02405837,41.5656
ITEM0190,calibration,respiratory,0,0,full,0.02405837,41.5656
ITEM0190,calibration,bowel,0,0,full,0.02405837,41.5656
ITEM0190,calibration,urinary,1,0,full,0.02405837,41.5656
ITEM0190,calibration,sexual_reproductive,0,0,full,0.02405837,41.5656
ITEM0190,calibration,limb_lymphedema,0,0,full,0.02405837,41.5656
ITEM0190,calibration,visual,0,0,full,0.02405837,41.5656
ITEM0191,calibration,cognition,0,0,full,0.01183902,84.4665
ITEM0191,calibration,neuropathy,0,0,full,0.01183902,84.4665
ITEM0191,calibration,fatigue,1,1,full,0.01183902,84.4665
ITEM0191,calibration,pain,0,0,full,0.01183902,84.4665
ITEM0191,calibration,physical_function,0,0,full,0.01183902,84.4665
ITEM0191,calibration,swallowing,0,0,full,0.01183902,84.4665
ITEM0191,calibration,speech_voice,0,0,full,0.01183902,84.4665
ITEM0191,calibration,hearing,0,0,full,0.01183902,84.4665
ITEM0191,calibration,respiratory,0,0,full,0.01183902,84.4665
ITEM0191,calibration,bowel,0,0,full,0.01183902,84.4665
ITEM0191,calibration,urinary,0,0,full,0.01183902,84.4665
ITEM0191,calibration,sexual_reproductive,0,0,full,0.01183902,84.4665
ITEM0191,calibration,limb_lymphedema,0,0,full,0.01183902,84.4665
ITEM0191,calibration,visual,0,0,full,0.01183902,84.4665
ITEM0192,calibration,cognition,0,0,full,0.01091639,91.6054
ITEM0192,calibration,neuropathy,0,0,full,0.01091639,91.6054
ITEM0192,calibration,fatigue,0,0,full,0.01091639,91.6054
ITEM0192,calibration,pain,0,0,full,0.01091639,91.6054
ITEM0192,calibration,physical_function,0,0,full,0.01091639,91.6054
ITEM0192,calibration,swallowing,0,0,full,0.01091639,91.6054
ITEM0192,calibration,speech_voice,0,0,full,0.01091639,91.6054
ITEM0192,calibration,hearing,0,0,full,0.01091639,91.6054
ITEM0192,calibration,respiratory,0,0,full,0.01091639,91.6054
ITEM0192,calibration,bowel,0,0,full,0.01091639,91.6054
ITEM0192,calibration,urinary,0,0,full,0.01091639,91.6054
ITEM0192,calibration,sexual_reproductive,0,0,full,0.01091639,91.6054
ITEM0192,calibration,limb_lymphedema,0,0,full,0.01091639,91.6054
ITEM0192,calibration,visual,0,0,full,0.01091639,91.6054
ITEM0193,calibration,cognition,0,0,full,0.01091639,91.6054
ITEM0193,calibration,neuropathy,0,0,full,0.01091639,91.6054
ITEM0193,calibration,fatigue,0,0,full,0.01091639,91.6054
ITEM0193,calibration,pain,0,0,full,0.01091639,91.6054
ITEM0193,calibration,physical_function,0,0,full,0.01091639,91.6054
ITEM0193,calibration,swallowing,0,0,full,0.01091639,91.6054
ITEM0193,calibration,speech_voice,0,0,full,0.01091639,91.6054
ITEM0193,calibration,hearing,0,0,full,0.01091639,91.6054
ITEM0193,calibration,respiratory,0,0,full,0.01091639,91.6054
ITEM0193,calibration,bowel,0,0,full,0.01091639,91.6054
ITEM0193,calibration,urinary,0,0,full,0.01091639,91.6054
ITEM0193,calibration,sexual_reproductive,0,0,full,0.01091639,91.6054
ITEM0193,calibration,limb_lymphedema,0,0,full,0.01091639,91.6054
ITEM0193,calibration,visual,0,0,full,0.01091639,91.6054
ITEM0194,calibration,cognition,0,0,full,0.03569572,28.0146
ITEM0194,calibration,neuropathy,0,0,full,0.03569572,28.0146
ITEM0194,calibration,fatigue,0,0,full,0.03569572,28.0146
ITEM0194,calibration,pain,1,1,full,0.03569572,28.0146
ITEM0194,calibration,physical_function,0,0,full,0.03569572,28.0146
ITEM0194,calibration,swallowing,0,0,full,0.03569572,28.0146
ITEM0194,calibration,speech_voice,0,0,full,0.03569572,28.0146
ITEM0194,calibration,hearing,0,0,full,0.03569572,28.0146
ITEM0194,calibration,respiratory,0,0,full,0.03569572,28.0146
ITEM0194,calibration,bowel,1,1,full,0.03569572,28.0146
ITEM0194,calibration,urinary,1,0,full,0.03569572,28.0146
ITEM0194,calibration,sexual_reproductive,0,0,full,0.03569572,28.0146
ITEM0194,calibration,limb_lymphedema,0,0,full,0.03569572,28.0146
ITEM0194,calibration,visual,0,0,full,0.03569572,28.0146
ITEM0195,calibration,cognition,0,0,full,0.01406566,71.0951
ITEM0195,calibration,neuropathy,0,0,full,0.01406566,71.0951
ITEM0195,calibration,fatigue,0,0,full,0.01406566,71.0951
ITEM0195,calibration,pain,0,0,full,0.01406566,71.0951
ITEM0195,calibration,physical_function,0,0,full,0.01406566,71.0951
ITEM0195,calibration,swallowing,0,0,full,0.01406566,71.0951
ITEM0195,calibration,speech_voice,0,0,full,0.01406566,71.0951
ITEM0195,calibration,hearing,0,0,full,0.01406566,71.0951
ITEM0195,calibration,respiratory,0,0,full,0.01406566,71.0951
ITEM0195,calibration,bowel,1,0,full,0.01406566,71.0951
ITEM0195,calibration,urinary,0,0,full,0.01406566,71.0951
ITEM0195,calibration,sexual_reproductive,0,0,full,0.01406566,71.0951
ITEM0195,calibration,limb_lymphedema,0,0,full,0.01406566,71.0951
ITEM0195,calibration,visual,0,0,full,0.01406566,71.0951
ITEM0196,calibration,cognition,1,0,full,0.08582117,11.6521
ITEM0196,calibration,neuropathy,1,1,full,0.08582117,11.6521
ITEM0196,calibration,fatigue,1,0,full,0.08582117,11.6521
ITEM0196,calibration,pain,1,0,full,0.08582117,11.6521
ITEM0196,calibration,physical_function,0,0,full,0.08582117,11.6521
ITEM0196,calibration,swallowing,0,0,full,0.08582117,11.6521
ITEM0196,calibration,speech_voice,0,0,full,0.08582117,11.6521
ITEM0196,calibration,hearing,0,0,full,0.08582117,11.6521
ITEM0196,calibration,respiratory,1,0,full,0.08582117,11.6521
ITEM0196,calibration,bowel,1,0,full,0.08582117,11.6521
ITEM0196,calibration,urinary,0,0,full,0.08582117,11.6521
ITEM0196,calibration,sexual_reproductive,0,0,full,0.08582117,11.6521
ITEM0196,calibration,limb_lymphedema,0,0,full,0.08582117,11.6521
ITEM0196,calibration,visual,0,0,full,0.08582117,11.6521
ITEM0197,calibration,cognition,0,0,full,0.01924085,51.9728
ITEM0197,calibration,neuropathy,0,0,full,0.01924085,51.9728
ITEM0197,calibration,fatigue,0,0,full,0.01924085,51.9728
ITEM0197,calibration,pain,0,0,full,0.01924085,51.9728
ITEM0197,calibration,physical_function,0,0,full,0.01924085,51.9728
ITEM0197,calibration,swallowing,0,0,full,0.01924085,51.9728
ITEM0197,calibration,speech_voice,0,0,full,0.01924085,51.9728
ITEM0197,calibration,hearing,0,0,full,0.01924085,51.9728
ITEM0197,calibration,respiratory,0,0,full,0.01924085,51.9728
ITEM0197,calibration,bowel,0,0,full,0.01924085,51.9728
ITEM0197,calibration,urinary,1,1,full,0.01924085,51.9728
ITEM0197,calibration,sexual_reproductive,0,0,full,0.01924085,51.9728
ITEM0197,calibration,limb_lymphedema,0,0,full,0.01924085,51.9728
ITEM0197,calibration,visual,0,0,full,0.01924085,51.9728
ITEM0198,calibration,cognition,1,0,full,0.35557929,2.8123
ITEM0198,calibration,neuropathy,0,0,full,0.35557929,2.8123
ITEM0198,calibration,fatigue,1,0,full,0.35557929,2.8123
ITEM0198,calibration,pain,1,0,full,0.35557929,2.8123
ITEM0198,calibration,physical_function,1,1,full,0.35557929,2.8123
ITEM0198,calibration,swallowing,0,0,full,0.35557929,2.8123
ITEM0198,calibration,speech_voice,0,0,full,0.35557929,2.8123
ITEM0198,calibration,hearing,1,0,full,0.35557929,2.8123
ITEM0198,calibration,respiratory,1,1,full,0.35557929,2.8123
ITEM0198,calibration,bowel,1,0,full,0.35557929,2.8123
ITEM0198,calibration,urinary,1,0,full,0.35557929,2.8123
ITEM0198,calibration,sexual_reproductive,0,0,full,0.35557929,2.8123
ITEM0198,calibration,limb_lymphedema,0,0,full,0.35557929,2.8123
ITEM0198,calibration,visual,1,0,full,0.35557929,2.8123
ITEM0199,calibration,cognition,1,0,full,0.10624110,9.4126
ITEM0199,calibration,neuropathy,0,0,full,0.10624110,9.4126
ITEM0199,calibration,fatigue,1,0,full,0.10624110,9.4126
ITEM0199,calibration,pain,1,0,full,0.10624110,9.4126
ITEM0199,calibration,physical_function,1,0,full,0.10624110,9.4126
ITEM0199,calibration,swallowing,1,0,full,0.10624110,9.4126
ITEM0199,calibration,speech_voice,0,0,full,0.10624110,9.4126
ITEM0199,calibration,hearing,0,0,full,0.10624110,9.4126
ITEM0199,calibration,respiratory,1,0,full,0.10624110,9.4126
ITEM0199,calibration,bowel,1,0,full,0.10624110,9.4126
ITEM0199,calibration,urinary,0,0,full,0.10624110,9.4126
ITEM0199,calibration,sexual_reproductive,0,0,full,0.10624110,9.4126
ITEM0199,calibration,limb_lymphedema,0,0,full,0.10624110,9.4126
ITEM0199,calibration,visual,0,0,full,0.10624110,9.4126
ITEM0200,calibration,cognition,0,0,full,0.03951300,25.3081
ITEM0200,calibration,neuropathy,0,0,full,0.03951300,25.3081
ITEM0200,calibration,fatigue,0,0,full,0.03951300,25.3081
ITEM0200,calibration,pain,1,0,full,0.03951300,25.3081
ITEM0200,calibration,physical_function,1,0,full,0.03951300,25.3081
ITEM0200,calibration,swallowing,0,0,full,0.03951300,25.3081
ITEM0200,calibration,speech_voice,0,0,full,0.03951300,25.3081
ITEM0200,calibration,hearing,0,0,full,0.03951300,25.3081
ITEM0200,calibration,respiratory,1,0,full,0.03951300,25.3081
ITEM0200,calibration,bowel,0,0,full,0.03951300,25.3081
ITEM0200,calibration,urinary,0,0,full,0.03951300,25.3081
ITEM0200,calibration,sexual_reproductive,0,0,full,0.03951300,25.3081
ITEM0200,calibration,limb_lymphedema,0,0,full,0.03951300,25.3081
ITEM0200,calibration,visual,0,0,full,0.03951300,25.3081
ITEM0201,calibration,cognition,0,0,full,0.01091639,91.6054
ITEM0201,calibration,neuropathy,0,0,full,0.01091639,91.6054
ITEM0201,calibration,fatigue,0,0,full,0.01091639,91.6054
ITEM0201,calibration,pain,0,0,full,0.01091639,91.6054
ITEM0201,calibration,physical_function,0,0,full,0.01091639,91.6054
ITEM0201,calibration,swallowing,0,0,full,0.01091639,91.6054
ITEM0201,calibration,speech_voice,0,0,full,0.01091639,91.6054
ITEM0201,calibration,hearing,0,0,full,0.01091639,91.6054
ITEM0201,calibration,respiratory,0,0,full,0.01091639,91.6054
ITEM0201,calibration,bowel,0,0,full,0.01091639,91.6054
ITEM0201,calibration,urinary,0,0,full,0.01091639,91.6054
ITEM0201,calibration,sexual_reproductive,0,0,full,0.01091639,91.6054
ITEM0201,calibration,limb_lymphedema,0,0,full,0.01091639,91.6054
ITEM0201,calibration,visual,0,0,full,0.01091639,91.6054
ITEM0202,calibration,cognition,0,0,truncated,0.01091639,91.6054
ITEM0202,calibration,neuropathy,0,0,truncated,0.01091639,91.6054
ITEM0202,calibration,fatigue,0,0,truncated,0.01091639,91.6054
ITEM0202,calibration,pain,0,0,truncated,0.01091639,91.6054
ITEM0202,calibration,physical_function,0,0,truncated,0.01091639,91.6054
ITEM0202,calibration,swallowing,0,0,truncated,0.01091639,91.6054
ITEM0202,calibration,speech_voice,0,0,truncated,0.01091639,91.6054
ITEM0202,calibration,hearing,0,0,truncated,0.01091639,91.6054
ITEM0202,calibration,respiratory,0,0,truncated,0.01091639,91.6054
ITEM0202,calibration,bowel,0,0,truncated,0.01091639,91.6054
ITEM0202,calibration,urinary,0,0,truncated,0.01091639,91.6054
ITEM0202,calibration,sexual_reproductive,0,0,truncated,0.01091639,91.6054
ITEM0202,calibration,limb_lymphedema,0,0,truncated,0.01091639,91.6054
ITEM0202,calibration,visual,0,0,truncated,0.01091639,91.6054
ITEM0203,calibration,cognition,0,0,full,0.03929281,25.4499
ITEM0203,calibration,neuropathy,0,0,full,0.03929281,25.4499
ITEM0203,calibration,fatigue,1,1,full,0.03929281,25.4499
ITEM0203,calibration,pain,1,1,full,0.03929281,25.4499
ITEM0203,calibration,physical_function,0,0,full,0.03929281,25.4499
ITEM0203,calibration,swallowing,0,0,full,0.03929281,25.4499
ITEM0203,calibration,speech_voice,0,0,full,0.03929281,25.4499
ITEM0203,calibration,hearing,0,0,full,0.03929281,25.4499
ITEM0203,calibration,respiratory,1,1,full,0.03929281,25.4499
ITEM0203,calibration,bowel,0,0,full,0.03929281,25.4499
ITEM0203,calibration,urinary,0,0,full,0.03929281,25.4499
ITEM0203,calibration,sexual_reproductive,0,0,full,0.03929281,25.4499
ITEM0203,calibration,limb_lymphedema,0,0,full,0.03929281,25.4499
ITEM0203,calibration,visual,0,0,full,0.03929281,25.4499
ITEM0204,calibration,cognition,1,1,full,0.07274311,13.7470
ITEM0204,calibration,neuropathy,0,0,full,0.07274311,13.7470
ITEM0204,calibration,fatigue,1,1,full,0.07274311,13.7470
ITEM0204,calibration,pain,1,1,full,0.07274311,13.7470
ITEM0204,calibration,physical_function,1,0,full,0.07274311,13.7470
ITEM0204,calibration,swallowing,0,0,full,0.07274311,13.7470
ITEM0204,calibration,speech_voice,0,0,full,0.07274311,13.7470
ITEM0204,calibration,hearing,0,0,full,0.07274311,13.7470
ITEM0204,calibration,respiratory,1,0,full,0.07274311,13.7470
ITEM0204,calibration,bowel,1,0,full,0.07274311,13.7470
ITEM0204,calibration,urinary,0,0,full,0.07274311,13.7470
ITEM0204,calibration,sexual_reproductive,0,0,full,0.07274311,13.7470
ITEM0204,calibration,limb_lymphedema,0,0,full,0.07274311,13.7470
ITEM0204,calibration,visual,0,0,full,0.07274311,13.7470
ITEM0205,calibration,cognition,0,0,full,0.01091639,91.6054
ITEM0205,calibration,neuropathy,0,0,full,0.01091639,91.6054
ITEM0205,calibration,fatigue,0,0,full,0.01091639,91.6054
ITEM0205,calibration,pain,0,0,full,0.01091639,91.6054
ITEM0205,calibration,physical_function,0,0,full,0.01091639,91.6054
ITEM0205,calibration,swallowing,0,0,full,0.01091639,91.6054
ITEM0205,calibration,speech_voice,0,0,full,0.01091639,91.6054
ITEM0205,calibration,hearing,0,0,full,0.01091639,91.6054
ITEM0205,calibration,respiratory,0,0,full,0.01091639,91.6054
ITEM0205,calibration,bowel,0,0,full,0.01091639,91.6054
ITEM0205,calibration,urinary,0,0,full,0.01091639,91.6054
ITEM0205,calibration,sexual_reproductive,0,0,full,0.01091639,91.6054
ITEM0205,calibration,limb_lymphedema,0,0,full,0.01091639,91.6054
ITEM0205,calibration,visual,0,0,full,0.01091639,91.6054
ITEM0206,calibration,cognition,0,0,full,0.01924085,51.9728
ITEM0206,calibration,neuropathy,0,0,full,0.01924085,51.9728
ITEM0206,calibration,fatigue,0,0,full,0.01924085,51.9728
ITEM0206,calibration,pain,0,0,full,0.01924085,51.9728
ITEM0206,calibration,physical_function,0,0,full,0.01924085,51.9728
ITEM0206,calibration,swallowing,0,0,full,0.01924085,51.9728
ITEM0206,calibration,speech_voice,0,0,full,0.01924085,51.9728
ITEM0206,calibration,hearing,0,0,full,0.01924085,51.9728
ITEM0206,calibration,respiratory,0,0,full,0.01924085,51.9728
ITEM0206,calibration,bowel,0,0,full,0.01924085,51.9728
ITEM0206,calibration,urinary,1,0,full,0.01924085,51.9728
ITEM0206,calibration,sexual_reproductive,0,0,full,0.01924085,51.9728
ITEM0206,calibration,limb_lymphedema,0,0,full,0.01924085,51.9728
ITEM0206,calibration,visual,0,0,full,0.01924085,51.9728
ITEM0207,calibration,cognition,0,0,full,0.01091639,91.6054
ITEM0207,calibration,neuropathy,0,0,full,0.01091639,91.6054
ITEM0207,calibration,fatigue,0,0,full,0.01091639,91.6054
ITEM0207,calibration,pain,0,0,full,0.01091639,91.6054
ITEM0207,calibration,physical_function,0,0,full,0.01091639,91.6054
ITEM0207,calibration,swallowing,0,0,full,0.01091639,91.6054
ITEM0207,calibration,speech_voice,0,0,full,0.01091639,91.6054
ITEM0207,calibration,hearing,0,0,full,0.01091639,91.6054
ITEM0207,calibration,respiratory,0,0,full,0.01091639,91.6054
ITEM0207,calibration,bowel,0,0,full,0.01091639,91.6054
ITEM0207,calibration,urinary,0,0,full,0.01091639,91.6054
ITEM0207,calibration,sexual_reproductive,0,0,full,0.01091639,91.6054
ITEM0207,calibration,limb_lymphedema,0,0,full,0.01091639,91.6054
ITEM0207,calibration,visual,0,0,full,0.01091639,91.6054
ITEM0208,calibration,cognition,0,0,full,0.01091639,91.6054
ITEM0208,calibration,neuropathy,0,0,full,0.01091639,91.6054
ITEM0208,calibration,fatigue,0,0,full,0.01091639,91.6054
ITEM0208,calibration,pain,0,0,full,0.01091639,91.6054
ITEM0208,calibration,physical_function,0,0,full,0.01091639,91.6054
ITEM0208,calibration,swallowing,0,0,full,0.01091639,91.6054
ITEM0208,calibration,speech_voice,0,0,full,0.01091639,91.6054
ITEM0208,calibration,hearing,0,0,full,0.01091639,91.6054
ITEM0208,calibration,respiratory,0,0,full,0.01091639,91.6054
ITEM0208,calibration,bowel,0,0,full,0.01091639,91.6054
ITEM0208,calibration,urinary,0,0,full,0.01091639,91.6054
ITEM0208,calibration,sexual_reproductive,0,0,full,0.01091639,91.6054
ITEM0208,calibration,limb_lymphedema,0,0,full,0.01091639,91.6054
ITEM0208,calibration,visual,0,0,full,0.01091639,91.6054
ITEM0209,calibration,cognition,0,0,full,0.01091639,91.6054
ITEM0209,calibration,neuropathy,0,0,full,0.01091639,91.6054
ITEM0209,calibration,fatigue,0,0,full,0.01091639,91.6054
ITEM0209,calibration,pain,0,0,full,0.01091639,91.6054
ITEM0209,calibration,physical_function,0,0,full,0.01091639,91.6054
ITEM0209,calibration,swallowing,0,0,full,0.01091639,91.6054
ITEM0209,calibration,speech_voice,0,0,full,0.01091639,91.6054
ITEM0209,calibration,hearing,0,0,full,0.01091639,91.6054
ITEM0209,calibration,respiratory,0,0,full,0.01091639,91.6054
ITEM0209,calibration,bowel,0,0,full,0.01091639,91.6054
ITEM0209,calibration,urinary,0,0,full,0.01091639,91.6054
ITEM0209,calibration,sexual_reproductive,0,0,full,0.01091639,91.6054
ITEM0209,calibration,limb_lymphedema,0,0,full,0.01091639,91.6054
ITEM0209,calibration,visual,0,0,full,0.01091639,91.6054
ITEM0210,calibration,cognition,1,1,full,0.02506409,39.8977
ITEM0210,calibration,neuropathy,0,0,full,0.02506409,39.8977
ITEM0210,calibration,fatigue,1,1,full,0.02506409,39.8977
ITEM0210,calibration,pain,0,0,full,0.02506409,39.8977
ITEM0210,calibration,physical_function,0,0,full,0.02506409,39.8977
ITEM0210,calibration,swallowing,0,0,full,0.02506409,39.8977
ITEM0210,calibration,speech_voice,0,0,full,0.02506409,39.8977
ITEM0210,calibration,hearing,0,0,full,0.02506409,39.8977
ITEM0210,calibration,respiratory,0,0,full,0.02506409,39.8977
ITEM0210,calibration,bowel,0,0,full,0.02506409,39.8977
ITEM0210,calibration,urinary,0,0,full,0.02506409,39.8977
ITEM0210,calibration,sexual_reproductive,0,0,full,0.02506409,39.8977
ITEM0210,calibration,limb_lymphedema,0,0,full,0.02506409,39.8977
ITEM0210,calibration,visual,0,0,full,0.02506409,39.8977
ITEM0211,calibration,cognition,0,0,full,0.03078367,32.4848
ITEM0211,calibration,neuropathy,1,0,full,0.03078367,32.4848
ITEM0211,calibration,fatigue,0,0,full,0.03078367,32.4848
ITEM0211,calibration,pain,1,1,full,0.03078367,32.4848
ITEM0211,calibration,physical_function,0,0,full,0.03078367,32.4848
ITEM0211,calibration,swallowing,0,0,full,0.03078367,32.4848
ITEM0211,calibration,speech_voice,0,0,full,0.03078367,32.4848
ITEM0211,calibration,hearing,0,0,full,0.03078367,32.4848
ITEM0211,calibration,respiratory,0,0,full,0.03078367,32.4848
ITEM0211,calibration,bowel,0,0,full,0.03078367,32.4848
ITEM0211,calibration,urinary,0,0,full,0.03078367,32.4848
ITEM0211,calibration,sexual_reproductive,0,0,full,0.03078367,32.4848
ITEM0211,calibration,limb_lymphedema,0,0,full,0.03078367,32.4848
ITEM0211,calibration,visual,0,0,full,0.03078367,32.4848
ITEM0212,calibration,cognition,0,0,full,0.01691825,59.1078
ITEM0212,calibration,neuropathy,0,0,full,0.01691825,59.1078
ITEM0212,calibration,fatigue,0,0,full,0.01691825,59.1078
ITEM0212,calibration,pain,1,0,full,0.01691825,59.1078
ITEM0212,calibration,physical_function,1,0,full,0.01691825,59.1078
ITEM0212,calibration,swallowing,0,0,full,0.01691825,59.1078
ITEM0212,calibration,speech_voice,0,0,full,0.01691825,59.1078
ITEM0212,calibration,hearing,0,0,full,0.01691825,59.1078
ITEM0212,calibration,respiratory,0,0,full,0.01691825,59.1078
ITEM0212,calibration,bowel,0,0,full,0.01691825,59.1078
ITEM0212,calibration,urinary,0,0,full,0.01691825,59.1078
ITEM0212,calibration,sexual_reproductive,0,0,full,0.01691825,59.1078
ITEM0212,calibration,limb_lymphedema,0,0,full,0.01691825,59.1078
ITEM0212,calibration,visual,0,0,full,0.01691825,59.1078
ITEM0213,calibration,cognition,0,0,full,0.14429763,6.9301
ITEM0213,calibration,neuropathy,0,0,full,0.14429763,6.9301
ITEM0213,calibration,fatigue,0,0,full,0.14429763,6.9301
ITEM0213,calibration,pain,1,0,full,0.14429763,6.9301
ITEM0213,calibration,physical_function,0,0,full,0.14429763,6.9301
ITEM0213,calibration,swallowing,1,0,full,0.14429763,6.9301
ITEM0213,calibration,speech_voice,1,0,full,0.14429763,6.9301
ITEM0213,calibration,hearing,0,0,full,0.14429763,6.9301
ITEM0213,calibration,respiratory,0,0,full,0.14429763,6.9301
ITEM0213,calibration,bowel,0,0,full,0.14429763,6.9301
ITEM0213,calibration,urinary,0,0,full,0.14429763,6.9301
ITEM0213,calibration,sexual_reproductive,0,0,full,0.14429763,6.9301
ITEM0213,calibration,limb_lymphedema,0,0,full,0.14429763,6.9301
ITEM0213,calibration,visual,0,0,full,0.14429763,6.9301
ITEM0214,calibration,cognition,0,0,full,0.01091639,91.6054
ITEM0214,calibration,neuropathy,0,0,full,0.01091639,91.6054
ITEM0214,calibration,fatigue,0,0,full,0.01091639,91.6054
ITEM0214,calibration,pain,0,0,full,0.01091639,91.6054
ITEM0214,calibration,physical_function,0,0,full,0.01091639,91.6054
ITEM0214,calibration,swallowing,0,0,full,0.01091639,91.6054
ITEM0214,calibration,speech_voice,0,0,full,0.01091639,91.6054
ITEM0214,calibration,hearing,0,0,full,0.01091639,91.6054
ITEM0214,calibration,respiratory,0,0,full,0.01091639,91.6054
ITEM0214,calibration,bowel,0,0,full,0.01091639,91.6054
ITEM0214,calibration,urinary,0,0,full,0.01091639,91.6054
ITEM0214,calibration,sexual_reproductive,0,0,full,0.01091639,91.6054
ITEM0214,calibration,limb_lymphedema,0,0,full,0.01091639,91.6054
ITEM0214,calibration,visual,0,0,full,0.01091639,91.6054
ITEM0215,calibration,cognition,0,0,full,0.01406566,71.0951
ITEM0215,calibration,neuropathy,0,0,full,0.01406566,71.0951
ITEM0215,calibration,fatigue,0,0,full,0.01406566,71.0951
ITEM0215,calibration,pain,0,0,full,0.01406566,71.0951
ITEM0215,calibration,physical_function,0,0,full,0.01406566,71.0951
ITEM0215,calibration,swallowing,0,0,full,0.01406566,71.0951
ITEM0215,calibration,speech_voice,0,0,full,0.01406566,71.0951
ITEM0215,calibration,hearing,0,0,full,0.01406566,71.0951
ITEM0215,calibration,respiratory,0,0,full,0.01406566,71.0951
ITEM0215,calibration,bowel,1,0,full,0.01406566,71.0951
ITEM0215,calibration,urinary,0,0,full,0.01406566,71.0951
ITEM0215,calibration,sexual_reproductive,0,0,full,0.01406566,71.0951
ITEM0215,calibration,limb_lymphedema,0,0,full,0.01406566,71.0951
ITEM0215,calibration,visual,0,0,full,0.01406566,71.0951
ITEM0216,calibration,cognition,0,0,full,0.00706867,141.4694
ITEM0216,calibration,neuropathy,0,0,full,0.00706867,141.4694
ITEM0216,calibration,fatigue,0,0,full,0.00706867,141.4694
ITEM0216,calibration,pain,1,1,full,0.00706867,141.4694
ITEM0216,calibration,physical_function,0,0,full,0.00706867,141.4694
ITEM0216,calibration,swallowing,0,0,full,0.00706867,141.4694
ITEM0216,calibration,speech_voice,0,0,full,0.00706867,141.4694
ITEM0216,calibration,hearing,0,0,full,0.00706867,141.4694
ITEM0216,calibration,respiratory,0,0,full,0.00706867,141.4694
ITEM0216,calibration,bowel,0,0,full,0.00706867,141.4694
ITEM0216,calibration,urinary,0,0,full,0.00706867,141.4694
ITEM0216,calibration,sexual_reproductive,0,0,full,0.00706867,141.4694
ITEM0216,calibration,limb_lymphedema,0,0,full,0.00706867,141.4694
ITEM0216,calibration,visual,0,0,full,0.00706867,141.4694
ITEM0217,calibration,cognition,1,0,full,0.31748646,3.1497
ITEM0217,calibration,neuropathy,0,0,full,0.31748646,3.1497
ITEM0217,calibration,fatigue,1,0,full,0.31748646,3.1497
ITEM0217,calibration,pain,0,0,full,0.31748646,3.1497
ITEM0217,calibration,physical_function,1,0,full,0.31748646,3.1497
ITEM0217,calibration,swallowing,0,0,full,0.31748646,3.1497
ITEM0217,calibration,speech_voice,0,0,full,0.31748646,3.1497
ITEM0217,calibration,hearing,1,0,full,0.31748646,3.1497
ITEM0217,calibration,respiratory,0,0,full,0.31748646,3.1497
ITEM0217,calibration,bowel,0,0,full,0.31748646,3.1497
ITEM0217,calibration,urinary,0,0,full,0.31748646,3.1497
ITEM0217,calibration,sexual_reproductive,0,0,full,0.31748646,3.1497
ITEM0217,calibration,limb_lymphedema,0,0,full,0.31748646,3.1497
ITEM0217,calibration,visual,1,0,full,0.31748646,3.1497
ITEM0218,calibration,cognition,0,0,truncated,0.01091639,91.6054
ITEM0218,calibration,neuropathy,0,0,truncated,0.01091639,91.6054
ITEM0218,calibration,fatigue,0,0,truncated,0.01091639,91.6054
ITEM0218,calibration,pain,0,0,truncated,0.01091639,91.6054
ITEM0218,calibration,physical_function,0,0,truncated,0.01091639,91.6054
ITEM0218,calibration,swallowing,0,0,truncated,0.01091639,91.6054
ITEM0218,calibration,speech_voice,0,0,truncated,0.01091639,91.6054
ITEM0218,calibration,hearing,0,0,truncated,0.01091639,91.6054
ITEM0218,calibration,respiratory,0,0,truncated,0.01091639,91.6054
ITEM0218,calibration,bowel,0,0,truncated,0.01091639,91.6054
ITEM0218,calibration,urinary,0,0,truncated,0.01091639,91.6054
ITEM0218,calibration,sexual_reproductive,0,0,truncated,0.01091639,91.6054
ITEM0218,calibration,limb_lymphedema,0,0,truncated,0.01091639,91.6054
ITEM0218,calibration,visual,0,0,truncated,0.01091639,91.6054
ITEM0219,calibration,cognition,0,0,full,0.01091639,91.6054
ITEM0219,calibration,neuropathy,0,0,full,0.01091639,91.6054
ITEM0219,calibration,fatigue,0,0,full,0.01091639,91.6054
ITEM0219,calibration,pain,0,0,full,0.01091639,91.6054
ITEM0219,calibration,physical_function,0,0,full,0.01091639,91.6054
ITEM0219,calibration,swallowing,0,0,full,0.01091639,91.6054
ITEM0219,calibration,speech_voice,0,0,full,0.01091639,91.6054
ITEM0219,calibration,hearing,0,0,full,0.01091639,91.6054
ITEM0219,calibration,respiratory,0,0,full,0.01091639,91.6054
ITEM0219,calibration,bowel,0,0,full,0.01091639,91.6054
ITEM0219,calibration,urinary,0,0,full,0.01091639,91.6054
ITEM0219,calibration,sexual_reproductive,0,0,full,0.01091639,91.6054
ITEM0219,calibration,limb_lymphedema,0,0,full,0.01091639,91.6054
ITEM0219,calibration,visual,0,0,full,0.01091639,91.6054
ITEM0220,calibration,cognition,0,0,truncated,0.01091639,91.6054
ITEM0220,calibration,neuropathy,0,0,truncated,0.01091639,91.6054
ITEM0220,calibration,fatigue,0,0,truncated,0.01091639,91.6054
ITEM0220,calibration,pain,0,0,truncated,0.01091639,91.6054
ITEM0220,calibration,physical_function,0,0,truncated,0.01091639,91.6054
ITEM0220,calibration,swallowing,0,0,truncated,0.01091639,91.6054
ITEM0220,calibration,speech_voice,0,0,truncated,0.01091639,91.6054
ITEM0220,calibration,hearing,0,0,truncated,0.01091639,91.6054
ITEM0220,calibration,respiratory,0,0,truncated,0.01091639,91.6054
ITEM0220,calibration,bowel,0,0,truncated,0.01091639,91.6054
ITEM0220,calibration,urinary,0,0,truncated,0.01091639,91.6054
ITEM0220,calibration,sexual_reproductive,0,0,truncated,0.01091639,91.6054
ITEM0220,calibration,limb_lymphedema,0,0,truncated,0.01091639,91.6054
ITEM0220,calibration,visual,0,0,truncated,0.01091639,91.6054
ITEM0221,calibration,cognition,0,0,full,0.01091639,91.6054
ITEM0221,calibration,neuropathy,0,0,full,0.01091639,91.6054
ITEM0221,calibration,fatigue,0,0,full,0.01091639,91.6054
ITEM0221,calibration,pain,0,0,full,0.01091639,91.6054
ITEM0221,calibration,physical_function,0,0,full,0.01091639,91.6054
ITEM0221,calibration,swallowing,0,0,full,0.01091639,91.6054
ITEM0221,calibration,speech_voice,0,0,full,0.01091639,91.6054
ITEM0221,calibration,hearing,0,0,full,0.01091639,91.6054
ITEM0221,calibration,respiratory,0,0,full,0.01091639,91.6054
ITEM0221,calibration,bowel,0,0,full,0.01091639,91.6054
ITEM0221,calibration,urinary,0,0,full,0.01091639,91.6054
ITEM0221,calibration,sexual_reproductive,0,0,full,0.01091639,91.6054
ITEM0221,calibration,limb_lymphedema,0,0,full,0.01091639,91.6054
ITEM0221,calibration,visual,0,0,full,0.01091639,91.6054
ITEM0222,calibration,cognition,0,0,full,0.18194065,5.4963
ITEM0222,calibration,neuropathy,0,0,full,0.18194065,5.4963
ITEM0222,calibration,fatigue,1,1,full,0.18194065,5.4963
ITEM0222,calibration,pain,1,1,full,0.18194065,5.4963
ITEM0222,calibration,physical_function,0,0,full,0.18194065,5.4963
ITEM0222,calibration,swallowing,1,1,full,0.18194065,5.4963
ITEM0222,calibration,speech_voice,1,1,full,0.18194065,5.4963
ITEM0222,calibration,hearing,0,0,full,0.18194065,5.4963
ITEM0222,calibration,respiratory,1,1,full,0.18194065,5.4963
ITEM0222,calibration,bowel,1,0,full,0.18194065,5.4963
ITEM0222,calibration,urinary,0,0,full,0.18194065,5.4963
ITEM0222,calibration,sexual_reproductive,0,0,full,0.18194065,5.4963
ITEM0222,calibration,limb_lymphedema,0,0,full,0.18194065,5.4963
ITEM0222,calibration,visual,0,0,full,0.18194065,5.4963
ITEM0223,calibration,cognition,0,0,full,0.01091639,91.6054
ITEM0223,calibration,neuropathy,0,0,full,0.01091639,91.6054
ITEM0223,calibration,fatigue,0,0,full,0.01091639,91.6054
ITEM0223,calibration,pain,0,0,full,0.01091639,91.6054
ITEM0223,calibration,physical_function,0,0,full,0.01091639,91.6054
ITEM0223,calibration,swallowing,0,0,full,0.01091639,91.6054
ITEM0223,calibration,speech_voice,0,0,full,0.01091639,91.6054
ITEM0223,calibration,hearing,0,0,full,0.01091639,91.6054
ITEM0223,calibration,respiratory,0,0,full,0.01091639,91.6054
ITEM0223,calibration,bowel,0,0,full,0.01091639,91.6054
ITEM0223,calibration,urinary,0,0,full,0.01091639,91.6054
ITEM0223,calibration,sexual_reproductive,0,0,full,0.01091639,91.6054
ITEM0223,calibration,limb_lymphedema,0,0,full,0.01091639,91.6054
ITEM0223,calibration,visual,0,0,full,0.01091639,91.6054
ITEM0224,calibration,cognition,1,1,full,0.03947658,25.3315
ITEM0224,calibration,neuropathy,0,0,full,0.03947658,25.3315
ITEM0224,calibration,fatigue,1,1,full,0.03947658,25.3315
ITEM0224,calibration,pain,1,0,full,0.03947658,25.3315
ITEM0224,calibration,physical_function,1,0,full,0.03947658,25.3315
ITEM0224,calibration,swallowing,0,0,full,0.03947658,25.3315
ITEM0224,calibration,speech_voice,0,0,full,0.03947658,25.3315
ITEM0224,calibration,hearing,0,0,full,0.03947658,25.3315
ITEM0224,calibration,respiratory,0,0,full,0.03947658,25.3315
ITEM0224,calibration,bowel,0,0,full,0.03947658,25.3315
ITEM0224,calibration,urinary,0,0,full,0.03947658,25.3315
ITEM0224,calibration,sexual_reproductive,0,0,full,0.03947658,25.3315
ITEM0224,calibration,limb_lymphedema,0,0,full,0.03947658,25.3315
ITEM0224,calibration,visual,0,0,full,0.03947658,25.3315
ITEM0225,calibration,cognition,1,0,full,0.08860908,11.2855
ITEM0225,calibration,neuropathy,0,0,full,0.08860908,11.2855
ITEM0225,calibration,fatigue,1,0,full,0.08860908,11.2855
ITEM0225,calibration,pain,1,0,full,0.08860908,11.2855
ITEM0225,calibration,physical_function,1,0,full,0.08860908,11.2855
ITEM0225,calibration,swallowing,0,0,full,0.08860908,11.2855
ITEM0225,calibration,speech_voice,0,0,full,0.08860908,11.2855
ITEM0225,calibration,hearing,0,0,full,0.08860908,11.2855
ITEM0225,calibration,respiratory,1,0,full,0.08860908,11.2855
ITEM0225,calibration,bowel,1,0,full,0.08860908,11.2855
ITEM0225,calibration,urinary,1,0,full,0.08860908,11.2855
ITEM0225,calibration,sexual_reproductive,0,0,full,0.08860908,11.2855
ITEM0225,calibration,limb_lymphedema,0,0,full,0.08860908,11.2855
ITEM0225,calibration,visual,0,0,full,0.08860908,11.2855
ITEM0226,calibration,cognition,0,0,full,0.00706867,141.4694
ITEM0226,calibration,neuropathy,0,0,full,0.00706867,141.4694
ITEM0226,calibration,fatigue,0,0,full,0.00706867,141.4694
ITEM0226,calibration,pain,1,0,full,0.00706867,141.4694
ITEM0226,calibration,physical_function,0,0,full,0.00706867,141.4694
ITEM0226,calibration,swallowing,0,0,full,0.00706867,141.4694
ITEM0226,calibration,speech_voice,0,0,full,0.00706867,141.4694
ITEM0226,calibration,hearing,0,0,full,0.00706867,141.4694
ITEM0226,calibration,respiratory,0,0,full,0.00706867,141.4694
ITEM0226,calibration,bowel,0,0,full,0.00706867,141.4694
ITEM0226,calibration,urinary,0,0,full,0.00706867,141.4694
ITEM0226,calibration,sexual_reproductive,0,0,full,0.00706867,141.4694
ITEM0226,calibration,limb_lymphedema,0,0,full,0.00706867,141.4694
ITEM0226,calibration,visual,0,0,full,0.00706867,141.4694
ITEM0227,calibration,cognition,0,0,full,0.28826664,3.4690
ITEM0227,calibration,neuropathy,0,0,full,0.28826664,3.4690
ITEM0227,calibration,fatigue,0,0,full,0.28826664,3.4690
ITEM0227,calibration,pain,0,0,full,0.28826664,3.4690
ITEM0227,calibration,physical_function,0,0,full,0.28826664,3.4690
ITEM0227,calibration,swallowing,0,0,full,0.28826664,3.4690
ITEM0227,calibration,speech_voice,1,0,full,0.28826664,3.4690
ITEM0227,calibration,hearing,1,1,full,0.28826664,3.4690
ITEM0227,calibration,respiratory,0,0,full,0.28826664,3.4690
ITEM0227,calibration,bowel,0,0,full,0.28826664,3.4690
ITEM0227,calibration,urinary,0,0,full,0.28826664,3.4690
ITEM0227,calibration,sexual_reproductive,0,0,full,0.28826664,3.4690
ITEM0227,calibration,limb_lymphedema,0,0,full,0.28826664,3.4690
ITEM0227,calibration,visual,0,0,full,0.28826664,3.4690
ITEM0228,calibration,cognition,0,0,full,0.04293921,23.2887
ITEM0228,calibration,neuropathy,0,0,full,0.04293921,23.2887
ITEM0228,calibration,fatigue,0,0,full,0.04293921,23.2887
ITEM0228,calibration,pain,1,1,full,0.04293921,23.2887
ITEM0228,calibration,physical_function,0,0,full,0.04293921,23.2887
ITEM0228,calibration,swallowing,1,1,full,0.04293921,23.2887
ITEM0228,calibration,speech_voice,0,0,full,0.04293921,23.2887
ITEM0228,calibration,hearing,0,0,full,0.04293921,23.2887
ITEM0228,calibration,respiratory,0,0,full,0.04293921,23.2887
ITEM0228,calibration,bowel,0,0,full,0.04293921,23.2887
ITEM0228,calibration,urinary,0,0,full,0.04293921,23.2887
ITEM0228,calibration,sexual_reproductive,0,0,full,0.04293921,23.2887
ITEM0228,calibration,limb_lymphedema,0,0,full,0.04293921,23.2887
ITEM0228,calibration,visual,0,0,full,0.04293921,23.2887
ITEM0229,calibration,cognition,0,0,full,0.07434103,13.4515
ITEM0229,calibration,neuropathy,0,0,full,0.07434103,13.4515
ITEM0229,calibration,fatigue,0,0,full,0.07434103,13.4515
ITEM0229,calibration,pain,1,1,full,0.07434103,13.4515
ITEM0229,calibration,physical_function,0,0,full,0.07434103,13.4515
ITEM0229,calibration,swallowing,0,0,full,0.07434103,13.4515
ITEM0229,calibration,speech_voice,0,0,full,0.07434103,13.4515
ITEM0229,calibration,hearing,0,0,full,0.07434103,13.4515
ITEM0229,calibration,respiratory,0,0,full,0.07434103,13.4515
ITEM0229,calibration,bowel,0,0,full,0.07434103,13.4515
ITEM0229,calibration,urinary,0,0,full,0.07434103,13.4515
ITEM0229,calibration,sexual_reproductive,0,0,full,0.07434103,13.4515
ITEM0229,calibration,limb_lymphedema,1,1,full,0.07434103,13.4515
ITEM0229,calibration,visual,0,0,full,0.07434103,13.4515
ITEM0230,calibration,cognition,0,0,full,0.03929281,25.4499
ITEM0230,calibration,neuropathy,0,0,full,0.03929281,25.4499
ITEM0230,calibration,fatigue,1,0,full,0.03929281,25.4499
ITEM0230,calibration,pain,1,0,full,0.03929281,25.4499
ITEM0230,calibration,physical_function,0,0,full,0.03929281,25.4499
ITEM0230,calibration,swallowing,0,0,full,0.03929281,25.4499
ITEM0230,calibration,speech_voice,0,0,full,0.03929281,25.4499
ITEM0230,calibration,hearing,0,0,full,0.03929281,25.4499
ITEM0230,calibration,respiratory,1,1,full,0.03929281,25.4499
ITEM0230,calibration,bowel,0,0,full,0.03929281,25.4499
ITEM0230,calibration,urinary,0,0,full,0.03929281,25.4499
ITEM0230,calibration,sexual_reproductive,0,0,full,0.03929281,25.4499
ITEM0230,calibration,limb_lymphedema,0,0,full,0.03929281,25.4499
ITEM0230,calibration,visual,0,0,full,0.03929281,25.4499
ITEM0231,calibration,cognition,0,0,full,0.00706867,141.4694
ITEM0231,calibration,neuropathy,0,0,full,0.00706867,141.4694
ITEM0231,calibration,fatigue,0,0,full,0.00706867,141.4694
ITEM0231,calibration,pain,1,1,full,0.00706867,141.4694
ITEM0231,calibration,physical_function,0,0,full,0.00706867,141.4694
ITEM0231,calibration,swallowing,0,0,full,0.00706867,141.4694
ITEM0231,calibration,speech_voice,0,0,full,0.00706867,141.4694
ITEM0231,calibration,hearing,0,0,full,0.00706867,141.4694
ITEM0231,calibration,respiratory,0,0,full,0.00706867,141.4694
ITEM0231,calibration,bowel,0,0,full,0.00706867,141.4694
ITEM0231,calibration,urinary,0,0,full,0.00706867,141.4694
ITEM0231,calibration,sexual_reproductive,0,0,full,0.00706867,141.4694
ITEM0231,calibration,limb_lymphedema,0,0,full,0.00706867,141.4694
ITEM0231,calibration,visual,0,0,full,0.00706867,141.4694
ITEM0232,calibration,cognition,0,0,full,0.11560524,8.6501
ITEM0232,calibration,neuropathy,0,0,full,0.11560524,8.6501
ITEM0232,calibration,fatigue,0,0,full,0.11560524,8.6501
ITEM0232,calibration,pain,0,0,full,0.11560524,8.6501
ITEM0232,calibration,physical_function,0,0,full,0.11560524,8.6501
ITEM0232,calibration,swallowing,0,0,full,0.11560524,8.6501
ITEM0232,calibration,speech_voice,0,0,full,0.11560524,8.6501
ITEM0232,calibration,hearing,0,0,full,0.11560524,8.6501
ITEM0232,calibration,respiratory,0,0,full,0.11560524,8.6501
ITEM0232,calibration,bowel,0,0,full,0.11560524,8.6501
ITEM0232,calibration,urinary,0,0,full,0.11560524,8.6501
ITEM0232,calibration,sexual_reproductive,0,0,full,0.11560524,8.6501
ITEM0232,calibration,limb_lymphedema,0,0,full,0.11560524,8.6501
ITEM0232,calibration,visual,1,1,full,0.11560524,8.6501
ITEM0233,calibration,cognition,0,0,full,0.01091639,91.6054
ITEM0233,calibration,neuropathy,0,0,full,0.01091639,91.6054
ITEM0233,calibration,fatigue,0,0,full,0.01091639,91.6054
ITEM0233,calibration,pain,0,0,full,0.01091639,91.6054
ITEM0233,calibration,physical_function,0,0,full,0.01091639,91.6054
ITEM0233,calibration,swallowing,0,0,full,0.01091639,91.6054
ITEM0233,calibration,speech_voice,0,0,full,0.01091639,91.6054
ITEM0233,calibration,hearing,0,0,full,0.01091639,91.6054
ITEM0233,calibration,respiratory,0,0,full,0.01091639,91.6054
ITEM0233,calibration,bowel,0,0,full,0.01091639,91.6054
ITEM0233,calibration,urinary,0,0,full,0.01091639,91.6054
ITEM0233,calibration,sexual_reproductive,0,0,full,0.01091639,91.6054
ITEM0233,calibration,limb_lymphedema,0,0,full,0.01091639,91.6054
ITEM0233,calibration,visual,0,0,full,0.01091639,91.6054
ITEM0234,calibration,cognition,0,0,full,0.18771235,5.3273
ITEM0234,calibration,neuropathy,0,0,full,0.18771235,5.3273
ITEM0234,calibration,fatigue,0,0,full,0.18771235,5.3273
ITEM0234,calibration,pain,1,0,full,0.18771235,5.3273
ITEM0234,calibration,physical_function,1,0,full,0.18771235,5.3273
ITEM0234,calibration,swallowing,0,0,full,0.18771235,5.3273
ITEM0234,calibration,speech_voice,0,0,full,0.18771235,5.3273
ITEM0234,calibration,hearing,0,0,full,0.18771235,5.3273
ITEM0234,calibration,respiratory,0,0,full,0.18771235,5.3273
ITEM0234,calibration,bowel,0,0,full,0.18771235,5.3273
ITEM0234,calibration,urinary,0,0,full,0.18771235,5.3273
ITEM0234,calibration,sexual_reproductive,0,0,full,0.18771235,5.3273
ITEM0234,calibration,limb_lymphedema,1,0,full,0.18771235,5.3273
ITEM0234,calibration,visual,1,0,full,0.18771235,5.3273
ITEM0235,calibration,cognition,0,0,truncated,0.01091639,91.6054
ITEM0235,calibration,neuropathy,0,0,truncated,0.01091639,91.6054
ITEM0235,calibration,fatigue,0,0,truncated,0.01091639,91.6054
ITEM0235,calibration,pain,0,0,truncated,0.01091639,91.6054
ITEM0235,calibration,physical_function,0,0,truncated,0.01091639,91.6054
ITEM0235,calibration,swallowing,0,0,truncated,0.01091639,91.6054
ITEM0235,calibration,speech_voice,0,0,truncated,0.01091639,91.6054
ITEM0235,calibration,hearing,0,0,truncated,0.01091639,91.6054
ITEM0235,calibration,respiratory,0,0,truncated,0.01091639,91.6054
ITEM0235,calibration,bowel,0,0,truncated,0.01091639,91.6054
ITEM0235,calibration,urinary,0,0,truncated,0.01091639,91.6054
ITEM0235,calibration,sexual_reproductive,0,0,truncated,0.01091639,91.6054
ITEM0235,calibration,limb_lymphedema,0,0,truncated,0.01091639,91.6054
ITEM0235,calibration,visual,0,0,truncated,0.01091639,91.6054
ITEM0236,calibration,cognition,1,1,full,0.26563723,3.7645
ITEM0236,calibration,neuropathy,0,0,full,0.26563723,3.7645
ITEM0236,calibration,fatigue,1,1,full,0.26563723,3.7645
ITEM0236,calibration,pain,1,1,full,0.26563723,3.7645
ITEM0236,calibration,physical_function,0,0,full,0.26563723,3.7645
ITEM0236,calibration,swallowing,0,0,full,0.26563723,3.7645
ITEM0236,calibration,speech_voice,0,0,full,0.26563723,3.7645
ITEM0236,calibration,hearing,1,0,full,0.26563723,3.7645
ITEM0236,calibration,respiratory,1,1,full,0.26563723,3.7645
ITEM0236,calibration,bowel,1,0,full,0.26563723,3.7645
ITEM0236,calibration,urinary,1,0,full,0.26563723,3.7645
ITEM0236,calibration,sexual_reproductive,0,0,full,0.26563723,3.7645
ITEM0236,calibration,limb_lymphedema,0,0,full,0.26563723,3.7645
ITEM0236,calibration,visual,0,0,full,0.26563723,3.7645
ITEM0237,calibration,cognition,0,0,full,0.01091639,91.6054
ITEM0237,calibration,neuropathy,0,0,full,0.01091639,91.6054
ITEM0237,calibration,fatigue,0,0,full,0.01091639,91.6054
ITEM0237,calibration,pain,0,0,full,0.01091639,91.6054
ITEM0237,calibration,physical_function,0,0,full,0.01091639,91.6054
ITEM0237,calibration,swallowing,0,0,full,0.01091639,91.6054
ITEM0237,calibration,speech_voice,0,0,full,0.01091639,91.6054
ITEM0237,calibration,hearing,0,0,full,0.01091639,91.6054
ITEM0237,calibration,respiratory,0,0,full,0.01091639,91.6054
ITEM0237,calibration,bowel,0,0,full,0.01091639,91.6054
ITEM0237,calibration,urinary,0,0,full,0.01091639,91.6054
ITEM0237,calibration,sexual_reproductive,0,0,full,0.01091639,91.6054
ITEM0237,calibration,limb_lymphedema,0,0,full,0.01091639,91.6054
ITEM0237,calibration,visual,0,0,full,0.01091639,91.6054
ITEM0238,calibration,cognition,1,0,full,0.23337323,4.2850
ITEM0238,calibration,neuropathy,1,0,full,0.23337323,4.2850
ITEM0238,calibration,fatigue,0,0,full,0.23337323,4.2850
ITEM0238,calibration,pain,0,0,full,0.23337323,4.2850
ITEM0238,calibration,physical_function,0,0,full,0.23337323,4.2850
ITEM0238,calibration,swallowing,0,0,full,0.23337323,4.2850
ITEM0238,calibration,speech_voice,0,0,full,0.23337323,4.2850
ITEM0238,calibration,hearing,1,0,full,0.23337323,4.2850
ITEM0238,calibration,respiratory,0,0,full,0.23337323,4.2850
ITEM0238,calibration,bowel,0,0,full,0.23337323,4.2850
ITEM0238,calibration,urinary,0,0,full,0.23337323,4.2850
ITEM0238,calibration,sexual_reproductive,0,0,full,0.23337323,4.2850
ITEM0238,calibration,limb_lymphedema,0,0,full,0.23337323,4.2850
ITEM0238,calibration,visual,0,0,full,0.23337323,4.2850
ITEM0239,calibration,cognition,0,0,full,0.01669289,59.9057
ITEM0239,calibration,neuropathy,0,0,full,0.01669289,59.9057
ITEM0239,calibration,fatigue,1,0,full,0.01669289,59.9057
ITEM0239,calibration,pain,1,0,full,0.01669289,59.9057
ITEM0239,calibration,physical_function,0,0,full,0.01669289,59.9057
ITEM0239,calibration,swallowing,0,0,full,0.01669289,59.9057
ITEM0239,calibration,speech_voice,0,0,full,0.01669289,59.9057
ITEM0239,calibration,hearing,0,0,full,0.01669289,59.9057
ITEM0239,calibration,respiratory,0,0,full,0.01669289,59.9057
ITEM0239,calibration,bowel,0,0,full,0.01669289,59.9057
ITEM0239,calibration,urinary,0,0,full,0.01669289,59.9057
ITEM0239,calibration,sexual_reproductive,0,0,full,0.01669289,59.9057
ITEM0239,calibration,limb_lymphedema,0,0,full,0.01669289,59.9057
ITEM0239,calibration,visual,0,0,full,0.01669289,59.9057
ITEM0240,calibration,cognition,0,0,full,0.01924085,51.9728
ITEM0240,calibration,neuropathy,0,0,full,0.01924085,51.9728
ITEM0240,calibration,fatigue,0,0,full,0.01924085,51.9728
ITEM0240,calibration,pain,0,0,full,0.01924085,51.9728
ITEM0240,calibration,physical_function,0,0,full,0.01924085,51.9728
ITEM0240,calibration,swallowing,0,0,full,0.01924085,51.9728
ITEM0240,calibration,speech_voice,0,0,full,0.01924085,51.9728
ITEM0240,calibration,hearing,0,0,full,0.01924085,51.9728
ITEM0240,calibration,respiratory,0,0,full,0.01924085,51.9728
ITEM0240,calibration,bowel,0,0,full,0.01924085,51.9728
ITEM0240,calibration,urinary,1,0,full,0.01924085,51.9728
ITEM0240,calibration,sexual_reproductive,0,0,full,0.01924085,51.9728
ITEM0240,calibration,limb_lymphedema,0,0,full,0.01924085,51.9728
ITEM0240,calibration,visual,0,0,full,0.01924085,51.9728
ITEM0241,calibration,cognition,0,0,full,0.03093564,32.3252
ITEM0241,calibration,neuropathy,0,0,full,0.03093564,32.3252
ITEM0241,calibration,fatigue,0,0,full,0.03093564,32.3252
ITEM0241,calibration,pain,0,0,full,0.03093564,32.3252
ITEM0241,calibration,physical_function,0,0,full,0.03093564,32.3252
ITEM0241,calibration,swallowing,0,0,full,0.03093564,32.3252
ITEM0241,calibration,speech_voice,0,0,full,0.03093564,32.3252
ITEM0241,calibration,hearing,0,0,full,0.03093564,32.3252
ITEM0241,calibration,respiratory,0,0,full,0.03093564,32.3252
ITEM0241,calibration,bowel,1,1,full,0.03093564,32.3252
ITEM0241,calibration,urinary,1,1,full,0.03093564,32.3252
ITEM0241,calibration,sexual_reproductive,0,0,full,0.03093564,32.3252
ITEM0241,calibration,limb_lymphedema,0,0,full,0.03093564,32.3252
ITEM0241,calibration,visual,0,0,full,0.03093564,32.3252
ITEM0242,calibration,cognition,0,0,full,0.01406566,71.0951
ITEM0242,calibration,neuropathy,0,0,full,0.01406566,71.0951
ITEM0242,calibration,fatigue,0,0,full,0.01406566,71.0951
ITEM0242,calibration,pain,0,0,full,0.01406566,71.0951
ITEM0242,calibration,physical_function,0,0,full,0.01406566,71.0951
ITEM0242,calibration,swallowing,0,0,full,0.01406566,71.0951
ITEM0242,calibration,speech_voice,0,0,full,0.01406566,71.0951
ITEM0242,calibration,hearing,0,0,full,0.01406566,71.0951
ITEM0242,calibration,respiratory,0,0,full,0.01406566,71.0951
ITEM0242,calibration,bowel,1,0,full,0.01406566,71.0951
ITEM0242,calibration,urinary,0,0,full,0.01406566,71.0951
ITEM0242,calibration,sexual_reproductive,0,0,full,0.01406566,71.0951
ITEM0242,calibration,limb_lymphedema,0,0,full,0.01406566,71.0951
ITEM0242,calibration,visual,0,0,full,0.01406566,71.0951
ITEM0243,calibration,cognition,0,0,full,0.10994609,9.0954
ITEM0243,calibration,neuropathy,0,0,full,0.10994609,9.0954
ITEM0243,calibration,fatigue,0,0,full,0.10994609,9.0954
ITEM0243,calibration,pain,1,1,full,0.10994609,9.0954
ITEM0243,calibration,physical_function,1,1,full,0.10994609,9.0954
ITEM0243,calibration,swallowing,0,0,full,0.10994609,9.0954
ITEM0243,calibration,speech_voice,0,0,full,0.10994609,9.0954
ITEM0243,calibration,hearing,0,0,full,0.10994609,9.0954
ITEM0243,calibration,respiratory,0,0,full,0.10994609,9.0954
ITEM0243,calibration,bowel,1,0,full,0.10994609,9.0954
ITEM0243,calibration,urinary,1,0,full,0.10994609,9.0954
ITEM0243,calibration,sexual_reproductive,0,0,full,0.10994609,9.0954
ITEM0243,calibration,limb_lymphedema,1,0,full,0.10994609,9.0954
ITEM0243,calibration,visual,0,0,full,0.10994609,9.0954
ITEM0244,calibration,cognition,0,0,full,0.01091639,91.6054
ITEM0244,calibration,neuropathy,0,0,full,0.01091639,91.6054
ITEM0244,calibration,fatigue,0,0,full,0.01091639,91.6054
ITEM0244,calibration,pain,0,0,full,0.01091639,91.6054
ITEM0244,calibration,physical_function,0,0,full,0.01091639,91.6054
ITEM0244,calibration,swallowing,0,0,full,0.01091639,91.6054
ITEM0244,calibration,speech_voice,0,0,full,0.01091639,91.6054
ITEM0244,calibration,hearing,0,0,full,0.01091639,91.6054
ITEM0244,calibration,respiratory,0,0,full,0.01091639,91.6054
ITEM0244,calibration,bowel,0,0,full,0.01091639,91.6054
ITEM0244,calibration,urinary,0,0,full,0.01091639,91.6054
ITEM0244,calibration,sexual_reproductive,0,0,full,0.01091639,91.6054
ITEM0244,calibration,limb_lymphedema,0,0,full,0.01091639,91.6054
ITEM0244,calibration,visual,0,0,full,0.01091639,91.6054
ITEM0245,calibration,cognition,0,0,truncated,0.01091639,91.6054
ITEM0245,calibration,neuropathy,0,0,truncated,0.01091639,91.6054
ITEM0245,calibration,fatigue,0,0,truncated,0.01091639,91.6054
ITEM0245,calibration,pain,0,0,truncated,0.01091639,91.6054
ITEM0245,calibration,physical_function,0,0,truncated,0.01091639,91.6054
ITEM0245,calibration,swallowing,0,0,truncated,0.01091639,91.6054
ITEM0245,calibration,speech_voice,0,0,truncated,0.01091639,91.6054
ITEM0245,calibration,hearing,0,0,truncated,0.01091639,91.6054
ITEM0245,calibration,respiratory,0,0,truncated,0.01091639,91.6054
ITEM0245,calibration,bowel,0,0,truncated,0.01091639,91.6054
ITEM0245,calibration,urinary,0,0,truncated,0.01091639,91.6054
ITEM0245,calibration,sexual_reproductive,0,0,truncated,0.01091639,91.6054
ITEM0245,calibration,limb_lymphedema,0,0,truncated,0.01091639,91.6054
ITEM0245,calibration,visual,0,0,truncated,0.01091639,91.6054
ITEM0246,calibration,cognition,0,0,full,0.01091639,91.6054
ITEM0246,calibration,neuropathy,0,0,full,0.01091639,91.6054
ITEM0246,calibration,fatigue,0,0,full,0.01091639,91.6054
ITEM0246,calibration,pain,0,0,full,0.01091639,91.6054
ITEM0246,calibration,physical_function,0,0,full,0.01091639,91.6054
ITEM0246,calibration,swallowing,0,0,full,0.01091639,91.6054
ITEM0246,calibration,speech_voice,0,0,full,0.01091639,91.6054
ITEM0246,calibration,hearing,0,0,full,0.01091639,91.6054
ITEM0246,calibration,respiratory,0,0,full,0.01091639,91.6054
ITEM0246,calibration,bowel,0,0,full,0.01091639,91.6054
ITEM0246,calibration,urinary,0,0,full,0.01091639,91.6054
ITEM0246,calibration,sexual_reproductive,0,0,full,0.01091639,91.6054
ITEM0246,calibration,limb_lymphedema,0,0,full,0.01091639,91.6054
ITEM0246,calibration,visual,0,0,full,0.01091639,91.6054
ITEM0247,calibration,cognition,0,0,full,0.15278595,6.5451
ITEM0247,calibration,neuropathy,0,0,full,0.15278595,6.5451
ITEM0247,calibration,fatigue,0,0,full,0.15278595,6.5451
ITEM0247,calibration,pain,1,0,full,0.15278595,6.5451
ITEM0247,calibration,physical_function,1,0,full,0.15278595,6.5451
ITEM0247,calibration,swallowing,1,0,full,0.15278595,6.5451
ITEM0247,calibration,speech_voice,1,0,full,0.15278595,6.5451
ITEM0247,calibration,hearing,0,0,full,0.15278595,6.5451
ITEM0247,calibration,respiratory,0,0,full,0.15278595,6.5451
ITEM0247,calibration,bowel,0,0,full,0.15278595,6.5451
ITEM0247,calibration,urinary,0,0,full,0.15278595,6.5451
ITEM0247,calibration,sexual_reproductive,0,0,full,0.15278595,6.5451
ITEM0247,calibration,limb_lymphedema,0,0,full,0.15278595,6.5451
ITEM0247,calibration,visual,0,0,full,0.15278595,6.5451
ITEM0248,calibration,cognition,0,0,truncated,0.01091639,91.6054
ITEM0248,calibration,neuropathy,0,0,truncated,0.01091639,91.6054
ITEM0248,calibration,fatigue,0,0,truncated,0.01091639,91.6054
ITEM0248,calibration,pain,0,0,truncated,0.01091639,91.6054
ITEM0248,calibration,physical_function,0,0,truncated,0.01091639,91.6054
ITEM0248,calibration,swallowing,0,0,truncated,0.01091639,91.6054
ITEM0248,calibration,speech_voice,0,0,truncated,0.01091639,91.6054
ITEM0248,calibration,hearing,0,0,truncated,0.01091639,91.6054
ITEM0248,calibration,respiratory,0,0,truncated,0.01091639,91.6054
ITEM0248,calibration,bowel,0,0,truncated,0.01091639,91.6054
ITEM0248,calibration,urinary,0,0,truncated,0.01091639,91.6054
ITEM0248,calibration,sexual_reproductive,0,0,truncated,0.01091639,91.6054
ITEM0248,calibration,limb_lymphedema,0,0,truncated,0.01091639,91.6054
ITEM0248,calibration,visual,0,0,truncated,0.01091639,91.6054
ITEM0249,calibration,cognition,0,0,full,0.01091639,91.6054
ITEM0249,calibration,neuropathy,0,0,full,0.01091639,91.6054
ITEM0249,calibration,fatigue,0,0,full,0.01091639,91.6054
ITEM0249,calibration,pain,0,0,full,0.01091639,91.6054
ITEM0249,calibration,physical_function,0,0,full,0.01091639,91.6054
ITEM0249,calibration,swallowing,0,0,full,0.01091639,91.6054
ITEM0249,calibration,speech_voice,0,0,full,0.01091639,91.6054
ITEM0249,calibration,hearing,0,0,full,0.01091639,91.6054
ITEM0249,calibration,respiratory,0,0,full,0.01091639,91.6054
ITEM0249,calibration,bowel,0,0,full,0.01091639,91.6054
ITEM0249,calibration,urinary,0,0,full,0.01091639,91.6054
ITEM0249,calibration,sexual_reproductive,0,0,full,0.01091639,91.6054
ITEM0249,calibration,limb_lymphedema,0,0,full,0.01091639,91.6054
ITEM0249,calibration,visual,0,0,full,0.01091639,91.6054
ITEM0250,calibration,cognition,1,1,full,0.12744156,7.8467
ITEM0250,calibration,neuropathy,0,0,full,0.12744156,7.8467
ITEM0250,calibration,fatigue,0,0,full,0.12744156,7.8467
ITEM0250,calibration,pain,0,0,full,0.12744156,7.8467
ITEM0250,calibration,physical_function,0,0,full,0.12744156,7.8467
ITEM0250,calibration,swallowing,0,0,full,0.12744156,7.8467
ITEM0250,calibration,speech_voice,0,0,full,0.12744156,7.8467
ITEM0250,calibration,hearing,0,0,full,0.12744156,7.8467
ITEM0250,calibration,respiratory,0,0,full,0.12744156,7.8467
ITEM0250,calibration,bowel,0,0,full,0.12744156,7.8467
ITEM0250,calibration,urinary,0,0,full,0.12744156,7.8467
ITEM0250,calibration,sexual_reproductive,0,0,full,0.12744156,7.8467
ITEM0250,calibration,limb_lymphedema,0,0,full,0.12744156,7.8467
ITEM0250,calibration,visual,1,0,full,0.12744156,7.8467
ITEM0251,calibration,cognition,1,0,full,0.19221995,5.2024
ITEM0251,calibration,neuropathy,0,0,full,0.19221995,5.2024
ITEM0251,calibration,fatigue,1,0,full,0.19221995,5.2024
ITEM0251,calibration,pain,1,0,full,0.19221995,5.2024
ITEM0251,calibration,physical_function,1,0,full,0.19221995,5.2024
ITEM0251,calibration,swallowing,0,0,full,0.19221995,5.2024
ITEM0251,calibration,speech_voice,0,0,full,0.19221995,5.2024
ITEM0251,calibration,hearing,0,0,full,0.19221995,5.2024
ITEM0251,calibration,respiratory,1,0,full,0.19221995,5.2024
ITEM0251,calibration,bowel,1,0,full,0.19221995,5.2024
ITEM0251,calibration,urinary,1,0,full,0.19221995,5.2024
ITEM0251,calibration,sexual_reproductive,0,0,full,0.19221995,5.2024
ITEM0251,calibration,limb_lymphedema,0,0,full,0.19221995,5.2024
ITEM0251,calibration,visual,1,0,full,0.19221995,5.2024
ITEM0252,calibration,cognition,0,0,full,0.02849976,35.0880
ITEM0252,calibration,neuropathy,0,0,full,0.02849976,35.0880
ITEM0252,calibration,fatigue,0,0,full,0.02849976,35.0880
ITEM0252,calibration,pain,0,0,full,0.02849976,35.0880
ITEM0252,calibration,physical_function,0,0,full,0.02849976,35.0880
ITEM0252,calibration,swallowing,0,0,full,0.02849976,35.0880
ITEM0252,calibration,speech_voice,0,0,full,0.02849976,35.0880
ITEM0252,calibration,hearing,0,0,full,0.02849976,35.0880
ITEM0252,calibration,respiratory,0,0,full,0.02849976,35.0880
ITEM0252,calibration,bowel,0,0,full,0.02849976,35.0880
ITEM0252,calibration,urinary,0,0,full,0.02849976,35.0880
ITEM0252,calibration,sexual_reproductive,1,1,full,0.02849976,35.0880
ITEM0252,calibration,limb_lymphedema,0,0,full,0.02849976,35.0880
ITEM0252,calibration,visual,0,0,full,0.02849976,35.0880
ITEM0253,calibration,cognition,0,0,full,0.07899931,12.6583
ITEM0253,calibration,neuropathy,0,0,full,0.07899931,12.6583
ITEM0253,calibration,fatigue,0,0,full,0.07899931,12.6583
ITEM0253,calibration,pain,0,0,full,0.07899931,12.6583
ITEM0253,calibration,physical_function,1,1,full,0.07899931,12.6583
ITEM0253,calibration,swallowing,0,0,full,0.07899931,12.6583
ITEM0253,calibration,speech_voice,0,0,full,0.07899931,12.6583
ITEM0253,calibration,hearing,0,0,full,0.07899931,12.6583
ITEM0253,calibration,respiratory,0,0,full,0.07899931,12.6583
ITEM0253,calibration,bowel,0,0,full,0.07899931,12.6583
ITEM0253,calibration,urinary,0,0,full,0.07899931,12.6583
ITEM0253,calibration,sexual_reproductive,0,0,full,0.07899931,12.6583
ITEM0253,calibration,limb_lymphedema,1,1,full,0.07899931,12.6583
ITEM0253,calibration,visual,0,0,full,0.07899931,12.6583
ITEM0254,calibration,cognition,0,0,full,0.20396143,4.9029
ITEM0254,calibration,neuropathy,0,0,full,0.20396143,4.9029
ITEM0254,calibration,fatigue,0,0,full,0.20396143,4.9029
ITEM0254,calibration,pain,0,0,full,0.20396143,4.9029
ITEM0254,calibration,physical_function,0,0,full,0.20396143,4.9029
ITEM0254,calibration,swallowing,0,0,full,0.20396143,4.9029
ITEM0254,calibration,speech_voice,0,0,full,0.20396143,4.9029
ITEM0254,calibration,hearing,1,0,full,0.20396143,4.9029
ITEM0254,calibration,respiratory,0,0,full,0.20396143,4.9029
ITEM0254,calibration,bowel,0,0,full,0.20396143,4.9029
ITEM0254,calibration,urinary,0,0,full,0.20396143,4.9029
ITEM0254,calibration,sexual_reproductive,0,0,full,0.20396143,4.9029
ITEM0254,calibration,limb_lymphedema,0,0,full,0.20396143,4.9029
ITEM0254,calibration,visual,0,0,full,0.20396143,4.9029
ITEM0255,calibration,cognition,0,0,full,0.11560524,8.6501
ITEM0255,calibration,neuropathy,0,0,full,0.11560524,8.6501
ITEM0255,calibration,fatigue,0,0,full,0.11560524,8.6501
ITEM0255,calibration,pain,0,0,full,0.11560524,8.6501
ITEM0255,calibration,physical_function,0,0,full,0.11560524,8.6501
ITEM0255,calibration,swallowing,0,0,full,0.11560524,8.6501
ITEM0255,calibration,speech_voice,0,0,full,0.11560524,8.6501
ITEM0255,calibration,hearing,0,0,full,0.11560524,8.6501
ITEM0255,calibration,respiratory,0,0,full,0.11560524,8.6501
ITEM0255,calibration,bowel,0,0,full,0.11560524,8.6501
ITEM0255,calibration,urinary,0,0,full,0.11560524,8.6501
ITEM0255,calibration,sexual_reproductive,0,0,full,0.11560524,8.6501
ITEM0255,calibration,limb_lymphedema,0,0,full,0.11560524,8.6501
ITEM0255,calibration,visual,1,1,full,0.11560524,8.6501
ITEM0256,calibration,cognition,1,1,full,0.12744156,7.8467
ITEM0256,calibration,neuropathy,0,0,full,0.12744156,7.8467
ITEM0256,calibration,fatigue,0,0,full,0.12744156,7.8467
ITEM0256,calibration,pain,0,0,full,0.12744156,7.8467
ITEM0256,calibration,physical_function,0,0,full,0.12744156,7.8467
ITEM0256,calibration,swallowing,0,0,full,0.12744156,7.8467
ITEM0256,calibration,speech_voice,0,0,full,0.12744156,7.8467
ITEM0256,calibration,hearing,0,0,full,0.12744156,7.8467
ITEM0256,calibration,respiratory,0,0,full,0.12744156,7.8467
ITEM0256,calibration,bowel,0,0,full,0.12744156,7.8467
ITEM0256,calibration,urinary,0,0,full,0.12744156,7.8467
ITEM0256,calibration,sexual_reproductive,0,0,full,0.12744156,7.8467
ITEM0256,calibration,limb_lymphedema,0,0,full,0.12744156,7.8467
ITEM0256,calibration,visual,1,0,full,0.12744156,7.8467
ITEM0257,calibration,cognition,0,0,full,0.20396143,4.9029
ITEM0257,calibration,neuropathy,0,0,full,0.20396143,4.9029
ITEM0257,calibration,fatigue,0,0,full,0.20396143,4.9029
ITEM0257,calibration,pain,0,0,full,0.20396143,4.9029
ITEM0257,calibration,physical_function,0,0,full,0.20396143,4.9029
ITEM0257,calibration,swallowing,0,0,full,0.20396143,4.9029
ITEM0257,calibration,speech_voice,0,0,full,0.20396143,4.9029
ITEM0257,calibration,hearing,1,1,full,0.20396143,4.9029
ITEM0257,calibration,respiratory,0,0,full,0.20396143,4.9029
ITEM0257,calibration,bowel,0,0,full,0.20396143,4.9029
ITEM0257,calibration,urinary,0,0,full,0.20396143,4.9029
ITEM0257,calibration,sexual_reproductive,0,0,full,0.20396143,4.9029
ITEM0257,calibration,limb_lymphedema,0,0,full,0.20396143,4.9029
ITEM0257,calibration,visual,0,0,full,0.20396143,4.9029
ITEM0258,calibration,cognition,1,1,full,0.07274311,13.7470
ITEM0258,calibration,neuropathy,0,0,full,0.07274311,13.7470
ITEM0258,calibration,fatigue,1,0,full,0.07274311,13.7470
ITEM0258,calibration,pain,1,0,full,0.07274311,13.7470
ITEM0258,calibration,physical_function,1,0,full,0.07274311,13.7470
ITEM0258,calibration,swallowing,0,0,full,0.07274311,13.7470
ITEM0258,calibration,speech_voice,0,0,full,0.07274311,13.7470
ITEM0258,calibration,hearing,0,0,full,0.07274311,13.7470
ITEM0258,calibration,respiratory,1,0,full,0.07274311,13.7470
ITEM0258,calibration,bowel,1,0,full,0.07274311,13.7470
ITEM0258,calibration,urinary,0,0,full,0.07274311,13.7470
ITEM0258,calibration,sexual_reproductive,0,0,full,0.07274311,13.7470
ITEM0258,calibration,limb_lymphedema,0,0,full,0.07274311,13.7470
ITEM0258,calibration,visual,0,0,full,0.07274311,13.7470
ITEM0259,calibration,cognition,1,0,full,0.07274311,13.7470
ITEM0259,calibration,neuropathy,0,0,full,0.07274311,13.7470
ITEM0259,calibration,fatigue,1,0,full,0.07274311,13.7470
ITEM0259,calibration,pain,1,0,full,0.07274311,13.7470
ITEM0259,calibration,physical_function,1,0,full,0.07274311,13.7470
ITEM0259,calibration,swallowing,0,0,full,0.07274311,13.7470
ITEM0259,calibration,speech_voice,0,0,full,0.07274311,13.7470
ITEM0259,calibration,hearing,0,0,full,0.07274311,13.7470
ITEM0259,calibration,respiratory,1,0,full,0.07274311,13.7470
ITEM0259,calibration,bowel,1,0,full,0.07274311,13.7470
ITEM0259,calibration,urinary,0,0,full,0.07274311,13.7470
ITEM0259,calibration,sexual_reproductive,0,0,full,0.07274311,13.7470
ITEM0259,calibration,limb_lymphedema,0,0,full,0.07274311,13.7470
ITEM0259,calibration,visual,0,0,full,0.07274311,13.7470
ITEM0260,calibration,cognition,0,0,full,0.01091639,91.6054
ITEM0260,calibration,neuropathy,0,0,full,0.01091639,91.6054
ITEM0260,calibration,fatigue,0,0,full,0.01091639,91.6054
ITEM0260,calibration,pain,0,0,full,0.01091639,91.6054
ITEM0260,calibration,physical_function,0,0,full,0.01091639,91.6054
ITEM0260,calibration,swallowing,0,0,full,0.01091639,91.6054
ITEM0260,calibration,speech_voice,0,0,full,0.01091639,91.6054
ITEM0260,calibration,hearing,0,0,full,0.01091639,91.6054
ITEM0260,calibration,respiratory,0,0,full,0.01091639,91.6054
ITEM0260,calibration,bowel,0,0,full,0.01091639,91.6054
ITEM0260,calibration,urinary,0,0,full,0.01091639,91.6054
ITEM0260,calibration,sexual_reproductive,0,0,full,0.01091639,91.6054
ITEM0260,calibration,limb_lymphedema,0,0,full,0.01091639,91.6054
ITEM0260,calibration,visual,0,0,full,0.01091639,91.6054
ITEM0261,calibration,cognition,1,1,full,0.16386512,6.1026
ITEM0261,calibration,neuropathy,0,0,full,0.16386512,6.1026
ITEM0261,calibration,fatigue,1,0,full,0.16386512,6.1026
ITEM0261,calibration,pain,1,0,full,0.16386512,6.1026
ITEM0261,calibration,physical_function,1,0,full,0.16386512,6.1026
ITEM0261,calibration,swallowing,0,0,full,0.16386512,6.1026
ITEM0261,calibration,speech_voice,1,0,full,0.16386512,6.1026
ITEM0261,calibration,hearing,0,0,full,0.16386512,6.1026
ITEM0261,calibration,respiratory,0,0,full,0.16386512,6.1026
ITEM0261,calibration,bowel,0,0,full,0.16386512,6.1026
ITEM0261,calibration,urinary,0,0,full,0.16386512,6.1026
ITEM0261,calibration,sexual_reproductive,1,0,full,0.16386512,6.1026
ITEM0261,calibration,limb_lymphedema,0,0,full,0.16386512,6.1026
ITEM0261,calibration,visual,0,0,full,0.16386512,6.1026
ITEM0262,calibration,cognition,0,0,full,0.01091639,91.6054
ITEM0262,calibration,neuropathy,0,0,full,0.01091639,91.6054
ITEM0262,calibration,fatigue,0,0,full,0.01091639,91.6054
ITEM0262,calibration,pain,0,0,full,0.01091639,91.6054
ITEM0262,calibration,physical_function,0,0,full,0.01091639,91.6054
ITEM0262,calibration,swallowing,0,0,full,0.01091639,91.6054
ITEM0262,calibration,speech_voice,0,0,full,0.01091639,91.6054
ITEM0262,calibration,hearing,0,0,full,0.01091639,91.6054
ITEM0262,calibration,respiratory,0,0,full,0.01091639,91.6054
ITEM0262,calibration,bowel,0,0,full,0.01091639,91.6054
ITEM0262,calibration,urinary,0,0,full,0.01091639,91.6054
ITEM0262,calibration,sexual_reproductive,0,0,full,0.01091639,91.6054
ITEM0262,calibration,limb_lymphedema,0,0,full,0.01091639,91.6054
ITEM0262,calibration,visual,0,0,full,0.01091639,91.6054
ITEM0263,calibration,cognition,1,0,full,0.06345283,15.7597
ITEM0263,calibration,neuropathy,0,0,full,0.06345283,15.7597
ITEM0263,calibration,fatigue,1,0,full,0.06345283,15.7597
ITEM0263,calibration,pain,1,0,full,0.06345283,15.7597
ITEM0263,calibration,physical_function,0,0,full,0.06345283,15.7597
ITEM0263,calibration,swallowing,0,0,full,0.06345283,15.7597
ITEM0263,calibration,speech_voice,0,0,full,0.06345283,15.7597
ITEM0263,calibration,hearing,0,0,full,0.06345283,15.7597
ITEM0263,calibration,respiratory,1,0,full,0.06345283,15.7597
ITEM0263,calibration,bowel,1,0,full,0.06345283,15.7597
ITEM0263,calibration,urinary,0,0,full,0.06345283,15.7597
ITEM0263,calibration,sexual_reproductive,0,0,full,0.06345283,15.7597
ITEM0263,calibration,limb_lymphedema,0,0,full,0.06345283,15.7597
ITEM0263,calibration,visual,0,0,full,0.06345283,15.7597
ITEM0264,calibration,cognition,0,0,full,0.02164128,46.2080
ITEM0264,calibration,neuropathy,0,0,full,0.02164128,46.2080
ITEM0264,calibration,fatigue,1,1,full,0.02164128,46.2080
ITEM0264,calibration,pain,0,0,full,0.02164128,46.2080
ITEM0264,calibration,physical_function,1,1,full,0.02164128,46.2080
ITEM0264,calibration,swallowing,0,0,full,0.02164128,46.2080
ITEM0264,calibration,speech_voice,0,0,full,0.02164128,46.2080
ITEM0264,calibration,hearing,0,0,full,0.02164128,46.2080
ITEM0264,calibration,respiratory,0,0,full,0.02164128,46.2080
ITEM0264,calibration,bowel,0,0,full,0.02164128,46.2080
ITEM0264,calibration,urinary,0,0,full,0.02164128,46.2080
ITEM0264,calibration,sexual_reproductive,0,0,full,0.02164128,46.2080
ITEM0264,calibration,limb_lymphedema,0,0,full,0.02164128,46.2080
ITEM0264,calibration,visual,0,0,full,0.02164128,46.2080
ITEM0265,calibration,cognition,0,0,full,0.00706867,141.4694
ITEM0265,calibration,neuropathy,0,0,full,0.00706867,141.4694
ITEM0265,calibration,fatigue,0,0,full,0.00706867,141.4694
ITEM0265,calibration,pain,1,0,full,0.00706867,141.4694
ITEM0265,calibration,physical_function,0,0,full,0.00706867,141.4694
ITEM0265,calibration,swallowing,0,0,full,0.00706867,141.4694
ITEM0265,calibration,speech_voice,0,0,full,0.00706867,141.4694
ITEM0265,calibration,hearing,0,0,full,0.00706867,141.4694
ITEM0265,calibration,respiratory,0,0,full,0.00706867,141.4694
ITEM0265,calibration,bowel,0,0,full,0.00706867,141.4694
ITEM0265,calibration,urinary,0,0,full,0.00706867,141.4694
ITEM0265,calibration,sexual_reproductive,0,0,full,0.00706867,141.4694
ITEM0265,calibration,limb_lymphedema,0,0,full,0.00706867,141.4694
ITEM0265,calibration,visual,0,0,full,0.00706867,141.4694
ITEM0266,calibration,cognition,0,0,full,0.01091639,91.6054
ITEM0266,calibration,neuropathy,0,0,full,0.01091639,91.6054
ITEM0266,calibration,fatigue,0,0,full,0.01091639,91.6054
ITEM0266,calibration,pain,0,0,full,0.01091639,91.6054
ITEM0266,calibration,physical_function,0,0,full,0.01091639,91.6054
ITEM0266,calibration,swallowing,0,0,full,0.01091639,91.6054
ITEM0266,calibration,speech_voice,0,0,full,0.01091639,91.6054
ITEM0266,calibration,hearing,0,0,full,0.01091639,91.6054
ITEM0266,calibration,respiratory,0,0,full,0.01091639,91.6054
ITEM0266,calibration,bowel,0,0,full,0.01091639,91.6054
ITEM0266,calibration,urinary,0,0,full,0.01091639,91.6054
ITEM0266,calibration,sexual_reproductive,0,0,full,0.01091639,91.6054
ITEM0266,calibration,limb_lymphedema,0,0,full,0.01091639,91.6054
ITEM0266,calibration,visual,0,0,full,0.01091639,91.6054
ITEM0267,calibration,cognition,0,0,full,0.03821489,26.1678
ITEM0267,calibration,neuropathy,0,0,full,0.03821489,26.1678
ITEM0267,calibration,fatigue,0,0,full,0.03821489,26.1678
ITEM0267,calibration,pain,0,0,full,0.03821489,26.1678
ITEM0267,calibration,physical_function,0,0,full,0.03821489,26.1678
ITEM0267,calibration,swallowing,1,0,full,0.03821489,26.1678
ITEM0267,calibration,speech_voice,0,0,full,0.03821489,26.1678
ITEM0267,calibration,hearing,0,0,full,0.03821489,26.1678
ITEM0267,calibration,respiratory,0,0,full,0.03821489,26.1678
ITEM0267,calibration,bowel,0,0,full,0.03821489,26.1678
ITEM0267,calibration,urinary,0,0,full,0.03821489,26.1678
ITEM0267,calibration,sexual_reproductive,0,0,full,0.03821489,26.1678
ITEM0267,calibration,limb_lymphedema,0,0,full,0.03821489,26.1678
ITEM0267,calibration,visual,0,0,full,0.03821489,26.1678
ITEM0268,calibration,cognition,0,0,full,0.01183902,84.4665
ITEM0268,calibration,neuropathy,0,0,full,0.01183902,84.4665
ITEM0268,calibration,fatigue,1,1,full,0.01183902,84.4665
ITEM0268,calibration,pain,0,0,full,0.01183902,84.4665
ITEM0268,calibration,physical_function,0,0,full,0.01183902,84.4665
ITEM0268,calibration,swallowing,0,0,full,0.01183902,84.4665
ITEM0268,calibration,speech_voice,0,0,full,0.01183902,84.4665
ITEM0268,calibration,hearing,0,0,full,0.01183902,84.4665
ITEM0268,calibration,respiratory,0,0,full,0.01183902,84.4665
ITEM0268,calibration,bowel,0,0,full,0.01183902,84.4665
ITEM0268,calibration,urinary,0,0,full,0.01183902,84.4665
ITEM0268,calibration,sexual_reproductive,0,0,full,0.01183902,84.4665
ITEM0268,calibration,limb_lymphedema,0,0,full,0.01183902,84.4665
ITEM0268,calibration,visual,0,0,full,0.01183902,84.4665
ITEM0269,calibration,cognition,0,0,full,0.01091639,91.6054
ITEM0269,calibration,neuropathy,0,0,full,0.01091639,91.6054
ITEM0269,calibration,fatigue,0,0,full,0.01091639,91.6054
ITEM0269,calibration,pain,0,0,full,0.01091639,91.6054
ITEM0269,calibration,physical_function,0,0,full,0.01091639,91.6054
ITEM0269,calibration,swallowing,0,0,full,0.01091639,91.6054
ITEM0269,calibration,speech_voice,0,0,full,0.01091639,91.6054
ITEM0269,calibration,hearing,0,0,full,0.01091639,91.6054
ITEM0269,calibration,respiratory,0,0,full,0.01091639,91.6054
ITEM0269,calibration,bowel,0,0,full,0.01091639,91.6054
ITEM0269,calibration,urinary,0,0,full,0.01091639,91.6054
ITEM0269,calibration,sexual_reproductive,0,0,full,0.01091639,91.6054
ITEM0269,calibration,limb_lymphedema,0,0,full,0.01091639,91.6054
ITEM0269,calibration,visual,0,0,full,0.01091639,91.6054
ITEM0270,calibration,cognition,0,0,full,0.01091639,91.6054
ITEM0270,calibration,neuropathy,0,0,full,0.01091639,91.6054
ITEM0270,calibration,fatigue,0,0,full,0.01091639,91.6054
ITEM0270,calibration,pain,0,0,full,0.01091639,91.6054
ITEM0270,calibration,physical_function,0,0,full,0.01091639,91.6054
ITEM0270,calibration,swallowing,0,0,full,0.01091639,91.6054
ITEM0270,calibration,speech_voice,0,0,full,0.01091639,91.6054
ITEM0270,calibration,hearing,0,0,full,0.01091639,91.6054
ITEM0270,calibration,respiratory,0,0,full,0.01091639,91.6054
ITEM0270,calibration,bowel,0,0,full,0.01091639,91.6054
ITEM0270,calibration,urinary,0,0,full,0.01091639,91.6054
ITEM0270,calibration,sexual_reproductive,0,0,full,0.01091639,91.6054
ITEM0270,calibration,limb_lymphedema,0,0,full,0.01091639,91.6054
ITEM0270,calibration,visual,0,0,full,0.01091639,91.6054
ITEM0271,calibration,cognition,0,0,full,0.01924085,51.9728
ITEM0271,calibration,neuropathy,0,0,full,0.01924085,51.9728
ITEM0271,calibration,fatigue,0,0,full,0.01924085,51.9728
ITEM0271,calibration,pain,0,0,full,0.01924085,51.9728
ITEM0271,calibration,physical_function,0,0,full,0.01924085,51.9728
ITEM0271,calibration,swallowing,0,0,full,0.01924085,51.9728
ITEM0271,calibration,speech_voice,0,0,full,0.01924085,51.9728
ITEM0271,calibration,hearing,0,0,full,0.01924085,51.9728
ITEM0271,calibration,respiratory,0,0,full,0.01924085,51.9728
ITEM0271,calibration,bowel,0,0,full,0.01924085,51.9728
ITEM0271,calibration,urinary,1,1,full,0.01924085,51.9728
ITEM0271,calibration,sexual_reproductive,0,0,full,0.01924085,51.9728
ITEM0271,calibration,limb_lymphedema,0,0,full,0.01924085,51.9728
ITEM0271,calibration,visual,0,0,full,0.01924085,51.9728
ITEM0272,calibration,cognition,0,0,truncated,0.10784369,9.2727
ITEM0272,calibration,neuropathy,0,0,truncated,0.10784369,9.2727
ITEM0272,calibration,fatigue,0,0,truncated,0.10784369,9.2727
ITEM0272,calibration,pain,0,0,truncated,0.10784369,9.2727
ITEM0272,calibration,physical_function,0,0,truncated,0.10784369,9.2727
ITEM0272,calibration,swallowing,0,0,truncated,0.10784369,9.2727
ITEM0272,calibration,speech_voice,1,0,truncated,0.10784369,9.2727
ITEM0272,calibration,hearing,0,0,truncated,0.10784369,9.2727
ITEM0272,calibration,respiratory,0,0,truncated,0.10784369,9.2727
ITEM0272,calibration,bowel,0,0,truncated,0.10784369,9.2727
ITEM0272,calibration,urinary,0,0,truncated,0.10784369,9.2727
ITEM0272,calibration,sexual_reproductive,0,0,truncated,0.10784369,9.2727
ITEM0272,calibration,limb_lymphedema,0,0,truncated,0.10784369,9.2727
ITEM0272,calibration,visual,0,0,truncated,0.10784369,9.2727
ITEM0273,calibration,cognition,0,0,full,0.10784369,9.2727
ITEM0273,calibration,neuropathy,0,0,full,0.10784369,9.2727
ITEM0273,calibration,fatigue,0,0,full,0.10784369,9.2727
ITEM0273,calibration,pain,0,0,full,0.10784369,9.2727
ITEM0273,calibration,physical_function,0,0,full,0.10784369,9.2727
ITEM0273,calibration,swallowing,0,0,full,0.10784369,9.2727
ITEM0273,calibration,speech_voice,1,1,full,0.10784369,9.2727
ITEM0273,calibration,hearing,0,0,full,0.10784369,9.2727
ITEM0273,calibration,respiratory,0,0,full,0.10784369,9.2727
ITEM0273,calibration,bowel,0,0,full,0.10784369,9.2727
ITEM0273,calibration,urinary,0,0,full,0.10784369,9.2727
ITEM0273,calibration,sexual_reproductive,0,0,full,0.10784369,9.2727
ITEM0273,calibration,limb_lymphedema,0,0,full,0.10784369,9.2727
ITEM0273,calibration,visual,0,0,full,0.10784369,9.2727
ITEM0274,calibration,cognition,0,0,full,0.01091639,91.6054
ITEM0274,calibration,neuropathy,0,0,full,0.01091639,91.6054
ITEM0274,calibration,fatigue,0,0,full,0.01091639,91.6054
ITEM0274,calibration,pain,0,0,full,0.01091639,91.6054
ITEM0274,calibration,physical_function,0,0,full,0.01091639,91.6054
ITEM0274,calibration,swallowing,0,0,full,0.01091639,91.6054
ITEM0274,calibration,speech_voice,0,0,full,0.01091639,91.6054
ITEM0274,calibration,hearing,0,0,full,0.01091639,91.6054
ITEM0274,calibration,respiratory,0,0,full,0.01091639,91.6054
ITEM0274,calibration,bowel,0,0,full,0.01091639,91.6054
ITEM0274,calibration,urinary,0,0,full,0.01091639,91.6054
ITEM0274,calibration,sexual_reproductive,0,0,full,0.01091639,91.6054
ITEM0274,calibration,limb_lymphedema,0,0,full,0.01091639,91.6054
ITEM0274,calibration,visual,0,0,full,0.01091639,91.6054
ITEM0275,calibration,cognition,0,0,full,0.01091639,91.6054
ITEM0275,calibration,neuropathy,0,0,full,0.01091639,91.6054
ITEM0275,calibration,fatigue,0,0,full,0.01091639,91.6054
ITEM0275,calibration,pain,0,0,full,0.01091639,91.6054
ITEM0275,calibration,physical_function,0,0,full,0.01091639,91.6054
ITEM0275,calibration,swallowing,0,0,full,0.01091639,91.6054
ITEM0275,calibration,speech_voice,0,0,full,0.01091639,91.6054
ITEM0275,calibration,hearing,0,0,full,0.01091639,91.6054
ITEM0275,calibration,respiratory,0,0,full,0.01091639,91.6054
ITEM0275,calibration,bowel,0,0,full,0.01091639,91.6054
ITEM0275,calibration,urinary,0,0,full,0.01091639,91.6054
ITEM0275,calibration,sexual_reproductive,0,0,full,0.01091639,91.6054
ITEM0275,calibration,limb_lymphedema,0,0,full,0.01091639,91.6054
ITEM0275,calibration,visual,0,0,full,0.01091639,91.6054
ITEM0276,calibration,cognition,0,0,full,0.04512277,22.1618
ITEM0276,calibration,neuropathy,0,0,full,0.04512277,22.1618
ITEM0276,calibration,fatigue,0,0,full,0.04512277,22.1618
ITEM0276,calibration,pain,0,0,full,0.04512277,22.1618
ITEM0276,calibration,physical_function,0,0,full,0.04512277,22.1618
ITEM0276,calibration,swallowing,0,0,full,0.04512277,22.1618
ITEM0276,calibration,speech_voice,0,0,full,0.04512277,22.1618
ITEM0276,calibration,hearing,0,0,full,0.04512277,22.1618
ITEM0276,calibration,respiratory,0,0,full,0.04512277,22.1618
ITEM0276,calibration,bowel,0,0,full,0.04512277,22.1618
ITEM0276,calibration,urinary,1,0,full,0.04512277,22.1618
ITEM0276,calibration,sexual_reproductive,1,0,full,0.04512277,22.1618
ITEM0276,calibration,limb_lymphedema,0,0,full,0.04512277,22.1618
ITEM0276,calibration,visual,0,0,full,0.04512277,22.1618
ITEM0277,calibration,cognition,0,0,full,0.01091639,91.6054
ITEM0277,calibration,neuropathy,0,0,full,0.01091639,91.6054
ITEM0277,calibration,fatigue,0,0,full,0.01091639,91.6054
ITEM0277,calibration,pain,0,0,full,0.01091639,91.6054
ITEM0277,calibration,physical_function,0,0,full,0.01091639,91.6054
ITEM0277,calibration,swallowing,0,0,full,0.01091639,91.6054
ITEM0277,calibration,speech_voice,0,0,full,0.01091639,91.6054
ITEM0277,calibration,hearing,0,0,full,0.01091639,91.6054
ITEM0277,calibration,respiratory,0,0,full,0.01091639,91.6054
ITEM0277,calibration,bowel,0,0,full,0.01091639,91.6054
ITEM0277,calibration,urinary,0,0,full,0.01091639,91.6054
ITEM0277,calibration,sexual_reproductive,0,0,full,0.01091639,91.6054
ITEM0277,calibration,limb_lymphedema,0,0,full,0.01091639,91.6054
ITEM0277,calibration,visual,0,0,full,0.01091639,91.6054
ITEM0278,calibration,cognition,0,0,truncated,0.01091639,91.6054
ITEM0278,calibration,neuropathy,0,0,truncated,0.01091639,91.6054
ITEM0278,calibration,fatigue,0,0,truncated,0.01091639,91.6054
ITEM0278,calibration,pain,0,0,truncated,0.01091639,91.6054
ITEM0278,calibration,physical_function,0,0,truncated,0.01091639,91.6054
ITEM0278,calibration,swallowing,0,0,truncated,0.01091639,91.6054
ITEM0278,calibration,speech_voice,0,0,truncated,0.01091639,91.6054
ITEM0278,calibration,hearing,0,0,truncated,0.01091639,91.6054
ITEM0278,calibration,respiratory,0,0,truncated,0.01091639,91.6054
ITEM0278,calibration,bowel,0,0,truncated,0.01091639,91.6054
ITEM0278,calibration,urinary,0,0,truncated,0.01091639,91.6054
ITEM0278,calibration,sexual_reproductive,0,0,truncated,0.01091639,91.6054
ITEM0278,calibration,limb_lymphedema,0,0,truncated,0.01091639,91.6054
ITEM0278,calibration,visual,0,0,truncated,0.01091639,91.6054
ITEM0279,calibration,cognition,0,0,full,0.02362207,42.3333
ITEM0279,calibration,neuropathy,0,0,full,0.02362207,42.3333
ITEM0279,calibration,fatigue,1,0,full,0.02362207,42.3333
ITEM0279,calibration,pain,0,0,full,0.02362207,42.3333
ITEM0279,calibration,physical_function,0,0,full,0.02362207,42.3333
ITEM0279,calibration,swallowing,0,0,full,0.02362207,42.3333
ITEM0279,calibration,speech_voice,0,0,full,0.02362207,42.3333
ITEM0279,calibration,hearing,0,0,full,0.02362207,42.3333
ITEM0279,calibration,respiratory,0,0,full,0.02362207,42.3333
ITEM0279,calibration,bowel,1,0,full,0.02362207,42.3333
ITEM0279,calibration,urinary,0,0,full,0.02362207,42.3333
ITEM0279,calibration,sexual_reproductive,0,0,full,0.02362207,42.3333
ITEM0279,calibration,limb_lymphedema,0,0,full,0.02362207,42.3333
ITEM0279,calibration,visual,0,0,full,0.02362207,42.3333
ITEM0280,calibration,cognition,0,0,full,0.04512277,22.1618
ITEM0280,calibration,neuropathy,0,0,full,0.04512277,22.1618
ITEM0280,calibration,fatigue,0,0,full,0.04512277,22.1618
ITEM0280,calibration,pain,0,0,full,0.04512277,22.1618
ITEM0280,calibration,physical_function,0,0,full,0.04512277,22.1618
ITEM0280,calibration,swallowing,0,0,full,0.04512277,22.1618
ITEM0280,calibration,speech_voice,0,0,full,0.04512277,22.1618
ITEM0280,calibration,hearing,0,0,full,0.04512277,22.1618
ITEM0280,calibration,respiratory,0,0,full,0.04512277,22.1618
ITEM0280,calibration,bowel,0,0,full,0.04512277,22.1618
ITEM0280,calibration,urinary,1,1,full,0.04512277,22.1618
ITEM0280,calibration,sexual_reproductive,1,0,full,0.04512277,22.1618
ITEM0280,calibration,limb_lymphedema,0,0,full,0.04512277,22.1618
ITEM0280,calibration,visual,0,0,full,0.04512277,22.1618
ITEM0281,calibration,cognition,0,0,truncated,0.01091639,91.6054
ITEM0281,calibration,neuropathy,0,0,truncated,0.01091639,91.6054
ITEM0281,calibration,fatigue,0,0,truncated,0.01091639,91.6054
ITEM0281,calibration,pain,0,0,truncated,0.01091639,91.6054
ITEM0281,calibration,physical_function,0,0,truncated,0.01091639,91.6054
ITEM0281,calibration,swallowing,0,0,truncated,0.01091639,91.6054
ITEM0281,calibration,speech_voice,0,0,truncated,0.01091639,91.6054
ITEM0281,calibration,hearing,0,0,truncated,0.01091639,91.6054
ITEM0281,calibration,respiratory,0,0,truncated,0.01091639,91.6054
ITEM0281,calibration,bowel,0,0,truncated,0.01091639,91.6054
ITEM0281,calibration,urinary,0,0,truncated,0.01091639,91.6054
ITEM0281,calibration,sexual_reproductive,0,0,truncated,0.01091639,91.6054
ITEM0281,calibration,limb_lymphedema,0,0,truncated,0.01091639,91.6054
ITEM0281,calibration,visual,0,0,truncated,0.01091639,91.6054
ITEM0282,calibration,cognition,0,0,full,0.06977172,14.3325
ITEM0282,calibration,neuropathy,0,0,full,0.06977172,14.3325
ITEM0282,calibration,fatigue,0,0,full,0.06977172,14.3325
ITEM0282,calibration,pain,0,0,full,0.06977172,14.3325
ITEM0282,calibration,physical_function,0,0,full,0.06977172,14.3325
ITEM0282,calibration,swallowing,0,0,full,0.06977172,14.3325
ITEM0282,calibration,speech_voice,0,0,full,0.06977172,14.3325
ITEM0282,calibration,hearing,0,0,full,0.06977172,14.3325
ITEM0282,calibration,respiratory,0,0,full,0.06977172,14.3325
ITEM0282,calibration,bowel,0,0,full,0.06977172,14.3325
ITEM0282,calibration,urinary,0,0,full,0.06977172,14.3325
ITEM0282,calibration,sexual_reproductive,0,0,full,0.06977172,14.3325
ITEM0282,calibration,limb_lymphedema,1,1,full,0.06977172,14.3325
ITEM0282,calibration,visual,0,0,full,0.06977172,14.3325
ITEM0283,calibration,cognition,0,0,full,0.01091639,91.6054
ITEM0283,calibration,neuropathy,0,0,full,0.01091639,91.6054
ITEM0283,calibration,fatigue,0,0,full,0.01091639,91.6054
ITEM0283,calibration,pain,0,0,full,0.01091639,91.6054
ITEM0283,calibration,physical_function,0,0,full,0.01091639,91.6054
ITEM0283,calibration,swallowing,0,0,full,0.01091639,91.6054
ITEM0283,calibration,speech_voice,0,0,full,0.01091639,91.6054
ITEM0283,calibration,hearing,0,0,full,0.01091639,91.6054
ITEM0283,calibration,respiratory,0,0,full,0.01091639,91.6054
ITEM0283,calibration,bowel,0,0,full,0.01091639,91.6054
ITEM0283,calibration,urinary,0,0,full,0.01091639,91.6054
ITEM0283,calibration,sexual_reproductive,0,0,full,0.01091639,91.6054
ITEM0283,calibration,limb_lymphedema,0,0,full,0.01091639,91.6054
ITEM0283,calibration,visual,0,0,full,0.01091639,91.6054
ITEM0284,calibration,cognition,0,0,full,0.02599935,38.4625
ITEM0284,calibration,neuropathy,1,1,full,0.02599935,38.4625
ITEM0284,calibration,fatigue,0,0,full,0.02599935,38.4625
ITEM0284,calibration,pain,0,0,full,0.02599935,38.4625
ITEM0284,calibration,physical_function,0,0,full,0.02599935,38.4625
ITEM0284,calibration,swallowing,0,0,full,0.02599935,38.4625
ITEM0284,calibration,speech_voice,0,0,full,0.02599935,38.4625
ITEM0284,calibration,hearing,0,0,full,0.02599935,38.4625
ITEM0284,calibration,respiratory,0,0,full,0.02599935,38.4625
ITEM0284,calibration,bowel,0,0,full,0.02599935,38.4625
ITEM0284,calibration,urinary,0,0,full,0.02599935,38.4625
ITEM0284,calibration,sexual_reproductive,0,0,full,0.02599935,38.4625
ITEM0284,calibration,limb_lymphedema,0,0,full,0.02599935,38.4625
ITEM0284,calibration,visual,0,0,full,0.02599935,38.4625
ITEM0285,calibration,cognition,0,0,truncated,0.01091639,91.6054
ITEM0285,calibration,neuropathy,0,0,truncated,0.01091639,91.6054
ITEM0285,calibration,fatigue,0,0,truncated,0.01091639,91.6054
ITEM0285,calibration,pain,0,0,truncated,0.01091639,91.6054
ITEM0285,calibration,physical_function,0,0,truncated,0.01091639,91.6054
ITEM0285,calibration,swallowing,0,0,truncated,0.01091639,91.6054
ITEM0285,calibration,speech_voice,0,0,truncated,0.01091639,91.6054
ITEM0285,calibration,hearing,0,0,truncated,0.01091639,91.6054
ITEM0285,calibration,respiratory,0,0,truncated,0.01091639,91.6054
ITEM0285,calibration,bowel,0,0,truncated,0.01091639,91.6054
ITEM0285,calibration,urinary,0,0,truncated,0.01091639,91.6054
ITEM0285,calibration,sexual_reproductive,0,0,truncated,0.01091639,91.6054
ITEM0285,calibration,limb_lymphedema,0,0,truncated,0.01091639,91.6054
ITEM0285,calibration,visual,0,0,truncated,0.01091639,91.6054
ITEM0286,calibration,cognition,1,0,full,0.01552180,64.4255
ITEM0286,calibration,neuropathy,0,0,full,0.01552180,64.4255
ITEM0286,calibration,fatigue,0,0,full,0.01552180,64.4255
ITEM0286,calibration,pain,0,0,full,0.01552180,64.4255
ITEM0286,calibration,physical_function,0,0,full,0.01552180,64.4255
ITEM0286,calibration,swallowing,0,0,full,0.01552180,64.4255
ITEM0286,calibration,speech_voice,0,0,full,0.01552180,64.4255
ITEM0286,calibration,hearing,0,0,full,0.01552180,64.4255
ITEM0286,calibration,respiratory,0,0,full,0.01552180,64.4255
ITEM0286,calibration,bowel,0,0,full,0.01552180,64.4255
ITEM0286,calibration,urinary,0,0,full,0.01552180,64.4255
ITEM0286,calibration,sexual_reproductive,0,0,full,0.01552180,64.4255
ITEM0286,calibration,limb_lymphedema,0,0,full,0.01552180,64.4255
ITEM0286,calibration,visual,0,0,full,0.01552180,64.4255
ITEM0287,calibration,cognition,0,0,full,0.13712474,7.2926
ITEM0287,calibration,neuropathy,0,0,full,0.13712474,7.2926
ITEM0287,calibration,fatigue,1,1,full,0.13712474,7.2926
ITEM0287,calibration,pain,1,0,full,0.13712474,7.2926
ITEM0287,calibration,physical_function,1,0,full,0.13712474,7.2926
ITEM0287,calibration,swallowing,0,0,full,0.13712474,7.2926
ITEM0287,calibration,speech_voice,0,0,full,0.13712474,7.2926
ITEM0287,calibration,hearing,0,0,full,0.13712474,7.2926
ITEM0287,calibration,respiratory,0,0,full,0.13712474,7.2926
ITEM0287,calibration,bowel,0,0,full,0.13712474,7.2926
ITEM0287,calibration,urinary,0,0,full,0.13712474,7.2926
ITEM0287,calibration,sexual_reproductive,0,0,full,0.13712474,7.2926
ITEM0287,calibration,limb_lymphedema,0,0,full,0.13712474,7.2926
ITEM0287,calibration,visual,1,0,full,0.13712474,7.2926
ITEM0288,calibration,cognition,0,0,full,0.01091639,91.6054
ITEM0288,calibration,neuropathy,0,0,full,0.01091639,91.6054
ITEM0288,calibration,fatigue,0,0,full,0.01091639,91.6054
ITEM0288,calibration,pain,0,0,full,0.01091639,91.6054
ITEM0288,calibration,physical_function,0,0,full,0.01091639,91.6054
ITEM0288,calibration,swallowing,0,0,full,0.01091639,91.6054
ITEM0288,calibration,speech_voice,0,0,full,0.01091639,91.6054
ITEM0288,calibration,hearing,0,0,full,0.01091639,91.6054
ITEM0288,calibration,respiratory,0,0,full,0.01091639,91.6054
ITEM0288,calibration,bowel,0,0,full,0.01091639,91.6054
ITEM0288,calibration,urinary,0,0,full,0.01091639,91.6054
ITEM0288,calibration,sexual_reproductive,0,0,full,0.01091639,91.6054
ITEM0288,calibration,limb_lymphedema,0,0,full,0.01091639,91.6054
ITEM0288,calibration,visual,0,0,full,0.01091639,91.6054
ITEM0289,calibration,cognition,1,1,full,0.37762218,2.6481
ITEM0289,calibration,neuropathy,0,0,full,0.37762218,2.6481
ITEM0289,calibration,fatigue,0,0,full,0.37762218,2.6481
ITEM0289,calibration,pain,0,0,full,0.37762218,2.6481
ITEM0289,calibration,physical_function,0,0,full,0.37762218,2.6481
ITEM0289,calibration,swallowing,0,0,full,0.37762218,2.6481
ITEM0289,calibration,speech_voice,1,1,full,0.37762218,2.6481
ITEM0289,calibration,hearing,1,1,full,0.37762218,2.6481
ITEM0289,calibration,respiratory,0,0,full,0.37762218,2.6481
ITEM0289,calibration,bowel,0,0,full,0.37762218,2.6481
ITEM0289,calibration,urinary,0,0,full,0.37762218,2.6481
ITEM0289,calibration,sexual_reproductive,0,0,full,0.37762218,2.6481
ITEM0289,calibration,limb_lymphedema,0,0,full,0.37762218,2.6481
ITEM0289,calibration,visual,1,1,full,0.37762218,2.6481
ITEM0290,calibration,cognition,0,0,full,0.02599935,38.4625
ITEM0290,calibration,neuropathy,1,0,full,0.02599935,38.4625
ITEM0290,calibration,fatigue,0,0,full,0.02599935,38.4625
ITEM0290,calibration,pain,0,0,full,0.02599935,38.4625
ITEM0290,calibration,physical_function,0,0,full,0.02599935,38.4625
ITEM0290,calibration,swallowing,0,0,full,0.02599935,38.4625
ITEM0290,calibration,speech_voice,0,0,full,0.02599935,38.4625
ITEM0290,calibration,hearing,0,0,full,0.02599935,38.4625
ITEM0290,calibration,respiratory,0,0,full,0.02599935,38.4625
ITEM0290,calibration,bowel,0,0,full,0.02599935,38.4625
ITEM0290,calibration,urinary,0,0,full,0.02599935,38.4625
ITEM0290,calibration,sexual_reproductive,0,0,full,0.02599935,38.4625
ITEM0290,calibration,limb_lymphedema,0,0,full,0.02599935,38.4625
ITEM0290,calibration,visual,0,0,full,0.02599935,38.4625
ITEM0291,calibration,cognition,0,0,full,0.01406566,71.0951
ITEM0291,calibration,neuropathy,0,0,full,0.01406566,71.0951
ITEM0291,calibration,fatigue,0,0,full,0.01406566,71.0951
ITEM0291,calibration,pain,0,0,full,0.01406566,71.0951
ITEM0291,calibration,physical_function,0,0,full,0.01406566,71.0951
ITEM0291,calibration,swallowing,0,0,full,0.01406566,71.0951
ITEM0291,calibration,speech_voice,0,0,full,0.01406566,71.0951
ITEM0291,calibration,hearing,0,0,full,0.01406566,71.0951
ITEM0291,calibration,respiratory,0,0,full,0.01406566,71.0951
ITEM0291,calibration,bowel,1,0,full,0.01406566,71.0951
ITEM0291,calibration,urinary,0,0,full,0.01406566,71.0951
ITEM0291,calibration,sexual_reproductive,0,0,full,0.01406566,71.0951
ITEM0291,calibration,limb_lymphedema,0,0,full,0.01406566,71.0951
ITEM0291,calibration,visual,0,0,full,0.01406566,71.0951
ITEM0292,calibration,cognition,0,0,full,0.02510105,39.8390
ITEM0292,calibration,neuropathy,0,0,full,0.02510105,39.8390
ITEM0292,calibration,fatigue,0,0,full,0.02510105,39.8390
ITEM0292,calibration,pain,0,0,full,0.02510105,39.8390
ITEM0292,calibration,physical_function,0,0,full,0.02510105,39.8390
ITEM0292,calibration,swallowing,0,0,full,0.02510105,39.8390
ITEM0292,calibration,speech_voice,0,0,full,0.02510105,39.8390
ITEM0292,calibration,hearing,0,0,full,0.02510105,39.8390
ITEM0292,calibration,respiratory,1,1,full,0.02510105,39.8390
ITEM0292,calibration,bowel,0,0,full,0.02510105,39.8390
ITEM0292,calibration,urinary,0,0,full,0.02510105,39.8390
ITEM0292,calibration,sexual_reproductive,0,0,full,0.02510105,39.8390
ITEM0292,calibration,limb_lymphedema,0,0,full,0.02510105,39.8390
ITEM0292,calibration,visual,0,0,full,0.02510105,39.8390
ITEM0293,calibration,cognition,0,0,full,0.03327180,30.0555
ITEM0293,calibration,neuropathy,0,0,full,0.03327180,30.0555
ITEM0293,calibration,fatigue,0,0,full,0.03327180,30.0555
ITEM0293,calibration,pain,1,0,full,0.03327180,30.0555
ITEM0293,calibration,physical_function,0,0,full,0.03327180,30.0555
ITEM0293,calibration,swallowing,0,0,full,0.03327180,30.0555
ITEM0293,calibration,speech_voice,0,0,full,0.03327180,30.0555
ITEM0293,calibration,hearing,0,0,full,0.03327180,30.0555
ITEM0293,calibration,respiratory,0,0,full,0.03327180,30.0555
ITEM0293,calibration,bowel,0,0,full,0.03327180,30.0555
ITEM0293,calibration,urinary,0,0,full,0.03327180,30.0555
ITEM0293,calibration,sexual_reproductive,1,1,full,0.03327180,30.0555
ITEM0293,calibration,limb_lymphedema,0,0,full,0.03327180,30.0555
ITEM0293,calibration,visual,0,0,full,0.03327180,30.0555
ITEM0294,calibration,cognition,0,0,full,0.01091639,91.6054
ITEM0294,calibration,neuropathy,0,0,full,0.01091639,91.6054
ITEM0294,calibration,fatigue,0,0,full,0.01091639,91.6054
ITEM0294,calibration,pain,0,0,full,0.01091639,91.6054
ITEM0294,calibration,physical_function,0,0,full,0.01091639,91.6054
ITEM0294,calibration,swallowing,0,0,full,0.01091639,91.6054
ITEM0294,calibration,speech_voice,0,0,full,0.01091639,91.6054
ITEM0294,calibration,hearing,0,0,full,0.01091639,91.6054
ITEM0294,calibration,respiratory,0,0,full,0.01091639,91.6054
ITEM0294,calibration,bowel,0,0,full,0.01091639,91.6054
ITEM0294,calibration,urinary,0,0,full,0.01091639,91.6054
ITEM0294,calibration,sexual_reproductive,0,0,full,0.01091639,91.6054
ITEM0294,calibration,limb_lymphedema,0,0,full,0.01091639,91.6054
ITEM0294,calibration,visual,0,0,full,0.01091639,91.6054
ITEM0295,calibration,cognition,0,0,full,0.01924085,51.9728
ITEM0295,calibration,neuropathy,0,0,full,0.01924085,51.9728
ITEM0295,calibration,fatigue,0,0,full,0.01924085,51.9728
ITEM0295,calibration,pain,0,0,full,0.01924085,51.9728
ITEM0295,calibration,physical_function,0,0,full,0.01924085,51.9728
ITEM0295,calibration,swallowing,0,0,full,0.01924085,51.9728
ITEM0295,calibration,speech_voice,0,0,full,0.01924085,51.9728
ITEM0295,calibration,hearing,0,0,full,0.01924085,51.9728
ITEM0295,calibration,respiratory,0,0,full,0.01924085,51.9728
ITEM0295,calibration,bowel,0,0,full,0.01924085,51.9728
ITEM0295,calibration,urinary,1,1,full,0.01924085,51.9728
ITEM0295,calibration,sexual_reproductive,0,0,full,0.01924085,51.9728
ITEM0295,calibration,limb_lymphedema,0,0,full,0.01924085,51.9728
ITEM0295,calibration,visual,0,0,full,0.01924085,51.9728
ITEM0296,calibration,cognition,0,0,full,0.01924085,51.9728
ITEM0296,calibration,neuropathy,0,0,full,0.01924085,51.9728
ITEM0296,calibration,fatigue,0,0,full,0.01924085,51.9728
ITEM0296,calibration,pain,0,0,full,0.01924085,51.9728
ITEM0296,calibration,physical_function,0,0,full,0.01924085,51.9728
ITEM0296,calibration,swallowing,0,0,full,0.01924085,51.9728
ITEM0296,calibration,speech_voice,0,0,full,0.01924085,51.9728
ITEM0296,calibration,hearing,0,0,full,0.01924085,51.9728
ITEM0296,calibration,respiratory,0,0,full,0.01924085,51.9728
ITEM0296,calibration,bowel,0,0,full,0.01924085,51.9728
ITEM0296,calibration,urinary,1,0,full,0.01924085,51.9728
ITEM0296,calibration,sexual_reproductive,0,0,full,0.01924085,51.9728
ITEM0296,calibration,limb_lymphedema,0,0,full,0.01924085,51.9728
ITEM0296,calibration,visual,0,0,full,0.01924085,51.9728
ITEM0297,calibration,cognition,0,0,full,0.01091639,91.6054
ITEM0297,calibration,neuropathy,0,0,full,0.01091639,91.6054
ITEM0297,calibration,fatigue,0,0,full,0.01091639,91.6054
ITEM0297,calibration,pain,0,0,full,0.01091639,91.6054
ITEM0297,calibration,physical_function,0,0,full,0.01091639,91.6054
ITEM0297,calibration,swallowing,0,0,full,0.01091639,91.6054
ITEM0297,calibration,speech_voice,0,0,full,0.01091639,91.6054
ITEM0297,calibration,hearing,0,0,full,0.01091639,91.6054
ITEM0297,calibration,respiratory,0,0,full,0.01091639,91.6054
ITEM0297,calibration,bowel,0,0,full,0.01091639,91.6054
ITEM0297,calibration,urinary,0,0,full,0.01091639,91.6054
ITEM0297,calibration,sexual_reproductive,0,0,full,0.01091639,91.6054
ITEM0297,calibration,limb_lymphedema,0,0,full,0.01091639,91.6054
ITEM0297,calibration,visual,0,0,full,0.01091639,91.6054
ITEM0298,calibration,cognition,0,0,full,0.28826664,3.4690
ITEM0298,calibration,neuropathy,0,0,full,0.28826664,3.4690
ITEM0298,calibration,fatigue,0,0,full,0.28826664,3.4690
ITEM0298,calibration,pain,0,0,full,0.28826664,3.4690
ITEM0298,calibration,physical_function,0,0,full,0.28826664,3.4690
ITEM0298,calibration,swallowing,0,0,full,0.28826664,3.4690
ITEM0298,calibration,speech_voice,1,0,full,0.28826664,3.4690
ITEM0298,calibration,hearing,1,1,full,0.28826664,3.4690
ITEM0298,calibration,respiratory,0,0,full,0.28826664,3.4690
ITEM0298,calibration,bowel,0,0,full,0.28826664,3.4690
ITEM0298,calibration,urinary,0,0,full,0.28826664,3.4690
ITEM0298,calibration,sexual_reproductive,0,0,full,0.28826664,3.4690
ITEM0298,calibration,limb_lymphedema,0,0,full,0.28826664,3.4690
ITEM0298,calibration,visual,0,0,full,0.28826664,3.4690
ITEM0299,calibration,cognition,0,0,full,0.02864074,34.9153
ITEM0299,calibration,neuropathy,0,0,full,0.02864074,34.9153
ITEM0299,calibration,fatigue,0,0,full,0.02864074,34.9153
ITEM0299,calibration,pain,1,1,full,0.02864074,34.9153
ITEM0299,calibration,physical_function,1,0,full,0.02864074,34.9153
ITEM0299,calibration,swallowing,0,0,full,0.02864074,34.9153
ITEM0299,calibration,speech_voice,0,0,full,0.02864074,34.9153
ITEM0299,calibration,hearing,0,0,full,0.02864074,34.9153
ITEM0299,calibration,respiratory,0,0,full,0.02864074,34.9153
ITEM0299,calibration,bowel,1,0,full,0.02864074,34.9153
ITEM0299,calibration,urinary,0,0,full,0.02864074,34.9153
ITEM0299,calibration,sexual_reproductive,0,0,full,0.02864074,34.9153
ITEM0299,calibration,limb_lymphedema,0,0,full,0.02864074,34.9153
ITEM0299,calibration,visual,0,0,full,0.02864074,34.9153
ITEM0300,calibration,cognition,0,0,full,0.01091639,91.6054
ITEM0300,calibration,neuropathy,0,0,full,0.01091639,91.6054
ITEM0300,calibration,fatigue,0,0,full,0.01091639,91.6054
ITEM0300,calibration,pain,0,0,full,0.01091639,91.6054
ITEM0300,calibration,physical_function,0,0,full,0.01091639,91.6054
ITEM0300,calibration,swallowing,0,0,full,0.01091639,91.6054
ITEM0300,calibration,speech_voice,0,0,full,0.01091639,91.6054
ITEM0300,calibration,hearing,0,0,full,0.01091639,91.6054
ITEM0300,calibration,respiratory,0,0,full,0.01091639,91.6054
ITEM0300,calibration,bowel,0,0,full,0.01091639,91.6054
ITEM0300,calibration,urinary,0,0,full,0.01091639,91.6054
ITEM0300,calibration,sexual_reproductive,0,0,full,0.01091639,91.6054
ITEM0300,calibration,limb_lymphedema,0,0,full,0.01091639,91.6054
ITEM0300,calibration,visual,0,0,full,0.01091639,91.6054
ITEM0301,calibration,cognition,0,0,full,0.03078367,32.4848
ITEM0301,calibration,neuropathy,1,0,full,0.03078367,32.4848
ITEM0301,calibration,fatigue,0,0,full,0.03078367,32.4848
ITEM0301,calibration,pain,1,1,full,0.03078367,32.4848
ITEM0301,calibration,physical_function,0,0,full,0.03078367,32.4848
ITEM0301,calibration,swallowing,0,0,full,0.03078367,32.4848
ITEM0301,calibration,speech_voice,0,0,full,0.03078367,32.4848
ITEM0301,calibration,hearing,0,0,full,0.03078367,32.4848
ITEM0301,calibration,respiratory,0,0,full,0.03078367,32.4848
ITEM0301,calibration,bowel,0,0,full,0.03078367,32.4848
ITEM0301,calibration,urinary,0,0,full,0.03078367,32.4848
ITEM0301,calibration,sexual_reproductive,0,0,full,0.03078367,32.4848
ITEM0301,calibration,limb_lymphedema,0,0,full,0.03078367,32.4848
ITEM0301,calibration,visual,0,0,full,0.03078367,32.4848
ITEM0302,calibration,cognition,1,0,full,0.02506409,39.8977
ITEM0302,calibration,neuropathy,0,0,full,0.02506409,39.8977
ITEM0302,calibration,fatigue,1,0,full,0.02506409,39.8977
ITEM0302,calibration,pain,0,0,full,0.02506409,39.8977
ITEM0302,calibration,physical_function,0,0,full,0.02506409,39.8977
ITEM0302,calibration,swallowing,0,0,full,0.02506409,39.8977
ITEM0302,calibration,speech_voice,0,0,full,0.02506409,39.8977
ITEM0302,calibration,hearing,0,0,full,0.02506409,39.8977
ITEM0302,calibration,respiratory,0,0,full,0.02506409,39.8977
ITEM0302,calibration,bowel,0,0,full,0.02506409,39.8977
ITEM0302,calibration,urinary,0,0,full,0.02506409,39.8977
ITEM0302,calibration,sexual_reproductive,0,0,full,0.02506409,39.8977
ITEM0302,calibration,limb_lymphedema,0,0,full,0.02506409,39.8977
ITEM0302,calibration,visual,0,0,full,0.02506409,39.8977
ITEM0303,calibration,cognition,0,0,full,0.06977172,14.3325
ITEM0303,calibration,neuropathy,0,0,full,0.06977172,14.3325
ITEM0303,calibration,fatigue,0,0,full,0.06977172,14.3325
ITEM0303,calibration,pain,0,0,full,0.06977172,14.3325
ITEM0303,calibration,physical_function,0,0,full,0.06977172,14.3325
ITEM0303,calibration,swallowing,0,0,full,0.06977172,14.3325
ITEM0303,calibration,speech_voice,0,0,full,0.06977172,14.3325
ITEM0303,calibration,hearing,0,0,full,0.06977172,14.3325
ITEM0303,calibration,respiratory,0,0,full,0.06977172,14.3325
ITEM0303,calibration,bowel,0,0,full,0.06977172,14.3325
ITEM0303,calibration,urinary,0,0,full,0.06977172,14.3325
ITEM0303,calibration,sexual_reproductive,0,0,full,0.06977172,14.3325
ITEM0303,calibration,limb_lymphedema,1,1,full,0.06977172,14.3325
ITEM0303,calibration,visual,0,0,full,0.06977172,14.3325
ITEM0304,calibration,cognition,0,0,truncated,0.07434103,13.4515
ITEM0304,calibration,neuropathy,0,0,truncated,0.07434103,13.4515
ITEM0304,calibration,fatigue,0,0,truncated,0.07434103,13.4515
ITEM0304,calibration,pain,1,0,truncated,0.07434103,13.4515
ITEM0304,calibration,physical_function,0,0,truncated,0.07434103,13.4515
ITEM0304,calibration,swallowing,0,0,truncated,0.07434103,13.4515
ITEM0304,calibration,speech_voice,0,0,truncated,0.07434103,13.4515
ITEM0304,calibration,hearing,0,0,truncated,0.07434103,13.4515
ITEM0304,calibration,respiratory,0,0,truncated,0.07434103,13.4515
ITEM0304,calibration,bowel,0,0,truncated,0.07434103,13.4515
ITEM0304,calibration,urinary,0,0,truncated,0.07434103,13.4515
ITEM0304,calibration,sexual_reproductive,0,0,truncated,0.07434103,13.4515
ITEM0304,calibration,limb_lymphedema,1,1,truncated,0.07434103,13.4515
ITEM0304,calibration,visual,0,0,truncated,0.07434103,13.4515
ITEM0305,calibration,cognition,0,0,full,0.11560524,8.6501
ITEM0305,calibration,neuropathy,0,0,full,0.11560524,8.6501
ITEM0305,calibration,fatigue,0,0,full,0.11560524,8.6501
ITEM0305,calibration,pain,0,0,full,0.11560524,8.6501
ITEM0305,calibration,physical_function,0,0,full,0.11560524,8.6501
ITEM0305,calibration,swallowing,0,0,full,0.11560524,8.6501
ITEM0305,calibration,speech_voice,0,0,full,0.11560524,8.6501
ITEM0305,calibration,hearing,0,0,full,0.11560524,8.6501
ITEM0305,calibration,respiratory,0,0,full,0.11560524,8.6501
ITEM0305,calibration,bowel,0,0,full,0.11560524,8.6501
ITEM0305,calibration,urinary,0,0,full,0.11560524,8.6501
ITEM0305,calibration,sexual_reproductive,0,0,full,0.11560524,8.6501
ITEM0305,calibration,limb_lymphedema,0,0,full,0.11560524,8.6501
ITEM0305,calibration,visual,1,0,full,0.11560524,8.6501
ITEM0306,calibration,cognition,0,0,full,0.01091639,91.6054
ITEM0306,calibration,neuropathy,0,0,full,0.01091639,91.6054
ITEM0306,calibration,fatigue,0,0,full,0.01091639,91.6054
ITEM0306,calibration,pain,0,0,full,0.01091639,91.6054
ITEM0306,calibration,physical_function,0,0,full,0.01091639,91.6054
ITEM0306,calibration,swallowing,0,0,full,0.01091639,91.6054
ITEM0306,calibration,speech_voice,0,0,full,0.01091639,91.6054
ITEM0306,calibration,hearing,0,0,full,0.01091639,91.6054
ITEM0306,calibration,respiratory,0,0,full,0.01091639,91.6054
ITEM0306,calibration,bowel,0,0,full,0.01091639,91.6054
ITEM0306,calibration,urinary,0,0,full,0.01091639,91.6054
ITEM0306,calibration,sexual_reproductive,0,0,full,0.01091639,91.6054
ITEM0306,calibration,limb_lymphedema,0,0,full,0.01091639,91.6054
ITEM0306,calibration,visual,0,0,full,0.01091639,91.6054
ITEM0307,calibration,cognition,0,0,full,0.01091639,91.6054
ITEM0307,calibration,neuropathy,0,0,full,0.01091639,91.6054
ITEM0307,calibration,fatigue,0,0,full,0.01091639,91.6054
ITEM0307,calibration,pain,0,0,full,0.01091639,91.6054
ITEM0307,calibration,physical_function,0,0,full,0.01091639,91.6054
ITEM0307,calibration,swallowing,0,0,full,0.01091639,91.6054
ITEM0307,calibration,speech_voice,0,0,full,0.01091639,91.6054
ITEM0307,calibration,hearing,0,0,full,0.01091639,91.6054
ITEM0307,calibration,respiratory,0,0,full,0.01091639,91.6054
ITEM0307,calibration,bowel,0,0,full,0.01091639,91.6054
ITEM0307,calibration,urinary,0,0,full,0.01091639,91.6054
ITEM0307,calibration,sexual_reproductive,0,0,full,0.01091639,91.6054
ITEM0307,calibration,limb_lymphedema,0,0,full,0.01091639,91.6054
ITEM0307,calibration,visual,0,0,full,0.01091639,91.6054
ITEM0308,calibration,cognition,1,1,full,0.01552180,64.4255
ITEM0308,calibration,neuropathy,0,0,full,0.01552180,64.4255
ITEM0308,calibration,fatigue,0,0,full,0.01552180,64.4255
ITEM0308,calibration,pain,0,0,full,0.01552180,64.4255
ITEM0308,calibration,physical_function,0,0,full,0.01552180,64.4255
ITEM0308,calibration,swallowing,0,0,full,0.01552180,64.4255
ITEM0308,calibration,speech_voice,0,0,full,0.01552180,64.4255
ITEM0308,calibration,hearing,0,0,full,0.01552180,64.4255
ITEM0308,calibration,respiratory,0,0,full,0.01552180,64.4255
ITEM0308,calibration,bowel,0,0,full,0.01552180,64.4255
ITEM0308,calibration,urinary,0,0,full,0.01552180,64.4255
ITEM0308,calibration,sexual_reproductive,0,0,full,0.01552180,64.4255
ITEM0308,calibration,limb_lymphedema,0,0,full,0.01552180,64.4255
ITEM0308,calibration,visual,0,0,full,0.01552180,64.4255
ITEM0309,calibration,cognition,0,0,full,0.03078367,32.4848
ITEM0309,calibration,neuropathy,1,0,full,0.03078367,32.4848
ITEM0309,calibration,fatigue,0,0,full,0.03078367,32.4848
ITEM0309,calibration,pain,1,0,full,0.03078367,32.4848
ITEM0309,calibration,physical_function,0,0,full,0.03078367,32.4848
ITEM0309,calibration,swallowing,0,0,full,0.03078367,32.4848
ITEM0309,calibration,speech_voice,0,0,full,0.03078367,32.4848
ITEM0309,calibration,hearing,0,0,full,0.03078367,32.4848
ITEM0309,calibration,respiratory,0,0,full,0.03078367,32.4848
ITEM0309,calibration,bowel,0,0,full,0.03078367,32.4848
ITEM0309,calibration,urinary,0,0,full,0.03078367,32.4848
ITEM0309,calibration,sexual_reproductive,0,0,full,0.03078367,32.4848
ITEM0309,calibration,limb_lymphedema,0,0,full,0.03078367,32.4848
ITEM0309,calibration,visual,0,0,full,0.03078367,32.4848
ITEM0310,calibration,cognition,0,0,truncated,0.01091639,91.6054
ITEM0310,calibration,neuropathy,0,0,truncated,0.01091639,91.6054
ITEM0310,calibration,fatigue,0,0,truncated,0.01091639,91.6054
ITEM0310,calibration,pain,0,0,truncated,0.01091639,91.6054
ITEM0310,calibration,physical_function,0,0,truncated,0.01091639,91.6054
ITEM0310,calibration,swallowing,0,0,truncated,0.01091639,91.6054
ITEM0310,calibration,speech_voice,0,0,truncated,0.01091639,91.6054
ITEM0310,calibration,hearing,0,0,truncated,0.01091639,91.6054
ITEM0310,calibration,respiratory,0,0,truncated,0.01091639,91.6054
ITEM0310,calibration,bowel,0,0,truncated,0.01091639,91.6054
ITEM0310,calibration,urinary,0,0,truncated,0.01091639,91.6054
ITEM0310,calibration,sexual_reproductive,0,0,truncated,0.01091639,91.6054
ITEM0310,calibration,limb_lymphedema,0,0,truncated,0.01091639,91.6054
ITEM0310,calibration,visual,0,0,truncated,0.01091639,91.6054
ITEM0311,calibration,cognition,0,0,full,0.04512277,22.1618
ITEM0311,calibration,neuropathy,0,0,full,0.04512277,22.1618
ITEM0311,calibration,fatigue,0,0,full,0.04512277,22.1618
ITEM0311,calibration,pain,0,0,full,0.04512277,22.1618
ITEM0311,calibration,physical_function,0,0,full,0.04512277,22.1618
ITEM0311,calibration,swallowing,0,0,full,0.04512277,22.1618
ITEM0311,calibration,speech_voice,0,0,full,0.04512277,22.1618
ITEM0311,calibration,hearing,0,0,full,0.04512277,22.1618
ITEM0311,calibration,respiratory,0,0,full,0.04512277,22.1618
ITEM0311,calibration,bowel,0,0,full,0.04512277,22.1618
ITEM0311,calibration,urinary,1,0,full,0.04512277,22.1618
ITEM0311,calibration,sexual_reproductive,1,1,full,0.04512277,22.1618
ITEM0311,calibration,limb_lymphedema,0,0,full,0.04512277,22.1618
ITEM0311,calibration,visual,0,0,full,0.04512277,22.1618
ITEM0312,calibration,cognition,0,0,full,0.01091639,91.6054
ITEM0312,calibration,neuropathy,0,0,full,0.01091639,91.6054
ITEM0312,calibration,fatigue,0,0,full,0.01091639,91.6054
ITEM0312,calibration,pain,0,0,full,0.01091639,91.6054
ITEM0312,calibration,physical_function,0,0,full,0.01091639,91.6054
ITEM0312,calibration,swallowing,0,0,full,0.01091639,91.6054
ITEM0312,calibration,speech_voice,0,0,full,0.01091639,91.6054
ITEM0312,calibration,hearing,0,0,full,0.01091639,91.6054
ITEM0312,calibration,respiratory,0,0,full,0.01091639,91.6054
ITEM0312,calibration,bowel,0,0,full,0.01091639,91.6054
ITEM0312,calibration,urinary,0,0,full,0.01091639,91.6054
ITEM0312,calibration,sexual_reproductive,0,0,full,0.01091639,91.6054
ITEM0312,calibration,limb_lymphedema,0,0,full,0.01091639,91.6054
ITEM0312,calibration,visual,0,0,full,0.01091639,91.6054
ITEM0313,calibration,cognition,1,0,full,0.01552180,64.4255
ITEM0313,calibration,neuropathy,0,0,full,0.01552180,64.4255
ITEM0313,calibration,fatigue,0,0,full,0.01552180,64.4255
ITEM0313,calibration,pain,0,0,full,0.01552180,64.4255
ITEM0313,calibration,physical_function,0,0,full,0.01552180,64.4255
ITEM0313,calibration,swallowing,0,0,full,0.01552180,64.4255
ITEM0313,calibration,speech_voice,0,0,full,0.01552180,64.4255
ITEM0313,calibration,hearing,0,0,full,0.01552180,64.4255
ITEM0313,calibration,respiratory,0,0,full,0.01552180,64.4255
ITEM0313,calibration,bowel,0,0,full,0.01552180,64.4255
ITEM0313,calibration,urinary,0,0,full,0.01552180,64.4255
ITEM0313,calibration,sexual_reproductive,0,0,full,0.01552180,64.4255
ITEM0313,calibration,limb_lymphedema,0,0,full,0.01552180,64.4255
ITEM0313,calibration,visual,0,0,full,0.01552180,64.4255
ITEM0314,calibration,cognition,0,0,full,0.01091639,91.6054
ITEM0314,calibration,neuropathy,0,0,full,0.01091639,91.6054
ITEM0314,calibration,fatigue,0,0,full,0.01091639,91.6054
ITEM0314,calibration,pain,0,0,full,0.01091639,91.6054
ITEM0314,calibration,physical_function,0,0,full,0.01091639,91.6054
ITEM0314,calibration,swallowing,0,0,full,0.01091639,91.6054
ITEM0314,calibration,speech_voice,0,0,full,0.01091639,91.6054
ITEM0314,calibration,hearing,0,0,full,0.01091639,91.6054
ITEM0314,calibration,respiratory,0,0,full,0.01091639,91.6054
ITEM0314,calibration,bowel,0,0,full,0.01091639,91.6054
ITEM0314,calibration,urinary,0,0,full,0.01091639,91.6054
ITEM0314,calibration,sexual_reproductive,0,0,full,0.01091639,91.6054
ITEM0314,calibration,limb_lymphedema,0,0,full,0.01091639,91.6054
ITEM0314,calibration,visual,0,0,full,0.01091639,91.6054
ITEM0315,calibration,cognition,0,0,full,0.02164128,46.2080
ITEM0315,calibration,neuropathy,0,0,full,0.02164128,46.2080
ITEM0315,calibration,fatigue,1,1,full,0.02164128,46.2080
ITEM0315,calibration,pain,0,0,full,0.02164128,46.2080
ITEM0315,calibration,physical_function,1,0,full,0.02164128,46.2080
ITEM0315,calibration,swallowing,0,0,full,0.02164128,46.2080
ITEM0315,calibration,speech_voice,0,0,full,0.02164128,46.2080
ITEM0315,calibration,hearing,0,0,full,0.02164128,46.2080
ITEM0315,calibration,respiratory,0,0,full,0.02164128,46.2080
ITEM0315,calibration,bowel,0,0,full,0.02164128,46.2080
ITEM0315,calibration,urinary,0,0,full,0.02164128,46.2080
ITEM0315,calibration,sexual_reproductive,0,0,full,0.02164128,46.2080
ITEM0315,calibration,limb_lymphedema,0,0,full,0.02164128,46.2080
ITEM0315,calibration,visual,0,0,full,0.02164128,46.2080
ITEM0316,calibration,cognition,0,0,full,0.02849976,35.0880
ITEM0316,calibration,neuropathy,0,0,full,0.02849976,35.0880
ITEM0316,calibration,fatigue,0,0,full,0.02849976,35.0880
ITEM0316,calibration,pain,0,0,full,0.02849976,35.0880
ITEM0316,calibration,physical_function,0,0,full,0.02849976,35.0880
ITEM0316,calibration,swallowing,0,0,full,0.02849976,35.0880
ITEM0316,calibration,speech_voice,0,0,full,0.02849976,35.0880
ITEM0316,calibration,hearing,0,0,full,0.02849976,35.0880
ITEM0316,calibration,respiratory,0,0,full,0.02849976,35.0880
ITEM0316,calibration,bowel,0,0,full,0.02849976,35.0880
ITEM0316,calibration,urinary,0,0,full,0.02849976,35.0880
ITEM0316,calibration,sexual_reproductive,1,0,full,0.02849976,35.0880
ITEM0316,calibration,limb_lymphedema,0,0,full,0.02849976,35.0880
ITEM0316,calibration,visual,0,0,full,0.02849976,35.0880
ITEM0317,calibration,cognition,0,0,full,0.15601080,6.4098
ITEM0317,calibration,neuropathy,0,0,full,0.15601080,6.4098
ITEM0317,calibration,fatigue,0,0,full,0.15601080,6.4098
ITEM0317,calibration,pain,0,0,full,0.15601080,6.4098
ITEM0317,calibration,physical_function,1,1,full,0.15601080,6.4098
ITEM0317,calibration,swallowing,1,0,full,0.15601080,6.4098
ITEM0317,calibration,speech_voice,0,0,full,0.15601080,6.4098
ITEM0317,calibration,hearing,0,0,full,0.15601080,6.4098
ITEM0317,calibration,respiratory,0,0,full,0.15601080,6.4098
ITEM0317,calibration,bowel,0,0,full,0.15601080,6.4098
ITEM0317,calibration,urinary,0,0,full,0.15601080,6.4098
ITEM0317,calibration,sexual_reproductive,0,0,full,0.15601080,6.4098
ITEM0317,calibration,limb_lymphedema,0,0,full,0.15601080,6.4098
ITEM0317,calibration,visual,1,0,full,0.15601080,6.4098
ITEM0318,calibration,cognition,0,0,truncated,0.11560524,8.6501
ITEM0318,calibration,neuropathy,0,0,truncated,0.11560524,8.6501
ITEM0318,calibration,fatigue,0,0,truncated,0.11560524,8.6501
ITEM0318,calibration,pain,0,0,truncated,0.11560524,8.6501
ITEM0318,calibration,physical_function,0,0,truncated,0.11560524,8.6501
ITEM0318,calibration,swallowing,0,0,truncated,0.11560524,8.6501
ITEM0318,calibration,speech_voice,0,0,truncated,0.11560524,8.6501
ITEM0318,calibration,hearing,0,0,truncated,0.11560524,8.6501
ITEM0318,calibration,respiratory,0,0,truncated,0.11560524,8.6501
ITEM0318,calibration,bowel,0,0,truncated,0.11560524,8.6501
ITEM0318,calibration,urinary,0,0,truncated,0.11560524,8.6501
ITEM0318,calibration,sexual_reproductive,0,0,truncated,0.11560524,8.6501
ITEM0318,calibration,limb_lymphedema,0,0,truncated,0.11560524,8.6501
ITEM0318,calibration,visual,1,1,truncated,0.11560524,8.6501
ITEM0319,calibration,cognition,0,0,full,0.04838538,20.6674
ITEM0319,calibration,neuropathy,1,0,full,0.04838538,20.6674
ITEM0319,calibration,fatigue,0,0,full,0.04838538,20.6674
ITEM0319,calibration,pain,0,0,full,0.04838538,20.6674
ITEM0319,calibration,physical_function,0,0,full,0.04838538,20.6674
ITEM0319,calibration,swallowing,0,0,full,0.04838538,20.6674
ITEM0319,calibration,speech_voice,0,0,full,0.04838538,20.6674
ITEM0319,calibration,hearing,0,0,full,0.04838538,20.6674
ITEM0319,calibration,respiratory,1,0,full,0.04838538,20.6674
ITEM0319,calibration,bowel,0,0,full,0.04838538,20.6674
ITEM0319,calibration,urinary,0,0,full,0.04838538,20.6674
ITEM0319,calibration,sexual_reproductive,0,0,full,0.04838538,20.6674
ITEM0319,calibration,limb_lymphedema,0,0,full,0.04838538,20.6674
ITEM0319,calibration,visual,0,0,full,0.04838538,20.6674
ITEM0320,calibration,cognition,1,0,full,0.21461523,4.6595
ITEM0320,calibration,neuropathy,0,0,full,0.21461523,4.6595
ITEM0320,calibration,fatigue,0,0,full,0.21461523,4.6595
ITEM0320,calibration,pain,0,0,full,0.21461523,4.6595
ITEM0320,calibration,physical_function,0,0,full,0.21461523,4.6595
ITEM0320,calibration,swallowing,0,0,full,0.21461523,4.6595
ITEM0320,calibration,speech_voice,0,0,full,0.21461523,4.6595
ITEM0320,calibration,hearing,1,1,full,0.21461523,4.6595
ITEM0320,calibration,respiratory,0,0,full,0.21461523,4.6595
ITEM0320,calibration,bowel,0,0,full,0.21461523,4.6595
ITEM0320,calibration,urinary,0,0,full,0.21461523,4.6595
ITEM0320,calibration,sexual_reproductive,0,0,full,0.21461523,4.6595
ITEM0320,calibration,limb_lymphedema,0,0,full,0.21461523,4.6595
ITEM0320,calibration,visual,0,0,full,0.21461523,4.6595
ITEM0321,calibration,cognition,0,0,truncated,0.01091639,91.6054
ITEM0321,calibration,neuropathy,0,0,truncated,0.01091639,91.6054
ITEM0321,calibration,fatigue,0,0,truncated,0.01091639,91.6054
ITEM0321,calibration,pain,0,0,truncated,0.01091639,91.6054
ITEM0321,calibration,physical_function,0,0,truncated,0.01091639,91.6054
ITEM0321,calibration,swallowing,0,0,truncated,0.01091639,91.6054
ITEM0321,calibration,speech_voice,0,0,truncated,0.01091639,91.6054
ITEM0321,calibration,hearing,0,0,truncated,0.01091639,91.6054
ITEM0321,calibration,respiratory,0,0,truncated,0.01091639,91.6054
ITEM0321,calibration,bowel,0,0,truncated,0.01091639,91.6054
ITEM0321,calibration,urinary,0,0,truncated,0.01091639,91.6054
ITEM0321,calibration,sexual_reproductive,0,0,truncated,0.01091639,91.6054
ITEM0321,calibration,limb_lymphedema,0,0,truncated,0.01091639,91.6054
ITEM0321,calibration,visual,0,0,truncated,0.01091639,91.6054
ITEM0322,calibration,cognition,0,0,full,0.01091639,91.6054
ITEM0322,calibration,neuropathy,0,0,full,0.01091639,91.6054
ITEM0322,calibration,fatigue,0,0,full,0.01091639,91.6054
ITEM0322,calibration,pain,0,0,full,0.01091639,91.6054
ITEM0322,calibration,physical_function,0,0,full,0.01091639,91.6054
ITEM0322,calibration,swallowing,0,0,full,0.01091639,91.6054
ITEM0322,calibration,speech_voice,0,0,full,0.01091639,91.6054
ITEM0322,calibration,hearing,0,0,full,0.01091639,91.6054
ITEM0322,calibration,respiratory,0,0,full,0.01091639,91.6054
ITEM0322,calibration,bowel,0,0,full,0.01091639,91.6054
ITEM0322,calibration,urinary,0,0,full,0.01091639,91.6054
ITEM0322,calibration,sexual_reproductive,0,0,full,0.01091639,91.6054
ITEM0322,calibration,limb_lymphedema,0,0,full,0.01091639,91.6054
ITEM0322,calibration,visual,0,0,full,0.01091639,91.6054
ITEM0323,calibration,cognition,1,1,full,0.01552180,64.4255
ITEM0323,calibration,neuropathy,0,0,full,0.01552180,64.4255
ITEM0323,calibration,fatigue,0,0,full,0.01552180,64.4255
ITEM0323,calibration,pain,0,0,full,0.01552180,64.4255
ITEM0323,calibration,physical_function,0,0,full,0.01552180,64.4255
ITEM0323,calibration,swallowing,0,0,full,0.01552180,64.4255
ITEM0323,calibration,speech_voice,0,0,full,0.01552180,64.4255
ITEM0323,calibration,hearing,0,0,full,0.01552180,64.4255
ITEM0323,calibration,respiratory,0,0,full,0.01552180,64.4255
ITEM0323,calibration,bowel,0,0,full,0.01552180,64.4255
ITEM0323,calibration,urinary,0,0,full,0.01552180,64.4255
ITEM0323,calibration,sexual_reproductive,0,0,full,0.01552180,64.4255
ITEM0323,calibration,limb_lymphedema,0,0,full,0.01552180,64.4255
ITEM0323,calibration,visual,0,0,full,0.01552180,64.4255
ITEM0324,calibration,cognition,1,1,full,0.04142126,24.1422
ITEM0324,calibration,neuropathy,0,0,full,0.04142126,24.1422
ITEM0324,calibration,fatigue,1,1,full,0.04142126,24.1422
ITEM0324,calibration,pain,1,1,full,0.04142126,24.1422
ITEM0324,calibration,physical_function,0,0,full,0.04142126,24.1422
ITEM0324,calibration,swallowing,0,0,full,0.04142126,24.1422
ITEM0324,calibration,speech_voice,0,0,full,0.04142126,24.1422
ITEM0324,calibration,hearing,0,0,full,0.04142126,24.1422
ITEM0324,calibration,respiratory,0,0,full,0.04142126,24.1422
ITEM0324,calibration,bowel,1,0,full,0.04142126,24.1422
ITEM0324,calibration,urinary,0,0,full,0.04142126,24.1422
ITEM0324,calibration,sexual_reproductive,0,0,full,0.04142126,24.1422
ITEM0324,calibration,limb_lymphedema,0,0,full,0.04142126,24.1422
ITEM0324,calibration,visual,0,0,full,0.04142126,24.1422
ITEM0325,calibration,cognition,0,0,full,0.03078367,32.4848
ITEM0325,calibration,neuropathy,1,1,full,0.03078367,32.4848
ITEM0325,calibration,fatigue,0,0,full,0.03078367,32.4848
ITEM0325,calibration,pain,1,1,full,0.03078367,32.4848
ITEM0325,calibration,physical_function,0,0,full,0.03078367,32.4848
ITEM0325,calibration,swallowing,0,0,full,0.03078367,32.4848
ITEM0325,calibration,speech_voice,0,0,full,0.03078367,32.4848
ITEM0325,calibration,hearing,0,0,full,0.03078367,32.4848
ITEM0325,calibration,respiratory,0,0,full,0.03078367,32.4848
ITEM0325,calibration,bowel,0,0,full,0.03078367,32.4848
ITEM0325,calibration,urinary,0,0,full,0.03078367,32.4848
ITEM0325,calibration,sexual_reproductive,0,0,full,0.03078367,32.4848
ITEM0325,calibration,limb_lymphedema,0,0,full,0.03078367,32.4848
ITEM0325,calibration,visual,0,0,full,0.03078367,32.4848
ITEM0326,calibration,cognition,0,0,full,0.01091639,91.6054
ITEM0326,calibration,neuropathy,0,0,full,0.01091639,91.6054
ITEM0326,calibration,fatigue,0,0,full,0.01091639,91.6054
ITEM0326,calibration,pain,0,0,full,0.01091639,91.6054
ITEM0326,calibration,physical_function,0,0,full,0.01091639,91.6054
ITEM0326,calibration,swallowing,0,0,full,0.01091639,91.6054
ITEM0326,calibration,speech_voice,0,0,full,0.01091639,91.6054
ITEM0326,calibration,hearing,0,0,full,0.01091639,91.6054
ITEM0326,calibration,respiratory,0,0,full,0.01091639,91.6054
ITEM0326,calibration,bowel,0,0,full,0.01091639,91.6054
ITEM0326,calibration,urinary,0,0,full,0.01091639,91.6054
ITEM0326,calibration,sexual_reproductive,0,0,full,0.01091639,91.6054
ITEM0326,calibration,limb_lymphedema,0,0,full,0.01091639,91.6054
ITEM0326,calibration,visual,0,0,full,0.01091639,91.6054
ITEM0327,calibration,cognition,0,0,full,0.01091639,91.6054
ITEM0327,calibration,neuropathy,0,0,full,0.01091639,91.6054
ITEM0327,calibration,fatigue,0,0,full,0.01091639,91.6054
ITEM0327,calibration,pain,0,0,full,0.01091639,91.6054
ITEM0327,calibration,physical_function,0,0,full,0.01091639,91.6054
ITEM0327,calibration,swallowing,0,0,full,0.01091639,91.6054
ITEM0327,calibration,speech_voice,0,0,full,0.01091639,91.6054
ITEM0327,calibration,hearing,0,0,full,0.01091639,91.6054
ITEM0327,calibration,respiratory,0,0,full,0.01091639,91.6054
ITEM0327,calibration,bowel,0,0,full,0.01091639,91.6054
ITEM0327,calibration,urinary,0,0,full,0.01091639,91.6054
ITEM0327,calibration,sexual_reproductive,0,0,full,0.01091639,91.6054
ITEM0327,calibration,limb_lymphedema,0,0,full,0.01091639,91.6054
ITEM0327,calibration,visual,0,0,full,0.01091639,91.6054
ITEM0328,calibration,cognition,0,0,full,0.01091639,91.6054
ITEM0328,calibration,neuropathy,0,0,full,0.01091639,91.6054
ITEM0328,calibration,fatigue,0,0,full,0.01091639,91.6054
ITEM0328,calibration,pain,0,0,full,0.01091639,91.6054
ITEM0328,calibration,physical_function,0,0,full,0.01091639,91.6054
ITEM0328,calibration,swallowing,0,0,full,0.01091639,91.6054
ITEM0328,calibration,speech_voice,0,0,full,0.01091639,91.6054
ITEM0328,calibration,hearing,0,0,full,0.01091639,91.6054
ITEM0328,calibration,respiratory,0,0,full,0.01091639,91.6054
ITEM0328,calibration,bowel,0,0,full,0.01091639,91.6054
ITEM0328,calibration,urinary,0,0,full,0.01091639,91.6054
ITEM0328,calibration,sexual_reproductive,0,0,full,0.01091639,91.6054
ITEM0328,calibration,limb_lymphedema,0,0,full,0.01091639,91.6054
ITEM0328,calibration,visual,0,0,full,0.01091639,91.6054
ITEM0329,calibration,cognition,1,1,full,0.06020820,16.6090
ITEM0329,calibration,neuropathy,0,0,full,0.06020820,16.6090
ITEM0329,calibration,fatigue,1,1,full,0.06020820,16.6090
ITEM0329,calibration,pain,0,0,full,0.06020820,16.6090
ITEM0329,calibration,physical_function,1,1,full,0.06020820,16.6090
ITEM0329,calibration,swallowing,0,0,full,0.06020820,16.6090
ITEM0329,calibration,speech_voice,0,0,full,0.06020820,16.6090
ITEM0329,calibration,hearing,0,0,full,0.06020820,16.6090
ITEM0329,calibration,respiratory,0,0,full,0.06020820,16.6090
ITEM0329,calibration,bowel,0,0,full,0.06020820,16.6090
ITEM0329,calibration,urinary,0,0,full,0.06020820,16.6090
ITEM0329,calibration,sexual_reproductive,1,0,full,0.06020820,16.6090
ITEM0329,calibration,limb_lymphedema,0,0,full,0.06020820,16.6090
ITEM0329,calibration,visual,0,0,full,0.06020820,16.6090
ITEM0330,calibration,cognition,1,0,full,0.19221995,5.2024
ITEM0330,calibration,neuropathy,0,0,full,0.19221995,5.2024
ITEM0330,calibration,fatigue,1,0,full,0.19221995,5.2024
ITEM0330,calibration,pain,1,0,full,0.19221995,5.2024
ITEM0330,calibration,physical_function,1,0,full,0.19221995,5.2024
ITEM0330,calibration,swallowing,0,0,full,0.19221995,5.2024
ITEM0330,calibration,speech_voice,0,0,full,0.19221995,5.2024
ITEM0330,calibration,hearing,0,0,full,0.19221995,5.2024
ITEM0330,calibration,respiratory,1,0,full,0.19221995,5.2024
ITEM0330,calibration,bowel,1,0,full,0.19221995,5.2024
ITEM0330,calibration,urinary,1,0,full,0.19221995,5.2024
ITEM0330,calibration,sexual_reproductive,0,0,full,0.19221995,5.2024
ITEM0330,calibration,limb_lymphedema,0,0,full,0.19221995,5.2024
ITEM0330,calibration,visual,1,0,full,0.19221995,5.2024
ITEM0331,calibration,cognition,0,0,full,0.07434103,13.4515
ITEM0331,calibration,neuropathy,0,0,full,0.07434103,13.4515
ITEM0331,calibration,fatigue,0,0,full,0.07434103,13.4515
ITEM0331,calibration,pain,1,1,full,0.07434103,13.4515
ITEM0331,calibration,physical_function,0,0,full,0.07434103,13.4515
ITEM0331,calibration,swallowing,0,0,full,0.07434103,13.4515
ITEM0331,calibration,speech_voice,0,0,full,0.07434103,13.4515
ITEM0331,calibration,hearing,0,0,full,0.07434103,13.4515
ITEM0331,calibration,respiratory,0,0,full,0.07434103,13.4515
ITEM0331,calibration,bowel,0,0,full,0.07434103,13.4515
ITEM0331,calibration,urinary,0,0,full,0.07434103,13.4515
ITEM0331,calibration,sexual_reproductive,0,0,full,0.07434103,13.4515
ITEM0331,calibration,limb_lymphedema,1,1,full,0.07434103,13.4515
ITEM0331,calibration,visual,0,0,full,0.07434103,13.4515
ITEM0332,calibration,cognition,0,0,truncated,0.01091639,91.6054
ITEM0332,calibration,neuropathy,0,0,truncated,0.01091639,91.6054
ITEM0332,calibration,fatigue,0,0,truncated,0.01091639,91.6054
ITEM0332,calibration,pain,0,0,truncated,0.01091639,91.6054
ITEM0332,calibration,physical_function,0,0,truncated,0.01091639,91.6054
ITEM0332,calibration,swallowing,0,0,truncated,0.01091639,91.6054
ITEM0332,calibration,speech_voice,0,0,truncated,0.01091639,91.6054
ITEM0332,calibration,hearing,0,0,truncated,0.01091639,91.6054
ITEM0332,calibration,respiratory,0,0,truncated,0.01091639,91.6054
ITEM0332,calibration,bowel,0,0,truncated,0.01091639,91.6054
ITEM0332,calibration,urinary,0,0,truncated,0.01091639,91.6054
ITEM0332,calibration,sexual_reproductive,0,0,truncated,0.01091639,91.6054
ITEM0332,calibration,limb_lymphedema,0,0,truncated,0.01091639,91.6054
ITEM0332,calibration,visual,0,0,truncated,0.01091639,91.6054
ITEM0333,calibration,cognition,0,0,full,0.06977172,14.3325
ITEM0333,calibration,neuropathy,0,0,full,0.06977172,14.3325
ITEM0333,calibration,fatigue,0,0,full,0.06977172,14.3325
ITEM0333,calibration,pain,0,0,full,0.06977172,14.3325
ITEM0333,calibration,physical_function,0,0,full,0.06977172,14.3325
ITEM0333,calibration,swallowing,0,0,full,0.06977172,14.3325
ITEM0333,calibration,speech_voice,0,0,full,0.06977172,14.3325
ITEM0333,calibration,hearing,0,0,full,0.06977172,14.3325
ITEM0333,calibration,respiratory,0,0,full,0.06977172,14.3325
ITEM0333,calibration,bowel,0,0,full,0.06977172,14.3325
ITEM0333,calibration,urinary,0,0,full,0.06977172,14.3325
ITEM0333,calibration,sexual_reproductive,0,0,full,0.06977172,14.3325
ITEM0333,calibration,limb_lymphedema,1,1,full,0.06977172,14.3325
ITEM0333,calibration,visual,0,0,full,0.06977172,14.3325
ITEM0334,calibration,cognition,0,0,full,0.01183902,84.4665
ITEM0334,calibration,neuropathy,0,0,full,0.01183902,84.4665
ITEM0334,calibration,fatigue,1,0,full,0.01183902,84.4665
ITEM0334,calibration,pain,0,0,full,0.01183902,84.4665
ITEM0334,calibration,physical_function,0,0,full,0.01183902,84.4665
ITEM0334,calibration,swallowing,0,0,full,0.01183902,84.4665
ITEM0334,calibration,speech_voice,0,0,full,0.01183902,84.4665
ITEM0334,calibration,hearing,0,0,full,0.01183902,84.4665
ITEM0334,calibration,respiratory,0,0,full,0.01183902,84.4665
ITEM0334,calibration,bowel,0,0,full,0.01183902,84.4665
ITEM0334,calibration,urinary,0,0,full,0.01183902,84.4665
ITEM0334,calibration,sexual_reproductive,0,0,full,0.01183902,84.4665
ITEM0334,calibration,limb_lymphedema,0,0,full,0.01183902,84.4665
ITEM0334,calibration,visual,0,0,full,0.01183902,84.4665
ITEM0335,calibration,cognition,0,0,full,0.01091639,91.6054
ITEM0335,calibration,neuropathy,0,0,full,0.01091639,91.6054
ITEM0335,calibration,fatigue,0,0,full,0.01091639,91.6054
ITEM0335,calibration,pain,0,0,full,0.01091639,91.6054
ITEM0335,calibration,physical_function,0,0,full,0.01091639,91.6054
ITEM0335,calibration,swallowing,0,0,full,0.01091639,91.6054
ITEM0335,calibration,speech_voice,0,0,full,0.01091639,91.6054
ITEM0335,calibration,hearing,0,0,full,0.01091639,91.6054
ITEM0335,calibration,respiratory,0,0,full,0.01091639,91.6054
ITEM0335,calibration,bowel,0,0,full,0.01091639,91.6054
ITEM0335,calibration,urinary,0,0,full,0.01091639,91.6054
ITEM0335,calibration,sexual_reproductive,0,0,full,0.01091639,91.6054
ITEM0335,calibration,limb_lymphedema,0,0,full,0.01091639,91.6054
ITEM0335,calibration,visual,0,0,full,0.01091639,91.6054
ITEM0336,calibration,cognition,0,0,full,0.10784369,9.2727
ITEM0336,calibration,neuropathy,0,0,full,0.10784369,9.2727
ITEM0336,calibration,fatigue,0,0,full,0.10784369,9.2727
ITEM0336,calibration,pain,0,0,full,0.10784369,9.2727
ITEM0336,calibration,physical_function,0,0,full,0.10784369,9.2727
ITEM0336,calibration,swallowing,0,0,full,0.10784369,9.2727
ITEM0336,calibration,speech_voice,1,1,full,0.10784369,9.2727
ITEM0336,calibration,hearing,0,0,full,0.10784369,9.2727
ITEM0336,calibration,respiratory,0,0,full,0.10784369,9.2727
ITEM0336,calibration,bowel,0,0,full,0.10784369,9.2727
ITEM0336,calibration,urinary,0,0,full,0.10784369,9.2727
ITEM0336,calibration,sexual_reproductive,0,0,full,0.10784369,9.2727
ITEM0336,calibration,limb_lymphedema,0,0,full,0.10784369,9.2727
ITEM0336,calibration,visual,0,0,full,0.10784369,9.2727
ITEM0337,calibration,cognition,0,0,full,0.12437818,8.0400
ITEM0337,calibration,neuropathy,0,0,full,0.12437818,8.0400
ITEM0337,calibration,fatigue,0,0,full,0.12437818,8.0400
ITEM0337,calibration,pain,0,0,full,0.12437818,8.0400
ITEM0337,calibration,physical_function,1,0,full,0.12437818,8.0400
ITEM0337,calibration,swallowing,0,0,full,0.12437818,8.0400
ITEM0337,calibration,speech_voice,0,0,full,0.12437818,8.0400
ITEM0337,calibration,hearing,0,0,full,0.12437818,8.0400
ITEM0337,calibration,respiratory,0,0,full,0.12437818,8.0400
ITEM0337,calibration,bowel,0,0,full,0.12437818,8.0400
ITEM0337,calibration,urinary,0,0,full,0.12437818,8.0400
ITEM0337,calibration,sexual_reproductive,0,0,full,0.12437818,8.0400
ITEM0337,calibration,limb_lymphedema,0,0,full,0.12437818,8.0400
ITEM0337,calibration,visual,1,1,full,0.12437818,8.0400
ITEM0338,calibration,cognition,0,0,full,0.24456178,4.0889
ITEM0338,calibration,neuropathy,1,1,full,0.24456178,4.0889
ITEM0338,calibration,fatigue,0,0,full,0.24456178,4.0889
ITEM0338,calibration,pain,1,1,full,0.24456178,4.0889
ITEM0338,calibration,physical_function,0,0,full,0.24456178,4.0889
ITEM0338,calibration,swallowing,0,0,full,0.24456178,4.0889
ITEM0338,calibration,speech_voice,0,0,full,0.24456178,4.0889
ITEM0338,calibration,hearing,1,0,full,0.24456178,4.0889
ITEM0338,calibration,respiratory,1,0,full,0.24456178,4.0889
ITEM0338,calibration,bowel,0,0,full,0.24456178,4.0889
ITEM0338,calibration,urinary,0,0,full,0.24456178,4.0889
ITEM0338,calibration,sexual_reproductive,0,0,full,0.24456178,4.0889
ITEM0338,calibration,limb_lymphedema,0,0,full,0.24456178,4.0889
ITEM0338,calibration,visual,0,0,full,0.24456178,4.0889
ITEM0339,calibration,cognition,0,0,full,0.01091639,91.6054
ITEM0339,calibration,neuropathy,0,0,full,0.01091639,91.6054
ITEM0339,calibration,fatigue,0,0,full,0.01091639,91.6054
ITEM0339,calibration,pain,0,0,full,0.01091639,91.6054
ITEM0339,calibration,physical_function,0,0,full,0.01091639,91.6054
ITEM0339,calibration,swallowing,0,0,full,0.01091639,91.6054
ITEM0339,calibration,speech_voice,0,0,full,0.01091639,91.6054
ITEM0339,calibration,hearing,0,0,full,0.01091639,91.6054
ITEM0339,calibration,respiratory,0,0,full,0.01091639,91.6054
ITEM0339,calibration,bowel,0,0,full,0.01091639,91.6054
ITEM0339,calibration,urinary,0,0,full,0.01091639,91.6054
ITEM0339,calibration,sexual_reproductive,0,0,full,0.01091639,91.6054
ITEM0339,calibration,limb_lymphedema,0,0,full,0.01091639,91.6054
ITEM0339,calibration,visual,0,0,full,0.01091639,91.6054
ITEM0340,calibration,cognition,0,0,full,0.01091639,91.6054
ITEM0340,calibration,neuropathy,0,0,full,0.01091639,91.6054
ITEM0340,calibration,fatigue,0,0,full,0.01091639,91.6054
ITEM0340,calibration,pain,0,0,full,0.01091639,91.6054
ITEM0340,calibration,physical_function,0,0,full,0.01091639,91.6054
ITEM0340,calibration,swallowing,0,0,full,0.01091639,91.6054
ITEM0340,calibration,speech_voice,0,0,full,0.01091639,91.6054
ITEM0340,calibration,hearing,0,0,full,0.01091639,91.6054
ITEM0340,calibration,respiratory,0,0,full,0.01091639,91.6054
ITEM0340,calibration,bowel,0,0,full,0.01091639,91.6054
ITEM0340,calibration,urinary,0,0,full,0.01091639,91.6054
ITEM0340,calibration,sexual_reproductive,0,0,full,0.01091639,91.6054
ITEM0340,calibration,limb_lymphedema,0,0,full,0.01091639,91.6054
ITEM0340,calibration,visual,0,0,full,0.01091639,91.6054
ITEM0341,calibration,cognition,0,0,full,0.04286146,23.3310
ITEM0341,calibration,neuropathy,0,0,full,0.04286146,23.3310
ITEM0341,calibration,fatigue,0,0,full,0.04286146,23.3310
ITEM0341,calibration,pain,1,0,full,0.04286146,23.3310
ITEM0341,calibration,physical_function,1,0,full,0.04286146,23.3310
ITEM0341,calibration,swallowing,0,0,full,0.04286146,23.3310
ITEM0341,calibration,speech_voice,0,0,full,0.04286146,23.3310
ITEM0341,calibration,hearing,0,0,full,0.04286146,23.3310
ITEM0341,calibration,respiratory,0,0,full,0.04286146,23.3310
ITEM0341,calibration,bowel,0,0,full,0.04286146,23.3310
ITEM0341,calibration,urinary,0,0,full,0.04286146,23.3310
ITEM0341,calibration,sexual_reproductive,1,1,full,0.04286146,23.3310
ITEM0341,calibration,limb_lymphedema,0,0,full,0.04286146,23.3310
ITEM0341,calibration,visual,0,0,full,0.04286146,23.3310
ITEM0342,calibration,cognition,0,0,full,0.03078367,32.4848
ITEM0342,calibration,neuropathy,1,1,full,0.03078367,32.4848
ITEM0342,calibration,fatigue,0,0,full,0.03078367,32.4848
ITEM0342,calibration,pain,1,1,full,0.03078367,32.4848
ITEM0342,calibration,physical_function,0,0,full,0.03078367,32.4848
ITEM0342,calibration,swallowing,0,0,full,0.03078367,32.4848
ITEM0342,calibration,speech_voice,0,0,full,0.03078367,32.4848
ITEM0342,calibration,hearing,0,0,full,0.03078367,32.4848
ITEM0342,calibration,respiratory,0,0,full,0.03078367,32.4848
ITEM0342,calibration,bowel,0,0,full,0.03078367,32.4848
ITEM0342,calibration,urinary,0,0,full,0.03078367,32.4848
ITEM0342,calibration,sexual_reproductive,0,0,full,0.03078367,32.4848
ITEM0342,calibration,limb_lymphedema,0,0,full,0.03078367,32.4848
ITEM0342,calibration,visual,0,0,full,0.03078367,32.4848
ITEM0343,calibration,cognition,0,0,full,0.03821489,26.1678
ITEM0343,calibration,neuropathy,0,0,full,0.03821489,26.1678
ITEM0343,calibration,fatigue,0,0,full,0.03821489,26.1678
ITEM0343,calibration,pain,0,0,full,0.03821489,26.1678
ITEM0343,calibration,physical_function,0,0,full,0.03821489,26.1678
ITEM0343,calibration,swallowing,1,1,full,0.03821489,26.1678
ITEM0343,calibration,speech_voice,0,0,full,0.03821489,26.1678
ITEM0343,calibration,hearing,0,0,full,0.03821489,26.1678
ITEM0343,calibration,respiratory,0,0,full,0.03821489,26.1678
ITEM0343,calibration,bowel,0,0,full,0.03821489,26.1678
ITEM0343,calibration,urinary,0,0,full,0.03821489,26.1678
ITEM0343,calibration,sexual_reproductive,0,0,full,0.03821489,26.1678
ITEM0343,calibration,limb_lymphedema,0,0,full,0.03821489,26.1678
ITEM0343,calibration,visual,0,0,full,0.03821489,26.1678
ITEM0344,calibration,cognition,0,0,full,0.12915180,7.7428
ITEM0344,calibration,neuropathy,1,1,full,0.12915180,7.7428
ITEM0344,calibration,fatigue,0,0,full,0.12915180,7.7428
ITEM0344,calibration,pain,0,0,full,0.12915180,7.7428
ITEM0344,calibration,physical_function,0,0,full,0.12915180,7.7428
ITEM0344,calibration,swallowing,0,0,full,0.12915180,7.7428
ITEM0344,calibration,speech_voice,1,0,full,0.12915180,7.7428
ITEM0344,calibration,hearing,0,0,full,0.12915180,7.7428
ITEM0344,calibration,respiratory,0,0,full,0.12915180,7.7428
ITEM0344,calibration,bowel,0,0,full,0.12915180,7.7428
ITEM0344,calibration,urinary,0,0,full,0.12915180,7.7428
ITEM0344,calibration,sexual_reproductive,0,0,full,0.12915180,7.7428
ITEM0344,calibration,limb_lymphedema,0,0,full,0.12915180,7.7428
ITEM0344,calibration,visual,0,0,full,0.12915180,7.7428
ITEM0345,calibration,cognition,0,0,full,0.01091639,91.6054
ITEM0345,calibration,neuropathy,0,0,full,0.01091639,91.6054
ITEM0345,calibration,fatigue,0,0,full,0.01091639,91.6054
ITEM0345,calibration,pain,0,0,full,0.01091639,91.6054
ITEM0345,calibration,physical_function,0,0,full,0.01091639,91.6054
ITEM0345,calibration,swallowing,0,0,full,0.01091639,91.6054
ITEM0345,calibration,speech_voice,0,0,full,0.01091639,91.6054
ITEM0345,calibration,hearing,0,0,full,0.01091639,91.6054
ITEM0345,calibration,respiratory,0,0,full,0.01091639,91.6054
ITEM0345,calibration,bowel,0,0,full,0.01091639,91.6054
ITEM0345,calibration,urinary,0,0,full,0.01091639,91.6054
ITEM0345,calibration,sexual_reproductive,0,0,full,0.01091639,91.6054
ITEM0345,calibration,limb_lymphedema,0,0,full,0.01091639,91.6054
ITEM0345,calibration,visual,0,0,full,0.01091639,91.6054
ITEM0346,calibration,cognition,0,0,truncated,0.01091639,91.6054
ITEM0346,calibration,neuropathy,0,0,truncated,0.01091639,91.6054
ITEM0346,calibration,fatigue,0,0,truncated,0.01091639,91.6054
ITEM0346,calibration,pain,0,0,truncated,0.01091639,91.6054
ITEM0346,calibration,physical_function,0,0,truncated,0.01091639,91.6054
ITEM0346,calibration,swallowing,0,0,truncated,0.01091639,91.6054
ITEM0346,calibration,speech_voice,0,0,truncated,0.01091639,91.6054
ITEM0346,calibration,hearing,0,0,truncated,0.01091639,91.6054
ITEM0346,calibration,respiratory,0,0,truncated,0.01091639,91.6054
ITEM0346,calibration,bowel,0,0,truncated,0.01091639,91.6054
ITEM0346,calibration,urinary,0,0,truncated,0.01091639,91.6054
ITEM0346,calibration,sexual_reproductive,0,0,truncated,0.01091639,91.6054
ITEM0346,calibration,limb_lymphedema,0,0,truncated,0.01091639,91.6054
ITEM0346,calibration,visual,0,0,truncated,0.01091639,91.6054
ITEM0347,calibration,cognition,0,0,full,0.02599935,38.4625
ITEM0347,calibration,neuropathy,1,0,full,0.02599935,38.4625
ITEM0347,calibration,fatigue,0,0,full,0.02599935,38.4625
ITEM0347,calibration,pain,0,0,full,0.02599935,38.4625
ITEM0347,calibration,physical_function,0,0,full,0.02599935,38.4625
ITEM0347,calibration,swallowing,0,0,full,0.02599935,38.4625
ITEM0347,calibration,speech_voice,0,0,full,0.02599935,38.4625
ITEM0347,calibration,hearing,0,0,full,0.02599935,38.4625
ITEM0347,calibration,respiratory,0,0,full,0.02599935,38.4625
ITEM0347,calibration,bowel,0,0,full,0.02599935,38.4625
ITEM0347,calibration,urinary,0,0,full,0.02599935,38.4625
ITEM0347,calibration,sexual_reproductive,0,0,full,0.02599935,38.4625
ITEM0347,calibration,limb_lymphedema,0,0,full,0.02599935,38.4625
ITEM0347,calibration,visual,0,0,full,0.02599935,38.4625
ITEM0348,calibration,cognition,0,0,full,0.01406566,71.0951
ITEM0348,calibration,neuropathy,0,0,full,0.01406566,71.0951
ITEM0348,calibration,fatigue,0,0,full,0.01406566,71.0951
ITEM0348,calibration,pain,0,0,full,0.01406566,71.0951
ITEM0348,calibration,physical_function,0,0,full,0.01406566,71.0951
ITEM0348,calibration,swallowing,0,0,full,0.01406566,71.0951
ITEM0348,calibration,speech_voice,0,0,full,0.01406566,71.0951
ITEM0348,calibration,hearing,0,0,full,0.01406566,71.0951
ITEM0348,calibration,respiratory,0,0,full,0.01406566,71.0951
ITEM0348,calibration,bowel,1,0,full,0.01406566,71.0951
ITEM0348,calibration,urinary,0,0,full,0.01406566,71.0951
ITEM0348,calibration,sexual_reproductive,0,0,full,0.01406566,71.0951
ITEM0348,calibration,limb_lymphedema,0,0,full,0.01406566,71.0951
ITEM0348,calibration,visual,0,0,full,0.01406566,71.0951
ITEM0349,calibration,cognition,0,0,full,0.18771235,5.3273
ITEM0349,calibration,neuropathy,0,0,full,0.18771235,5.3273
ITEM0349,calibration,fatigue,0,0,full,0.18771235,5.3273
ITEM0349,calibration,pain,1,1,full,0.18771235,5.3273
ITEM0349,calibration,physical_function,1,1,full,0.18771235,5.3273
ITEM0349,calibration,swallowing,0,0,full,0.18771235,5.3273
ITEM0349,calibration,speech_voice,0,0,full,0.18771235,5.3273
ITEM0349,calibration,hearing,0,0,full,0.18771235,5.3273
ITEM0349,calibration,respiratory,0,0,full,0.18771235,5.3273
ITEM0349,calibration,bowel,0,0,full,0.18771235,5.3273
ITEM0349,calibration,urinary,0,0,full,0.18771235,5.3273
ITEM0349,calibration,sexual_reproductive,0,0,full,0.18771235,5.3273
ITEM0349,calibration,limb_lymphedema,1,1,full,0.18771235,5.3273
ITEM0349,calibration,visual,1,0,full,0.18771235,5.3273
ITEM0350,calibration,cognition,0,0,truncated,0.01091639,91.6054
ITEM0350,calibration,neuropathy,0,0,truncated,0.01091639,91.6054
ITEM0350,calibration,fatigue,0,0,truncated,0.01091639,91.6054
ITEM0350,calibration,pain,0,0,truncated,0.01091639,91.6054
ITEM0350,calibration,physical_function,0,0,truncated,0.01091639,91.6054
ITEM0350,calibration,swallowing,0,0,truncated,0.01091639,91.6054
ITEM0350,calibration,speech_voice,0,0,truncated,0.01091639,91.6054
ITEM0350,calibration,hearing,0,0,truncated,0.01091639,91.6054
ITEM0350,calibration,respiratory,0,0,truncated,0.01091639,91.6054
ITEM0350,calibration,bowel,0,0,truncated,0.01091639,91.6054
ITEM0350,calibration,urinary,0,0,truncated,0.01091639,91.6054
ITEM0350,calibration,sexual_reproductive,0,0,truncated,0.01091639,91.6054
ITEM0350,calibration,limb_lymphedema,0,0,truncated,0.01091639,91.6054
ITEM0350,calibration,visual,0,0,truncated,0.01091639,91.6054
ITEM0351,calibration,cognition,0,0,full,0.11560524,8.6501
ITEM0351,calibration,neuropathy,0,0,full,0.11560524,8.6501
ITEM0351,calibration,fatigue,0,0,full,0.11560524,8.6501
ITEM0351,calibration,pain,0,0,full,0.11560524,8.6501
ITEM0351,calibration,physical_function,0,0,full,0.11560524,8.6501
ITEM0351,calibration,swallowing,0,0,full,0.11560524,8.6501
ITEM0351,calibration,speech_voice,0,0,full,0.11560524,8.6501
ITEM0351,calibration,hearing,0,0,full,0.11560524,8.6501
ITEM0351,calibration,respiratory,0,0,full,0.11560524,8.6501
ITEM0351,calibration,bowel,0,0,full,0.11560524,8.6501
ITEM0351,calibration,urinary,0,0,full,0.11560524,8.6501
ITEM0351,calibration,sexual_reproductive,0,0,full,0.11560524,8.6501
ITEM0351,calibration,limb_lymphedema,0,0,full,0.11560524,8.6501
ITEM0351,calibration,visual,1,1,full,0.11560524,8.6501
ITEM0352,calibration,cognition,0,0,full,0.04293921,23.2887
ITEM0352,calibration,neuropathy,0,0,full,0.04293921,23.2887
ITEM0352,calibration,fatigue,0,0,full,0.04293921,23.2887
ITEM0352,calibration,pain,1,1,full,0.04293921,23.2887
ITEM0352,calibration,physical_function,0,0,full,0.04293921,23.2887
ITEM0352,calibration,swallowing,1,1,full,0.04293921,23.2887
ITEM0352,calibration,speech_voice,0,0,full,0.04293921,23.2887
ITEM0352,calibration,hearing,0,0,full,0.04293921,23.2887
ITEM0352,calibration,respiratory,0,0,full,0.04293921,23.2887
ITEM0352,calibration,bowel,0,0,full,0.04293921,23.2887
ITEM0352,calibration,urinary,0,0,full,0.04293921,23.2887
ITEM0352,calibration,sexual_reproductive,0,0,full,0.04293921,23.2887
ITEM0352,calibration,limb_lymphedema,0,0,full,0.04293921,23.2887
ITEM0352,calibration,visual,0,0,full,0.04293921,23.2887
ITEM0353,calibration,cognition,0,0,full,0.01091639,91.6054
ITEM0353,calibration,neuropathy,0,0,full,0.01091639,91.6054
ITEM0353,calibration,fatigue,0,0,full,0.01091639,91.6054
ITEM0353,calibration,pain,0,0,full,0.01091639,91.6054
ITEM0353,calibration,physical_function,0,0,full,0.01091639,91.6054
ITEM0353,calibration,swallowing,0,0,full,0.01091639,91.6054
ITEM0353,calibration,speech_voice,0,0,full,0.01091639,91.6054
ITEM0353,calibration,hearing,0,0,full,0.01091639,91.6054
ITEM0353,calibration,respiratory,0,0,full,0.01091639,91.6054
ITEM0353,calibration,bowel,0,0,full,0.01091639,91.6054
ITEM0353,calibration,urinary,0,0,full,0.01091639,91.6054
ITEM0353,calibration,sexual_reproductive,0,0,full,0.01091639,91.6054
ITEM0353,calibration,limb_lymphedema,0,0,full,0.01091639,91.6054
ITEM0353,calibration,visual,0,0,full,0.01091639,91.6054
ITEM0354,calibration,cognition,0,0,full,0.06016480,16.6210
ITEM0354,calibration,neuropathy,0,0,full,0.06016480,16.6210
ITEM0354,calibration,fatigue,1,0,full,0.06016480,16.6210
ITEM0354,calibration,pain,1,0,full,0.06016480,16.6210
ITEM0354,calibration,physical_function,1,0,full,0.06016480,16.6210
ITEM0354,calibration,swallowing,0,0,full,0.06016480,16.6210
ITEM0354,calibration,speech_voice,0,0,full,0.06016480,16.6210
ITEM0354,calibration,hearing,0,0,full,0.06016480,16.6210
ITEM0354,calibration,respiratory,1,0,full,0.06016480,16.6210
ITEM0354,calibration,bowel,1,0,full,0.06016480,16.6210
ITEM0354,calibration,urinary,0,0,full,0.06016480,16.6210
ITEM0354,calibration,sexual_reproductive,0,0,full,0.06016480,16.6210
ITEM0354,calibration,limb_lymphedema,0,0,full,0.06016480,16.6210
ITEM0354,calibration,visual,0,0,full,0.06016480,16.6210
ITEM0355,calibration,cognition,0,0,full,0.09876887,10.1246
ITEM0355,calibration,neuropathy,0,0,full,0.09876887,10.1246
ITEM0355,calibration,fatigue,0,0,full,0.09876887,10.1246
ITEM0355,calibration,pain,1,0,full,0.09876887,10.1246
ITEM0355,calibration,physical_function,0,0,full,0.09876887,10.1246
ITEM0355,calibration,swallowing,0,0,full,0.09876887,10.1246
ITEM0355,calibration,speech_voice,0,0,full,0.09876887,10.1246
ITEM0355,calibration,hearing,0,0,full,0.09876887,10.1246
ITEM0355,calibration,respiratory,0,0,full,0.09876887,10.1246
ITEM0355,calibration,bowel,0,0,full,0.09876887,10.1246
ITEM0355,calibration,urinary,0,0,full,0.09876887,10.1246
ITEM0355,calibration,sexual_reproductive,1,0,full,0.09876887,10.1246
ITEM0355,calibration,limb_lymphedema,1,0,full,0.09876887,10.1246
ITEM0355,calibration,visual,0,0,full,0.09876887,10.1246
ITEM0356,calibration,cognition,0,0,full,0.01091639,91.6054
ITEM0356,calibration,neuropathy,0,0,full,0.01091639,91.6054
ITEM0356,calibration,fatigue,0,0,full,0.01091639,91.6054
ITEM0356,calibration,pain,0,0,full,0.01091639,91.6054
ITEM0356,calibration,physical_function,0,0,full,0.01091639,91.6054
ITEM0356,calibration,swallowing,0,0,full,0.01091639,91.6054
ITEM0356,calibration,speech_voice,0,0,full,0.01091639,91.6054
ITEM0356,calibration,hearing,0,0,full,0.01091639,91.6054
ITEM0356,calibration,respiratory,0,0,full,0.01091639,91.6054
ITEM0356,calibration,bowel,0,0,full,0.01091639,91.6054
ITEM0356,calibration,urinary,0,0,full,0.01091639,91.6054
ITEM0356,calibration,sexual_reproductive,0,0,full,0.01091639,91.6054
ITEM0356,calibration,limb_lymphedema,0,0,full,0.01091639,91.6054
ITEM0356,calibration,visual,0,0,full,0.01091639,91.6054
ITEM0357,calibration,cognition,1,1,full,0.06345283,15.7597
ITEM0357,calibration,neuropathy,0,0,full,0.06345283,15.7597
ITEM0357,calibration,fatigue,1,1,full,0.06345283,15.7597
ITEM0357,calibration,pain,1,1,full,0.06345283,15.7597
ITEM0357,calibration,physical_function,0,0,full,0.06345283,15.7597
ITEM0357,calibration,swallowing,0,0,full,0.06345283,15.7597
ITEM0357,calibration,speech_voice,0,0,full,0.06345283,15.7597
ITEM0357,calibration,hearing,0,0,full,0.06345283,15.7597
ITEM0357,calibration,respiratory,1,0,full,0.06345283,15.7597
ITEM0357,calibration,bowel,1,0,full,0.06345283,15.7597
ITEM0357,calibration,urinary,0,0,full,0.06345283,15.7597
ITEM0357,calibration,sexual_reproductive,0,0,full,0.06345283,15.7597
ITEM0357,calibration,limb_lymphedema,0,0,full,0.06345283,15.7597
ITEM0357,calibration,visual,0,0,full,0.06345283,15.7597
ITEM0358,calibration,cognition,0,0,full,0.06977172,14.3325
ITEM0358,calibration,neuropathy,0,0,full,0.06977172,14.3325
ITEM0358,calibration,fatigue,0,0,full,0.06977172,14.3325
ITEM0358,calibration,pain,0,0,full,0.06977172,14.3325
ITEM0358,calibration,physical_function,0,0,full,0.06977172,14.3325
ITEM0358,calibration,swallowing,0,0,full,0.06977172,14.3325
ITEM0358,calibration,speech_voice,0,0,full,0.06977172,14.3325
ITEM0358,calibration,hearing,0,0,full,0.06977172,14.3325
ITEM0358,calibration,respiratory,0,0,full,0.06977172,14.3325
ITEM0358,calibration,bowel,0,0,full,0.06977172,14.3325
ITEM0358,calibration,urinary,0,0,full,0.06977172,14.3325
ITEM0358,calibration,sexual_reproductive,0,0,full,0.06977172,14.3325
ITEM0358,calibration,limb_lymphedema,1,1,full,0.06977172,14.3325
ITEM0358,calibration,visual,0,0,full,0.06977172,14.3325
ITEM0359,calibration,cognition,0,0,full,0.01091639,91.6054
ITEM0359,calibration,neuropathy,0,0,full,0.01091639,91.6054
ITEM0359,calibration,fatigue,0,0,full,0.01091639,91.6054
ITEM0359,calibration,pain,0,0,full,0.01091639,91.6054
ITEM0359,calibration,physical_function,0,0,full,0.01091639,91.6054
ITEM0359,calibration,swallowing,0,0,full,0.01091639,91.6054
ITEM0359,calibration,speech_voice,0,0,full,0.01091639,91.6054
ITEM0359,calibration,hearing,0,0,full,0.01091639,91.6054
ITEM0359,calibration,respiratory,0,0,full,0.01091639,91.6054
ITEM0359,calibration,bowel,0,0,full,0.01091639,91.6054
ITEM0359,calibration,urinary,0,0,full,0.01091639,91.6054
ITEM0359,calibration,sexual_reproductive,0,0,full,0.01091639,91.6054
ITEM0359,calibration,limb_lymphedema,0,0,full,0.01091639,91.6054
ITEM0359,calibration,visual,0,0,full,0.01091639,91.6054
ITEM0360,calibration,cognition,0,0,full,0.14007365,7.1391
ITEM0360,calibration,neuropathy,0,0,full,0.14007365,7.1391
ITEM0360,calibration,fatigue,0,0,full,0.14007365,7.1391
ITEM0360,calibration,pain,0,0,full,0.14007365,7.1391
ITEM0360,calibration,physical_function,0,0,full,0.14007365,7.1391
ITEM0360,calibration,swallowing,1,0,full,0.14007365,7.1391
ITEM0360,calibration,speech_voice,1,0,full,0.14007365,7.1391
ITEM0360,calibration,hearing,0,0,full,0.14007365,7.1391
ITEM0360,calibration,respiratory,0,0,full,0.14007365,7.1391
ITEM0360,calibration,bowel,0,0,full,0.14007365,7.1391
ITEM0360,calibration,urinary,0,0,full,0.14007365,7.1391
ITEM0360,calibration,sexual_reproductive,0,0,full,0.14007365,7.1391
ITEM0360,calibration,limb_lymphedema,0,0,full,0.14007365,7.1391
ITEM0360,calibration,visual,0,0,full,0.14007365,7.1391
ITEM0361,calibration,cognition,0,0,full,0.00706867,141.4694
ITEM0361,calibration,neuropathy,0,0,full,0.00706867,141.4694
ITEM0361,calibration,fatigue,0,0,full,0.00706867,141.4694
ITEM0361,calibration,pain,1,1,full,0.00706867,141.4694
ITEM0361,calibration,physical_function,0,0,full,0.00706867,141.4694
ITEM0361,calibration,swallowing,0,0,full,0.00706867,141.4694
ITEM0361,calibration,speech_voice,0,0,full,0.00706867,141.4694
ITEM0361,calibration,hearing,0,0,full,0.00706867,141.4694
ITEM0361,calibration,respiratory,0,0,full,0.00706867,141.4694
ITEM0361,calibration,bowel,0,0,full,0.00706867,141.4694
ITEM0361,calibration,urinary,0,0,full,0.00706867,141.4694
ITEM0361,calibration,sexual_reproductive,0,0,full,0.00706867,141.4694
ITEM0361,calibration,limb_lymphedema,0,0,full,0.00706867,141.4694
ITEM0361,calibration,visual,0,0,full,0.00706867,141.4694
ITEM0362,calibration,cognition,0,0,full,0.01206549,82.8810
ITEM0362,calibration,neuropathy,0,0,full,0.01206549,82.8810
ITEM0362,calibration,fatigue,0,0,full,0.01206549,82.8810
ITEM0362,calibration,pain,0,0,full,0.01206549,82.8810
ITEM0362,calibration,physical_function,1,1,full,0.01206549,82.8810
ITEM0362,calibration,swallowing,0,0,full,0.01206549,82.8810
ITEM0362,calibration,speech_voice,0,0,full,0.01206549,82.8810
ITEM0362,calibration,hearing,0,0,full,0.01206549,82.8810
ITEM0362,calibration,respiratory,0,0,full,0.01206549,82.8810
ITEM0362,calibration,bowel,0,0,full,0.01206549,82.8810
ITEM0362,calibration,urinary,0,0,full,0.01206549,82.8810
ITEM0362,calibration,sexual_reproductive,0,0,full,0.01206549,82.8810
ITEM0362,calibration,limb_lymphedema,0,0,full,0.01206549,82.8810
ITEM0362,calibration,visual,0,0,full,0.01206549,82.8810
ITEM0363,calibration,cognition,0,0,full,0.11222599,8.9106
ITEM0363,calibration,neuropathy,0,0,full,0.11222599,8.9106
ITEM0363,calibration,fatigue,0,0,full,0.11222599,8.9106
ITEM0363,calibration,pain,1,1,full,0.11222599,8.9106
ITEM0363,calibration,physical_function,0,0,full,0.11222599,8.9106
ITEM0363,calibration,swallowing,0,0,full,0.11222599,8.9106
ITEM0363,calibration,speech_voice,1,0,full,0.11222599,8.9106
ITEM0363,calibration,hearing,0,0,full,0.11222599,8.9106
ITEM0363,calibration,respiratory,0,0,full,0.11222599,8.9106
ITEM0363,calibration,bowel,0,0,full,0.11222599,8.9106
ITEM0363,calibration,urinary,0,0,full,0.11222599,8.9106
ITEM0363,calibration,sexual_reproductive,0,0,full,0.11222599,8.9106
ITEM0363,calibration,limb_lymphedema,0,0,full,0.11222599,8.9106
ITEM0363,calibration,visual,0,0,full,0.11222599,8.9106
ITEM0364,calibration,cognition,0,0,full,0.02849976,35.0880
ITEM0364,calibration,neuropathy,0,0,full,0.02849976,35.0880
ITEM0364,calibration,fatigue,0,0,full,0.02849976,35.0880
ITEM0364,calibration,pain,0,0,full,0.02849976,35.0880
ITEM0364,calibration,physical_function,0,0,full,0.02849976,35.0880
ITEM0364,calibration,swallowing,0,0,full,0.02849976,35.0880
ITEM0364,calibration,speech_voice,0,0,full,0.02849976,35.0880
ITEM0364,calibration,hearing,0,0,full,0.02849976,35.0880
ITEM0364,calibration,respiratory,0,0,full,0.02849976,35.0880
ITEM0364,calibration,bowel,0,0,full,0.02849976,35.0880
ITEM0364,calibration,urinary,0,0,full,0.02849976,35.0880
ITEM0364,calibration,sexual_reproductive,1,0,full,0.02849976,35.0880
ITEM0364,calibration,limb_lymphedema,0,0,full,0.02849976,35.0880
ITEM0364,calibration,visual,0,0,full,0.02849976,35.0880
ITEM0365,calibration,cognition,0,0,truncated,0.00706867,141.4694
ITEM0365,calibration,neuropathy,0,0,truncated,0.00706867,141.4694
ITEM0365,calibration,fatigue,0,0,truncated,0.00706867,141.4694
ITEM0365,calibration,pain,1,0,truncated,0.00706867,141.4694
ITEM0365,calibration,physical_function,0,0,truncated,0.00706867,141.4694
ITEM0365,calibration,swallowing,0,0,truncated,0.00706867,141.4694
ITEM0365,calibration,speech_voice,0,0,truncated,0.00706867,141.4694
ITEM0365,calibration,hearing,0,0,truncated,0.00706867,141.4694
ITEM0365,calibration,respiratory,0,0,truncated,0.00706867,141.4694
ITEM0365,calibration,bowel,0,0,truncated,0.00706867,141.4694
ITEM0365,calibration,urinary,0,0,truncated,0.00706867,141.4694
ITEM0365,calibration,sexual_reproductive,0,0,truncated,0.00706867,141.4694
ITEM0365,calibration,limb_lymphedema,0,0,truncated,0.00706867,141.4694
ITEM0365,calibration,visual,0,0,truncated,0.00706867,141.4694
ITEM0366,calibration,cognition,0,0,full,0.01091639,91.6054
ITEM0366,calibration,neuropathy,0,0,full,0.01091639,91.6054
ITEM0366,calibration,fatigue,0,0,full,0.01091639,91.6054
ITEM0366,calibration,pain,0,0,full,0.01091639,91.6054
ITEM0366,calibration,physical_function,0,0,full,0.01091639,91.6054
ITEM0366,calibration,swallowing,0,0,full,0.01091639,91.6054
ITEM0366,calibration,speech_voice,0,0,full,0.01091639,91.6054
ITEM0366,calibration,hearing,0,0,full,0.01091639,91.6054
ITEM0366,calibration,respiratory,0,0,full,0.01091639,91.6054
ITEM0366,calibration,bowel,0,0,full,0.01091639,91.6054
ITEM0366,calibration,urinary,0,0,full,0.01091639,91.6054
ITEM0366,calibration,sexual_reproductive,0,0,full,0.01091639,91.6054
ITEM0366,calibration,limb_lymphedema,0,0,full,0.01091639,91.6054
ITEM0366,calibration,visual,0,0,full,0.01091639,91.6054
ITEM0367,calibration,cognition,0,0,truncated,0.01183902,84.4665
ITEM0367,calibration,neuropathy,0,0,truncated,0.01183902,84.4665
ITEM0367,calibration,fatigue,1,0,truncated,0.01183902,84.4665
ITEM0367,calibration,pain,0,0,truncated,0.01183902,84.4665
ITEM0367,calibration,physical_function,0,0,truncated,0.01183902,84.4665
ITEM0367,calibration,swallowing,0,0,truncated,0.01183902,84.4665
ITEM0367,calibration,speech_voice,0,0,truncated,0.01183902,84.4665
ITEM0367,calibration,hearing,0,0,truncated,0.01183902,84.4665
ITEM0367,calibration,respiratory,0,0,truncated,0.01183902,84.4665
ITEM0367,calibration,bowel,0,0,truncated,0.01183902,84.4665
ITEM0367,calibration,urinary,0,0,truncated,0.01183902,84.4665
ITEM0367,calibration,sexual_reproductive,0,0,truncated,0.01183902,84.4665
ITEM0367,calibration,limb_lymphedema,0,0,truncated,0.01183902,84.4665
ITEM0367,calibration,visual,0,0,truncated,0.01183902,84.4665
ITEM0368,calibration,cognition,0,0,full,0.05650894,17.6963
ITEM0368,calibration,neuropathy,0,0,full,0.05650894,17.6963
ITEM0368,calibration,fatigue,0,0,full,0.05650894,17.6963
ITEM0368,calibration,pain,0,0,full,0.05650894,17.6963
ITEM0368,calibration,physical_function,0,0,full,0.05650894,17.6963
ITEM0368,calibration,swallowing,0,0,full,0.05650894,17.6963
ITEM0368,calibration,speech_voice,0,0,full,0.05650894,17.6963
ITEM0368,calibration,hearing,0,0,full,0.05650894,17.6963
ITEM0368,calibration,respiratory,0,0,full,0.05650894,17.6963
ITEM0368,calibration,bowel,1,0,full,0.05650894,17.6963
ITEM0368,calibration,urinary,1,0,full,0.05650894,17.6963
ITEM0368,calibration,sexual_reproductive,1,0,full,0.05650894,17.6963
ITEM0368,calibration,limb_lymphedema,0,0,full,0.05650894,17.6963
ITEM0368,calibration,visual,0,0,full,0.05650894,17.6963
ITEM0369,calibration,cognition,0,0,full,0.01406566,71.0951
ITEM0369,calibration,neuropathy,0,0,full,0.01406566,71.0951
ITEM0369,calibration,fatigue,0,0,full,0.01406566,71.0951
ITEM0369,calibration,pain,0,0,full,0.01406566,71.0951
ITEM0369,calibration,physical_function,0,0,full,0.01406566,71.0951
ITEM0369,calibration,swallowing,0,0,full,0.01406566,71.0951
ITEM0369,calibration,speech_voice,0,0,full,0.01406566,71.0951
ITEM0369,calibration,hearing,0,0,full,0.01406566,71.0951
ITEM0369,calibration,respiratory,0,0,full,0.01406566,71.0951
ITEM0369,calibration,bowel,1,0,full,0.01406566,71.0951
ITEM0369,calibration,urinary,0,0,full,0.01406566,71.0951
ITEM0369,calibration,sexual_reproductive,0,0,full,0.01406566,71.0951
ITEM0369,calibration,limb_lymphedema,0,0,full,0.01406566,71.0951
ITEM0369,calibration,visual,0,0,full,0.01406566,71.0951
ITEM0370,calibration,cognition,0,0,full,0.01091639,91.6054
ITEM0370,calibration,neuropathy,0,0,full,0.01091639,91.6054
ITEM0370,calibration,fatigue,0,0,full,0.01091639,91.6054
ITEM0370,calibration,pain,0,0,full,0.01091639,91.6054
ITEM0370,calibration,physical_function,0,0,full,0.01091639,91.6054
ITEM0370,calibration,swallowing,0,0,full,0.01091639,91.6054
ITEM0370,calibration,speech_voice,0,0,full,0.01091639,91.6054
ITEM0370,calibration,hearing,0,0,full,0.01091639,91.6054
ITEM0370,calibration,respiratory,0,0,full,0.01091639,91.6054
ITEM0370,calibration,bowel,0,0,full,0.01091639,91.6054
ITEM0370,calibration,urinary,0,0,full,0.01091639,91.6054
ITEM0370,calibration,sexual_reproductive,0,0,full,0.01091639,91.6054
ITEM0370,calibration,limb_lymphedema,0,0,full,0.01091639,91.6054
ITEM0370,calibration,visual,0,0,full,0.01091639,91.6054
ITEM0371,calibration,cognition,0,0,full,0.11560524,8.6501
ITEM0371,calibration,neuropathy,0,0,full,0.11560524,8.6501
ITEM0371,calibration,fatigue,0,0,full,0.11560524,8.6501
ITEM0371,calibration,pain,0,0,full,0.11560524,8.6501
ITEM0371,calibration,physical_function,0,0,full,0.11560524,8.6501
ITEM0371,calibration,swallowing,0,0,full,0.11560524,8.6501
ITEM0371,calibration,speech_voice,0,0,full,0.11560524,8.6501
ITEM0371,calibration,hearing,0,0,full,0.11560524,8.6501
ITEM0371,calibration,respiratory,0,0,full,0.11560524,8.6501
ITEM0371,calibration,bowel,0,0,full,0.11560524,8.6501
ITEM0371,calibration,urinary,0,0,full,0.11560524,8.6501
ITEM0371,calibration,sexual_reproductive,0,0,full,0.11560524,8.6501
ITEM0371,calibration,limb_lymphedema,0,0,full,0.11560524,8.6501
ITEM0371,calibration,visual,1,1,full,0.11560524,8.6501
ITEM0372,calibration,cognition,1,1,full,0.09558170,10.4623
ITEM0372,calibration,neuropathy,0,0,full,0.09558170,10.4623
ITEM0372,calibration,fatigue,1,0,full,0.09558170,10.4623
ITEM0372,calibration,pain,1,0,full,0.09558170,10.4623
ITEM0372,calibration,physical_function,0,0,full,0.09558170,10.4623
ITEM0372,calibration,swallowing,0,0,full,0.09558170,10.4623
ITEM0372,calibration,speech_voice,0,0,full,0.09558170,10.4623
ITEM0372,calibration,hearing,0,0,full,0.09558170,10.4623
ITEM0372,calibration,respiratory,0,0,full,0.09558170,10.4623
ITEM0372,calibration,bowel,0,0,full,0.09558170,10.4623
ITEM0372,calibration,urinary,0,0,full,0.09558170,10.4623
ITEM0372,calibration,sexual_reproductive,0,0,full,0.09558170,10.4623
ITEM0372,calibration,limb_lymphedema,1,0,full,0.09558170,10.4623
ITEM0372,calibration,visual,0,0,full,0.09558170,10.4623
ITEM0373,calibration,cognition,0,0,full,0.01091639,91.6054
ITEM0373,calibration,neuropathy,0,0,full,0.01091639,91.6054
ITEM0373,calibration,fatigue,0,0,full,0.01091639,91.6054
ITEM0373,calibration,pain,0,0,full,0.01091639,91.6054
ITEM0373,calibration,physical_function,0,0,full,0.01091639,91.6054
ITEM0373,calibration,swallowing,0,0,full,0.01091639,91.6054
ITEM0373,calibration,speech_voice,0,0,full,0.01091639,91.6054
ITEM0373,calibration,hearing,0,0,full,0.01091639,91.6054
ITEM0373,calibration,respiratory,0,0,full,0.01091639,91.6054
ITEM0373,calibration,bowel,0,0,full,0.01091639,91.6054
ITEM0373,calibration,urinary,0,0,full,0.01091639,91.6054
ITEM0373,calibration,sexual_reproductive,0,0,full,0.01091639,91.6054
ITEM0373,calibration,limb_lymphedema,0,0,full,0.01091639,91.6054
ITEM0373,calibration,visual,0,0,full,0.01091639,91.6054
ITEM0374,calibration,cognition,0,0,full,0.06977172,14.3325
ITEM0374,calibration,neuropathy,0,0,full,0.06977172,14.3325
ITEM0374,calibration,fatigue,0,0,full,0.06977172,14.3325
ITEM0374,calibration,pain,0,0,full,0.06977172,14.3325
ITEM0374,calibration,physical_function,0,0,full,0.06977172,14.3325
ITEM0374,calibration,swallowing,0,0,full,0.06977172,14.3325
ITEM0374,calibration,speech_voice,0,0,full,0.06977172,14.3325
ITEM0374,calibration,hearing,0,0,full,0.06977172,14.3325
ITEM0374,calibration,respiratory,0,0,full,0.06977172,14.3325
ITEM0374,calibration,bowel,0,0,full,0.06977172,14.3325
ITEM0374,calibration,urinary,0,0,full,0.06977172,14.3325
ITEM0374,calibration,sexual_reproductive,0,0,full,0.06977172,14.3325
ITEM0374,calibration,limb_lymphedema,1,1,full,0.06977172,14.3325
ITEM0374,calibration,visual,0,0,full,0.06977172,14.3325
ITEM0375,calibration,cognition,0,0,truncated,0.04512277,22.1618
ITEM0375,calibration,neuropathy,0,0,truncated,0.04512277,22.1618
ITEM0375,calibration,fatigue,0,0,truncated,0.04512277,22.1618
ITEM0375,calibration,pain,0,0,truncated,0.04512277,22.1618
ITEM0375,calibration,physical_function,0,0,truncated,0.04512277,22.1618
ITEM0375,calibration,swallowing,0,0,truncated,0.04512277,22.1618
ITEM0375,calibration,speech_voice,0,0,truncated,0.04512277,22.1618
ITEM0375,calibration,hearing,0,0,truncated,0.04512277,22.1618
ITEM0375,calibration,respiratory,0,0,truncated,0.04512277,22.1618
ITEM0375,calibration,bowel,0,0,truncated,0.04512277,22.1618
ITEM0375,calibration,urinary,1,1,truncated,0.04512277,22.1618
ITEM0375,calibration,sexual_reproductive,1,1,truncated,0.04512277,22.1618
ITEM0375,calibration,limb_lymphedema,0,0,truncated,0.04512277,22.1618
ITEM0375,calibration,visual,0,0,truncated,0.04512277,22.1618
ITEM0376,calibration,cognition,0,0,full,0.02510105,39.8390
ITEM0376,calibration,neuropathy,0,0,full,0.02510105,39.8390
ITEM0376,calibration,fatigue,0,0,full,0.02510105,39.8390
ITEM0376,calibration,pain,0,0,full,0.02510105,39.8390
ITEM0376,calibration,physical_function,0,0,full,0.02510105,39.8390
ITEM0376,calibration,swallowing,0,0,full,0.02510105,39.8390
ITEM0376,calibration,speech_voice,0,0,full,0.02510105,39.8390
ITEM0376,calibration,hearing,0,0,full,0.02510105,39.8390
ITEM0376,calibration,respiratory,1,1,full,0.02510105,39.8390
ITEM0376,calibration,bowel,0,0,full,0.02510105,39.8390
ITEM0376,calibration,urinary,0,0,full,0.02510105,39.8390
ITEM0376,calibration,sexual_reproductive,0,0,full,0.02510105,39.8390
ITEM0376,calibration,limb_lymphedema,0,0,full,0.02510105,39.8390
ITEM0376,calibration,visual,0,0,full,0.02510105,39.8390
ITEM0377,calibration,cognition,0,0,full,0.05650894,17.6963
ITEM0377,calibration,neuropathy,0,0,full,0.05650894,17.6963
ITEM0377,calibration,fatigue,0,0,full,0.05650894,17.6963
ITEM0377,calibration,pain,0,0,full,0.05650894,17.6963
ITEM0377,calibration,physical_function,0,0,full,0.05650894,17.6963
ITEM0377,calibration,swallowing,0,0,full,0.05650894,17.6963
ITEM0377,calibration,speech_voice,0,0,full,0.05650894,17.6963
ITEM0377,calibration,hearing,0,0,full,0.05650894,17.6963
ITEM0377,calibration,respiratory,0,0,full,0.05650894,17.6963
ITEM0377,calibration,bowel,1,1,full,0.05650894,17.6963
ITEM0377,calibration,urinary,1,0,full,0.05650894,17.6963
ITEM0377,calibration,sexual_reproductive,1,0,full,0.05650894,17.6963
ITEM0377,calibration,limb_lymphedema,0,0,full,0.05650894,17.6963
ITEM0377,calibration,visual,0,0,full,0.05650894,17.6963
ITEM0378,calibration,cognition,0,0,truncated,0.01091639,91.6054
ITEM0378,calibration,neuropathy,0,0,truncated,0.01091639,91.6054
ITEM0378,calibration,fatigue,0,0,truncated,0.01091639,91.6054
ITEM0378,calibration,pain,0,0,truncated,0.01091639,91.6054
ITEM0378,calibration,physical_function,0,0,truncated,0.01091639,91.6054
ITEM0378,calibration,swallowing,0,0,truncated,0.01091639,91.6054
ITEM0378,calibration,speech_voice,0,0,truncated,0.01091639,91.6054
ITEM0378,calibration,hearing,0,0,truncated,0.01091639,91.6054
ITEM0378,calibration,respiratory,0,0,truncated,0.01091639,91.6054
ITEM0378,calibration,bowel,0,0,truncated,0.01091639,91.6054
ITEM0378,calibration,urinary,0,0,truncated,0.01091639,91.6054
ITEM0378,calibration,sexual_reproductive,0,0,truncated,0.01091639,91.6054
ITEM0378,calibration,limb_lymphedema,0,0,truncated,0.01091639,91.6054
ITEM0378,calibration,visual,0,0,truncated,0.01091639,91.6054
ITEM0379,calibration,cognition,1,0,full,0.09728644,10.2789
ITEM0379,calibration,neuropathy,0,0,full,0.09728644,10.2789
ITEM0379,calibration,fatigue,1,0,full,0.09728644,10.2789
ITEM0379,calibration,pain,1,0,full,0.09728644,10.2789
ITEM0379,calibration,physical_function,0,0,full,0.09728644,10.2789
ITEM0379,calibration,swallowing,1,0,full,0.09728644,10.2789
ITEM0379,calibration,speech_voice,0,0,full,0.09728644,10.2789
ITEM0379,calibration,hearing,0,0,full,0.09728644,10.2789
ITEM0379,calibration,respiratory,1,0,full,0.09728644,10.2789
ITEM0379,calibration,bowel,1,0,full,0.09728644,10.2789
ITEM0379,calibration,urinary,0,0,full,0.09728644,10.2789
ITEM0379,calibration,sexual_reproductive,0,0,full,0.09728644,10.2789
ITEM0379,calibration,limb_lymphedema,0,0,full,0.09728644,10.2789
ITEM0379,calibration,visual,0,0,full,0.09728644,10.2789
ITEM0380,calibration,cognition,0,0,full,0.20396143,4.9029
ITEM0380,calibration,neuropathy,0,0,full,0.20396143,4.9029
ITEM0380,calibration,fatigue,0,0,full,0.20396143,4.9029
ITEM0380,calibration,pain,0,0,full,0.20396143,4.9029
ITEM0380,calibration,physical_function,0,0,full,0.20396143,4.9029
ITEM0380,calibration,swallowing,0,0,full,0.20396143,4.9029
ITEM0380,calibration,speech_voice,0,0,full,0.20396143,4.9029
ITEM0380,calibration,hearing,1,0,full,0.20396143,4.9029
ITEM0380,calibration,respiratory,0,0,full,0.20396143,4.9029
ITEM0380,calibration,bowel,0,0,full,0.20396143,4.9029
ITEM0380,calibration,urinary,0,0,full,0.20396143,4.9029
ITEM0380,calibration,sexual_reproductive,0,0,full,0.20396143,4.9029
ITEM0380,calibration,limb_lymphedema,0,0,full,0.20396143,4.9029
ITEM0380,calibration,visual,0,0,full,0.20396143,4.9029
ITEM0381,calibration,cognition,0,0,full,0.01091639,91.6054
ITEM0381,calibration,neuropathy,0,0,full,0.01091639,91.6054
ITEM0381,calibration,fatigue,0,0,full,0.01091639,91.6054
ITEM0381,calibration,pain,0,0,full,0.01091639,91.6054
ITEM0381,calibration,physical_function,0,0,full,0.01091639,91.6054
ITEM0381,calibration,swallowing,0,0,full,0.01091639,91.6054
ITEM0381,calibration,speech_voice,0,0,full,0.01091639,91.6054
ITEM0381,calibration,hearing,0,0,full,0.01091639,91.6054
ITEM0381,calibration,respiratory,0,0,full,0.01091639,91.6054
ITEM0381,calibration,bowel,0,0,full,0.01091639,91.6054
ITEM0381,calibration,urinary,0,0,full,0.01091639,91.6054
ITEM0381,calibration,sexual_reproductive,0,0,full,0.01091639,91.6054
ITEM0381,calibration,limb_lymphedema,0,0,full,0.01091639,91.6054
ITEM0381,calibration,visual,0,0,full,0.01091639,91.6054
ITEM0382,calibration,cognition,0,0,full,0.01206549,82.8810
ITEM0382,calibration,neuropathy,0,0,full,0.01206549,82.8810
ITEM0382,calibration,fatigue,0,0,full,0.01206549,82.8810
ITEM0382,calibration,pain,0,0,full,0.01206549,82.8810
ITEM0382,calibration,physical_function,1,1,full,0.01206549,82.8810
ITEM0382,calibration,swallowing,0,0,full,0.01206549,82.8810
ITEM0382,calibration,speech_voice,0,0,full,0.01206549,82.8810
ITEM0382,calibration,hearing,0,0,full,0.01206549,82.8810
ITEM0382,calibration,respiratory,0,0,full,0.01206549,82.8810
ITEM0382,calibration,bowel,0,0,full,0.01206549,82.8810
ITEM0382,calibration,urinary,0,0,full,0.01206549,82.8810
ITEM0382,calibration,sexual_reproductive,0,0,full,0.01206549,82.8810
ITEM0382,calibration,limb_lymphedema,0,0,full,0.01206549,82.8810
ITEM0382,calibration,visual,0,0,full,0.01206549,82.8810
ITEM0383,calibration,cognition,0,0,full,0.11560524,8.6501
ITEM0383,calibration,neuropathy,0,0,full,0.11560524,8.6501
ITEM0383,calibration,fatigue,0,0,full,0.11560524,8.6501
ITEM0383,calibration,pain,0,0,full,0.11560524,8.6501
ITEM0383,calibration,physical_function,0,0,full,0.11560524,8.6501
ITEM0383,calibration,swallowing,0,0,full,0.11560524,8.6501
ITEM0383,calibration,speech_voice,0,0,full,0.11560524,8.6501
ITEM0383,calibration,hearing,0,0,full,0.11560524,8.6501
ITEM0383,calibration,respiratory,0,0,full,0.11560524,8.6501
ITEM0383,calibration,bowel,0,0,full,0.11560524,8.6501
ITEM0383,calibration,urinary,0,0,full,0.11560524,8.6501
ITEM0383,calibration,sexual_reproductive,0,0,full,0.11560524,8.6501
ITEM0383,calibration,limb_lymphedema,0,0,full,0.11560524,8.6501
ITEM0383,calibration,visual,1,0,full,0.11560524,8.6501
ITEM0384,calibration,cognition,0,0,full,0.01924085,51.9728
ITEM0384,calibration,neuropathy,0,0,full,0.01924085,51.9728
ITEM0384,calibration,fatigue,0,0,full,0.01924085,51.9728
ITEM0384,calibration,pain,0,0,full,0.01924085,51.9728
ITEM0384,calibration,physical_function,0,0,full,0.01924085,51.9728
ITEM0384,calibration,swallowing,0,0,full,0.01924085,51.9728
ITEM0384,calibration,speech_voice,0,0,full,0.01924085,51.9728
ITEM0384,calibration,hearing,0,0,full,0.01924085,51.9728
ITEM0384,calibration,respiratory,0,0,full,0.01924085,51.9728
ITEM0384,calibration,bowel,0,0,full,0.01924085,51.9728
ITEM0384,calibration,urinary,1,0,full,0.01924085,51.9728
ITEM0384,calibration,sexual_reproductive,0,0,full,0.01924085,51.9728
ITEM0384,calibration,limb_lymphedema,0,0,full,0.01924085,51.9728
ITEM0384,calibration,visual,0,0,full,0.01924085,51.9728
ITEM0385,calibration,cognition,1,1,full,0.02506409,39.8977
ITEM0385,calibration,neuropathy,0,0,full,0.02506409,39.8977
ITEM0385,calibration,fatigue,1,1,full,0.02506409,39.8977
ITEM0385,calibration,pain,0,0,full,0.02506409,39.8977
ITEM0385,calibration,physical_function,0,0,full,0.02506409,39.8977
ITEM0385,calibration,swallowing,0,0,full,0.02506409,39.8977
ITEM0385,calibration,speech_voice,0,0,full,0.02506409,39.8977
ITEM0385,calibration,hearing,0,0,full,0.02506409,39.8977
ITEM0385,calibration,respiratory,0,0,full,0.02506409,39.8977
ITEM0385,calibration,bowel,0,0,full,0.02506409,39.8977
ITEM0385,calibration,urinary,0,0,full,0.02506409,39.8977
ITEM0385,calibration,sexual_reproductive,0,0,full,0.02506409,39.8977
ITEM0385,calibration,limb_lymphedema,0,0,full,0.02506409,39.8977
ITEM0385,calibration,visual,0,0,full,0.02506409,39.8977
ITEM0386,calibration,cognition,0,0,full,0.11994941,8.3368
ITEM0386,calibration,neuropathy,0,0,full,0.11994941,8.3368
ITEM0386,calibration,fatigue,0,0,full,0.11994941,8.3368
ITEM0386,calibration,pain,1,0,full,0.11994941,8.3368
ITEM0386,calibration,physical_function,0,0,full,0.11994941,8.3368
ITEM0386,calibration,swallowing,0,0,full,0.11994941,8.3368
ITEM0386,calibration,speech_voice,0,0,full,0.11994941,8.3368
ITEM0386,calibration,hearing,0,0,full,0.11994941,8.3368
ITEM0386,calibration,respiratory,0,0,full,0.11994941,8.3368
ITEM0386,calibration,bowel,0,0,full,0.11994941,8.3368
ITEM0386,calibration,urinary,0,0,full,0.11994941,8.3368
ITEM0386,calibration,sexual_reproductive,0,0,full,0.11994941,8.3368
ITEM0386,calibration,limb_lymphedema,0,0,full,0.11994941,8.3368
ITEM0386,calibration,visual,1,0,full,0.11994941,8.3368
ITEM0387,calibration,cognition,0,0,full,0.01206549,82.8810
ITEM0387,calibration,neuropathy,0,0,full,0.01206549,82.8810
ITEM0387,calibration,fatigue,0,0,full,0.01206549,82.8810
ITEM0387,calibration,pain,0,0,full,0.01206549,82.8810
ITEM0387,calibration,physical_function,1,0,full,0.01206549,82.8810
ITEM0387,calibration,swallowing,0,0,full,0.01206549,82.8810
ITEM0387,calibration,speech_voice,0,0,full,0.01206549,82.8810
ITEM0387,calibration,hearing,0,0,full,0.01206549,82.8810
ITEM0387,calibration,respiratory,0,0,full,0.01206549,82.8810
ITEM0387,calibration,bowel,0,0,full,0.01206549,82.8810
ITEM0387,calibration,urinary,0,0,full,0.01206549,82.8810
ITEM0387,calibration,sexual_reproductive,0,0,full,0.01206549,82.8810
ITEM0387,calibration,limb_lymphedema,0,0,full,0.01206549,82.8810
ITEM0387,calibration,visual,0,0,full,0.01206549,82.8810
ITEM0388,calibration,cognition,0,0,full,0.01091639,91.6054
ITEM0388,calibration,neuropathy,0,0,full,0.01091639,91.6054
ITEM0388,calibration,fatigue,0,0,full,0.01091639,91.6054
ITEM0388,calibration,pain,0,0,full,0.01091639,91.6054
ITEM0388,calibration,physical_function,0,0,full,0.01091639,91.6054
ITEM0388,calibration,swallowing,0,0,full,0.01091639,91.6054
ITEM0388,calibration,speech_voice,0,0,full,0.01091639,91.6054
ITEM0388,calibration,hearing,0,0,full,0.01091639,91.6054
ITEM0388,calibration,respiratory,0,0,full,0.01091639,91.6054
ITEM0388,calibration,bowel,0,0,full,0.01091639,91.6054
ITEM0388,calibration,urinary,0,0,full,0.01091639,91.6054
ITEM0388,calibration,sexual_reproductive,0,0,full,0.01091639,91.6054
ITEM0388,calibration,limb_lymphedema,0,0,full,0.01091639,91.6054
ITEM0388,calibration,visual,0,0,full,0.01091639,91.6054
ITEM0389,calibration,cognition,0,0,full,0.31397866,3.1849
ITEM0389,calibration,neuropathy,0,0,full,0.31397866,3.1849
ITEM0389,calibration,fatigue,0,0,full,0.31397866,3.1849
ITEM0389,calibration,pain,0,0,full,0.31397866,3.1849
ITEM0389,calibration,physical_function,0,0,full,0.31397866,3.1849
ITEM0389,calibration,swallowing,1,1,full,0.31397866,3.1849
ITEM0389,calibration,speech_voice,1,1,full,0.31397866,3.1849
ITEM0389,calibration,hearing,1,0,full,0.31397866,3.1849
ITEM0389,calibration,respiratory,0,0,full,0.31397866,3.1849
ITEM0389,calibration,bowel,0,0,full,0.31397866,3.1849
ITEM0389,calibration,urinary,0,0,full,0.31397866,3.1849
ITEM0389,calibration,sexual_reproductive,0,0,full,0.31397866,3.1849
ITEM0389,calibration,limb_lymphedema,0,0,full,0.31397866,3.1849
ITEM0389,calibration,visual,0,0,full,0.31397866,3.1849
ITEM0390,calibration,cognition,0,0,full,0.01406566,71.0951
ITEM0390,calibration,neuropathy,0,0,full,0.01406566,71.0951
ITEM0390,calibration,fatigue,0,0,full,0.01406566,71.0951
ITEM0390,calibration,pain,0,0,full,0.01406566,71.0951
ITEM0390,calibration,physical_function,0,0,full,0.01406566,71.0951
ITEM0390,calibration,swallowing,0,0,full,0.01406566,71.0951
ITEM0390,calibration,speech_voice,0,0,full,0.01406566,71.0951
ITEM0390,calibration,hearing,0,0,full,0.01406566,71.0951
ITEM0390,calibration,respiratory,0,0,full,0.01406566,71.0951
ITEM0390,calibration,bowel,1,0,full,0.01406566,71.0951
ITEM0390,calibration,urinary,0,0,full,0.01406566,71.0951
ITEM0390,calibration,sexual_reproductive,0,0,full,0.01406566,71.0951
ITEM0390,calibration,limb_lymphedema,0,0,full,0.01406566,71.0951
ITEM0390,calibration,visual,0,0,full,0.01406566,71.0951
ITEM0391,calibration,cognition,1,0,full,0.06913617,14.4642
ITEM0391,calibration,neuropathy,0,0,full,0.06913617,14.4642
ITEM0391,calibration,fatigue,0,0,full,0.06913617,14.4642
ITEM0391,calibration,pain,0,0,full,0.06913617,14.4642
ITEM0391,calibration,physical_function,0,0,full,0.06913617,14.4642
ITEM0391,calibration,swallowing,0,0,full,0.06913617,14.4642
ITEM0391,calibration,speech_voice,0,0,full,0.06913617,14.4642
ITEM0391,calibration,hearing,0,0,full,0.06913617,14.4642
ITEM0391,calibration,respiratory,0,0,full,0.06913617,14.4642
ITEM0391,calibration,bowel,1,0,full,0.06913617,14.4642
ITEM0391,calibration,urinary,1,1,full,0.06913617,14.4642
ITEM0391,calibration,sexual_reproductive,1,0,full,0.06913617,14.4642
ITEM0391,calibration,limb_lymphedema,0,0,full,0.06913617,14.4642
ITEM0391,calibration,visual,0,0,full,0.06913617,14.4642
ITEM0392,calibration,cognition,1,0,full,0.01552180,64.4255
ITEM0392,calibration,neuropathy,0,0,full,0.01552180,64.4255
ITEM0392,calibration,fatigue,0,0,full,0.01552180,64.4255
ITEM0392,calibration,pain,0,0,full,0.01552180,64.4255
ITEM0392,calibration,physical_function,0,0,full,0.01552180,64.4255
ITEM0392,calibration,swallowing,0,0,full,0.01552180,64.4255
ITEM0392,calibration,speech_voice,0,0,full,0.01552180,64.4255
ITEM0392,calibration,hearing,0,0,full,0.01552180,64.4255
ITEM0392,calibration,respiratory,0,0,full,0.01552180,64.4255
ITEM0392,calibration,bowel,0,0,full,0.01552180,64.4255
ITEM0392,calibration,urinary,0,0,full,0.01552180,64.4255
ITEM0392,calibration,sexual_reproductive,0,0,full,0.01552180,64.4255
ITEM0392,calibration,limb_lymphedema,0,0,full,0.01552180,64.4255
ITEM0392,calibration,visual,0,0,full,0.01552180,64.4255
ITEM0393,calibration,cognition,0,0,full,0.03569572,28.0146
ITEM0393,calibration,neuropathy,0,0,full,0.03569572,28.0146
ITEM0393,calibration,fatigue,0,0,full,0.03569572,28.0146
ITEM0393,calibration,pain,1,0,full,0.03569572,28.0146
ITEM0393,calibration,physical_function,0,0,full,0.03569572,28.0146
ITEM0393,calibration,swallowing,0,0,full,0.03569572,28.0146
ITEM0393,calibration,speech_voice,0,0,full,0.03569572,28.0146
ITEM0393,calibration,hearing,0,0,full,0.03569572,28.0146
ITEM0393,calibration,respiratory,0,0,full,0.03569572,28.0146
ITEM0393,calibration,bowel,1,0,full,0.03569572,28.0146
ITEM0393,calibration,urinary,1,1,full,0.03569572,28.0146
ITEM0393,calibration,sexual_reproductive,0,0,full,0.03569572,28.0146
ITEM0393,calibration,limb_lymphedema,0,0,full,0.03569572,28.0146
ITEM0393,calibration,visual,0,0,full,0.03569572,28.0146
ITEM0394,calibration,cognition,1,1,full,0.05782316,17.2941
ITEM0394,calibration,neuropathy,0,0,full,0.05782316,17.2941
ITEM0394,calibration,fatigue,1,1,full,0.05782316,17.2941
ITEM0394,calibration,pain,1,1,full,0.05782316,17.2941
ITEM0394,calibration,physical_function,0,0,full,0.05782316,17.2941
ITEM0394,calibration,swallowing,0,0,full,0.05782316,17.2941
ITEM0394,calibration,speech_voice,0,0,full,0.05782316,17.2941
ITEM0394,calibration,hearing,0,0,full,0.05782316,17.2941
ITEM0394,calibration,respiratory,0,0,full,0.05782316,17.2941
ITEM0394,calibration,bowel,1,1,full,0.05782316,17.2941
ITEM0394,calibration,urinary,1,1,full,0.05782316,17.2941
ITEM0394,calibration,sexual_reproductive,0,0,full,0.05782316,17.2941
ITEM0394,calibration,limb_lymphedema,0,0,full,0.05782316,17.2941
ITEM0394,calibration,visual,0,0,full,0.05782316,17.2941
ITEM0395,calibration,cognition,0,0,full,0.07024349,14.2362
ITEM0395,calibration,neuropathy,0,0,full,0.07024349,14.2362
ITEM0395,calibration,fatigue,1,0,full,0.07024349,14.2362
ITEM0395,calibration,pain,1,0,full,0.07024349,14.2362
ITEM0395,calibration,physical_function,0,0,full,0.07024349,14.2362
ITEM0395,calibration,swallowing,0,0,full,0.07024349,14.2362
ITEM0395,calibration,speech_voice,0,0,full,0.07024349,14.2362
ITEM0395,calibration,hearing,0,0,full,0.07024349,14.2362
ITEM0395,calibration,respiratory,0,0,full,0.07024349,14.2362
ITEM0395,calibration,bowel,1,0,full,0.07024349,14.2362
ITEM0395,calibration,urinary,1,0,full,0.07024349,14.2362
ITEM0395,calibration,sexual_reproductive,1,0,full,0.07024349,14.2362
ITEM0395,calibration,limb_lymphedema,0,0,full,0.07024349,14.2362
ITEM0395,calibration,visual,0,0,full,0.07024349,14.2362
ITEM0396,calibration,cognition,0,0,truncated,0.12828768,7.7950
ITEM0396,calibration,neuropathy,0,0,truncated,0.12828768,7.7950
ITEM0396,calibration,fatigue,0,0,truncated,0.12828768,7.7950
ITEM0396,calibration,pain,1,1,truncated,0.12828768,7.7950
ITEM0396,calibration,physical_function,0,0,truncated,0.12828768,7.7950
ITEM0396,calibration,swallowing,1,1,truncated,0.12828768,7.7950
ITEM0396,calibration,speech_voice,0,0,truncated,0.12828768,7.7950
ITEM0396,calibration,hearing,0,0,truncated,0.12828768,7.7950
ITEM0396,calibration,respiratory,1,1,truncated,0.12828768,7.7950
ITEM0396,calibration,bowel,0,0,truncated,0.12828768,7.7950
ITEM0396,calibration,urinary,0,0,truncated,0.12828768,7.7950
ITEM0396,calibration,sexual_reproductive,0,0,truncated,0.12828768,7.7950
ITEM0396,calibration,limb_lymphedema,1,1,truncated,0.12828768,7.7950
ITEM0396,calibration,visual,0,0,truncated,0.12828768,7.7950
ITEM0397,calibration,cognition,0,0,truncated,0.04512277,22.1618
ITEM0397,calibration,neuropathy,0,0,truncated,0.04512277,22.1618
ITEM0397,calibration,fatigue,0,0,truncated,0.04512277,22.1618
ITEM0397,calibration,pain,0,0,truncated,0.04512277,22.1618
ITEM0397,calibration,physical_function,0,0,truncated,0.04512277,22.1618
ITEM0397,calibration,swallowing,0,0,truncated,0.04512277,22.1618
ITEM0397,calibration,speech_voice,0,0,truncated,0.04512277,22.1618
ITEM0397,calibration,hearing,0,0,truncated,0.04512277,22.1618
ITEM0397,calibration,respiratory,0,0,truncated,0.04512277,22.1618
ITEM0397,calibration,bowel,0,0,truncated,0.04512277,22.1618
ITEM0397,calibration,urinary,1,1,truncated,0.04512277,22.1618
ITEM0397,calibration,sexual_reproductive,1,1,truncated,0.04512277,22.1618
ITEM0397,calibration,limb_lymphedema,0,0,truncated,0.04512277,22.1618
ITEM0397,calibration,visual,0,0,truncated,0.04512277,22.1618
ITEM0398,calibration,cognition,0,0,full,0.03327180,30.0555
ITEM0398,calibration,neuropathy,0,0,full,0.03327180,30.0555
ITEM0398,calibration,fatigue,0,0,full,0.03327180,30.0555
ITEM0398,calibration,pain,1,1,full,0.03327180,30.0555
ITEM0398,calibration,physical_function,0,0,full,0.03327180,30.0555
ITEM0398,calibration,swallowing,0,0,full,0.03327180,30.0555
ITEM0398,calibration,speech_voice,0,0,full,0.03327180,30.0555
ITEM0398,calibration,hearing,0,0,full,0.03327180,30.0555
ITEM0398,calibration,respiratory,0,0,full,0.03327180,30.0555
ITEM0398,calibration,bowel,0,0,full,0.03327180,30.0555
ITEM0398,calibration,urinary,0,0,full,0.03327180,30.0555
ITEM0398,calibration,sexual_reproductive,1,0,full,0.03327180,30.0555
ITEM0398,calibration,limb_lymphedema,0,0,full,0.03327180,30.0555
ITEM0398,calibration,visual,0,0,full,0.03327180,30.0555
ITEM0399,calibration,cognition,1,1,full,0.03947658,25.3315
ITEM0399,calibration,neuropathy,0,0,full,0.03947658,25.3315
ITEM0399,calibration,fatigue,1,1,full,0.03947658,25.3315
ITEM0399,calibration,pain,1,1,full,0.03947658,25.3315
ITEM0399,calibration,physical_function,1,1,full,0.03947658,25.3315
ITEM0399,calibration,swallowing,0,0,full,0.03947658,25.3315
ITEM0399,calibration,speech_voice,0,0,full,0.03947658,25.3315
ITEM0399,calibration,hearing,0,0,full,0.03947658,25.3315
ITEM0399,calibration,respiratory,0,0,full,0.03947658,25.3315
ITEM0399,calibration,bowel,0,0,full,0.03947658,25.3315
ITEM0399,calibration,urinary,0,0,full,0.03947658,25.3315
ITEM0399,calibration,sexual_reproductive,0,0,full,0.03947658,25.3315
ITEM0399,calibration,limb_lymphedema,0,0,full,0.03947658,25.3315
ITEM0399,calibration,visual,0,0,full,0.03947658,25.3315
ITEM0400,calibration,cognition,0,0,full,0.01091639,91.6054
ITEM0400,calibration,neuropathy,0,0,full,0.01091639,91.6054
ITEM0400,calibration,fatigue,0,0,full,0.01091639,91.6054
ITEM0400,calibration,pain,0,0,full,0.01091639,91.6054
ITEM0400,calibration,physical_function,0,0,full,0.01091639,91.6054
ITEM0400,calibration,swallowing,0,0,full,0.01091639,91.6054
ITEM0400,calibration,speech_voice,0,0,full,0.01091639,91.6054
ITEM0400,calibration,hearing,0,0,full,0.01091639,91.6054
ITEM0400,calibration,respiratory,0,0,full,0.01091639,91.6054
ITEM0400,calibration,bowel,0,0,full,0.01091639,91.6054
ITEM0400,calibration,urinary,0,0,full,0.01091639,91.6054
ITEM0400,calibration,sexual_reproductive,0,0,full,0.01091639,91.6054
ITEM0400,calibration,limb_lymphedema,0,0,full,0.01091639,91.6054
ITEM0400,calibration,visual,0,0,full,0.01091639,91.6054
ITEM0401,calibration,cognition,0,0,full,0.01091639,91.6054
ITEM0401,calibration,neuropathy,0,0,full,0.01091639,91.6054
ITEM0401,calibration,fatigue,0,0,full,0.01091639,91.6054
ITEM0401,calibration,pain,0,0,full,0.01091639,91.6054
ITEM0401,calibration,physical_function,0,0,full,0.01091639,91.6054
ITEM0401,calibration,swallowing,0,0,full,0.01091639,91.6054
ITEM0401,calibration,speech_voice,0,0,full,0.01091639,91.6054
ITEM0401,calibration,hearing,0,0,full,0.01091639,91.6054
ITEM0401,calibration,respiratory,0,0,full,0.01091639,91.6054
ITEM0401,calibration,bowel,0,0,full,0.01091639,91.6054
ITEM0401,calibration,urinary,0,0,full,0.01091639,91.6054
ITEM0401,calibration,sexual_reproductive,0,0,full,0.01091639,91.6054
ITEM0401,calibration,limb_lymphedema,0,0,full,0.01091639,91.6054
ITEM0401,calibration,visual,0,0,full,0.01091639,91.6054
ITEM0402,calibration,cognition,0,0,full,0.01091639,91.6054
ITEM0402,calibration,neuropathy,0,0,full,0.01091639,91.6054
ITEM0402,calibration,fatigue,0,0,full,0.01091639,91.6054
ITEM0402,calibration,pain,0,0,full,0.01091639,91.6054
ITEM0402,calibration,physical_function,0,0,full,0.01091639,91.6054
ITEM0402,calibration,swallowing,0,0,full,0.01091639,91.6054
ITEM0402,calibration,speech_voice,0,0,full,0.01091639,91.6054
ITEM0402,calibration,hearing,0,0,full,0.01091639,91.6054
ITEM0402,calibration,respiratory,0,0,full,0.01091639,91.6054
ITEM0402,calibration,bowel,0,0,full,0.01091639,91.6054
ITEM0402,calibration,urinary,0,0,full,0.01091639,91.6054
ITEM0402,calibration,sexual_reproductive,0,0,full,0.01091639,91.6054
ITEM0402,calibration,limb_lymphedema,0,0,full,0.01091639,91.6054
ITEM0402,calibration,visual,0,0,full,0.01091639,91.6054
ITEM0403,calibration,cognition,1,1,full,0.07274311,13.7470
ITEM0403,calibration,neuropathy,0,0,full,0.07274311,13.7470
ITEM0403,calibration,fatigue,1,1,full,0.07274311,13.7470
ITEM0403,calibration,pain,1,1,full,0.07274311,13.7470
ITEM0403,calibration,physical_function,1,1,full,0.07274311,13.7470
ITEM0403,calibration,swallowing,0,0,full,0.07274311,13.7470
ITEM0403,calibration,speech_voice,0,0,full,0.07274311,13.7470
ITEM0403,calibration,hearing,0,0,full,0.07274311,13.7470
ITEM0403,calibration,respiratory,1,0,full,0.07274311,13.7470
ITEM0403,calibration,bowel,1,0,full,0.07274311,13.7470
ITEM0403,calibration,urinary,0,0,full,0.07274311,13.7470
ITEM0403,calibration,sexual_reproductive,0,0,full,0.07274311,13.7470
ITEM0403,calibration,limb_lymphedema,0,0,full,0.07274311,13.7470
ITEM0403,calibration,visual,0,0,full,0.07274311,13.7470
ITEM0404,calibration,cognition,1,0,full,0.31080628,3.2174
ITEM0404,calibration,neuropathy,0,0,full,0.31080628,3.2174
ITEM0404,calibration,fatigue,0,0,full,0.31080628,3.2174
ITEM0404,calibration,pain,0,0,full,0.31080628,3.2174
ITEM0404,calibration,physical_function,1,1,full,0.31080628,3.2174
ITEM0404,calibration,swallowing,0,0,full,0.31080628,3.2174
ITEM0404,calibration,speech_voice,0,0,full,0.31080628,3.2174
ITEM0404,calibration,hearing,1,0,full,0.31080628,3.2174
ITEM0404,calibration,respiratory,0,0,full,0.31080628,3.2174
ITEM0404,calibration,bowel,0,0,full,0.31080628,3.2174
ITEM0404,calibration,urinary,0,0,full,0.31080628,3.2174
ITEM0404,calibration,sexual_reproductive,0,0,full,0.31080628,3.2174
ITEM0404,calibration,limb_lymphedema,0,0,full,0.31080628,3.2174
ITEM0404,calibration,visual,1,0,full,0.31080628,3.2174
ITEM0405,calibration,cognition,0,0,full,0.01924085,51.9728
ITEM0405,calibration,neuropathy,0,0,full,0.01924085,51.9728
ITEM0405,calibration,fatigue,0,0,full,0.01924085,51.9728
ITEM0405,calibration,pain,0,0,full,0.01924085,51.9728
ITEM0405,calibration,physical_function,0,0,full,0.01924085,51.9728
ITEM0405,calibration,swallowing,0,0,full,0.01924085,51.9728
ITEM0405,calibration,speech_voice,0,0,full,0.01924085,51.9728
ITEM0405,calibration,hearing,0,0,full,0.01924085,51.9728
ITEM0405,calibration,respiratory,0,0,full,0.01924085,51.9728
ITEM0405,calibration,bowel,0,0,full,0.01924085,51.9728
ITEM0405,calibration,urinary,1,1,full,0.01924085,51.9728
ITEM0405,calibration,sexual_reproductive,0,0,full,0.01924085,51.9728
ITEM0405,calibration,limb_lymphedema,0,0,full,0.01924085,51.9728
ITEM0405,calibration,visual,0,0,full,0.01924085,51.9728
ITEM0406,calibration,cognition,0,0,full,0.01091639,91.6054
ITEM0406,calibration,neuropathy,0,0,full,0.01091639,91.6054
ITEM0406,calibration,fatigue,0,0,full,0.01091639,91.6054
ITEM0406,calibration,pain,0,0,full,0.01091639,91.6054
ITEM0406,calibration,physical_function,0,0,full,0.01091639,91.6054
ITEM0406,calibration,swallowing,0,0,full,0.01091639,91.6054
ITEM0406,calibration,speech_voice,0,0,full,0.01091639,91.6054
ITEM0406,calibration,hearing,0,0,full,0.01091639,91.6054
ITEM0406,calibration,respiratory,0,0,full,0.01091639,91.6054
ITEM0406,calibration,bowel,0,0,full,0.01091639,91.6054
ITEM0406,calibration,urinary,0,0,full,0.01091639,91.6054
ITEM0406,calibration,sexual_reproductive,0,0,full,0.01091639,91.6054
ITEM0406,calibration,limb_lymphedema,0,0,full,0.01091639,91.6054
ITEM0406,calibration,visual,0,0,full,0.01091639,91.6054
ITEM0407,calibration,cognition,0,0,full,0.02599935,38.4625
ITEM0407,calibration,neuropathy,1,1,full,0.02599935,38.4625
ITEM0407,calibration,fatigue,0,0,full,0.02599935,38.4625
ITEM0407,calibration,pain,0,0,full,0.02599935,38.4625
ITEM0407,calibration,physical_function,0,0,full,0.02599935,38.4625
ITEM0407,calibration,swallowing,0,0,full,0.02599935,38.4625
ITEM0407,calibration,speech_voice,0,0,full,0.02599935,38.4625
ITEM0407,calibration,hearing,0,0,full,0.02599935,38.4625
ITEM0407,calibration,respiratory,0,0,full,0.02599935,38.4625
ITEM0407,calibration,bowel,0,0,full,0.02599935,38.4625
ITEM0407,calibration,urinary,0,0,full,0.02599935,38.4625
ITEM0407,calibration,sexual_reproductive,0,0,full,0.02599935,38.4625
ITEM0407,calibration,limb_lymphedema,0,0,full,0.02599935,38.4625
ITEM0407,calibration,visual,0,0,full,0.02599935,38.4625
ITEM0408,calibration,cognition,1,0,full,0.04142126,24.1422
ITEM0408,calibration,neuropathy,0,0,full,0.04142126,24.1422
ITEM0408,calibration,fatigue,1,0,full,0.04142126,24.1422
ITEM0408,calibration,pain,1,0,full,0.04142126,24.1422
ITEM0408,calibration,physical_function,0,0,full,0.04142126,24.1422
ITEM0408,calibration,swallowing,0,0,full,0.04142126,24.1422
ITEM0408,calibration,speech_voice,0,0,full,0.04142126,24.1422
ITEM0408,calibration,hearing,0,0,full,0.04142126,24.1422
ITEM0408,calibration,respiratory,0,0,full,0.04142126,24.1422
ITEM0408,calibration,bowel,1,0,full,0.04142126,24.1422
ITEM0408,calibration,urinary,0,0,full,0.04142126,24.1422
ITEM0408,calibration,sexual_reproductive,0,0,full,0.04142126,24.1422
ITEM0408,calibration,limb_lymphedema,0,0,full,0.04142126,24.1422
ITEM0408,calibration,visual,0,0,full,0.04142126,24.1422
ITEM0409,calibration,cognition,0,0,truncated,0.01091639,91.6054
ITEM0409,calibration,neuropathy,0,0,truncated,0.01091639,91.6054
ITEM0409,calibration,fatigue,0,0,truncated,0.01091639,91.6054
ITEM0409,calibration,pain,0,0,truncated,0.01091639,91.6054
ITEM0409,calibration,physical_function,0,0,truncated,0.01091639,91.6054
ITEM0409,calibration,swallowing,0,0,truncated,0.01091639,91.6054
ITEM0409,calibration,speech_voice,0,0,truncated,0.01091639,91.6054
ITEM0409,calibration,hearing,0,0,truncated,0.01091639,91.6054
ITEM0409,calibration,respiratory,0,0,truncated,0.01091639,91.6054
ITEM0409,calibration,bowel,0,0,truncated,0.01091639,91.6054
ITEM0409,calibration,urinary,0,0,truncated,0.01091639,91.6054
ITEM0409,calibration,sexual_reproductive,0,0,truncated,0.01091639,91.6054
ITEM0409,calibration,limb_lymphedema,0,0,truncated,0.01091639,91.6054
ITEM0409,calibration,visual,0,0,truncated,0.01091639,91.6054
ITEM0410,calibration,cognition,0,0,full,0.01890860,52.8860
ITEM0410,calibration,neuropathy,0,0,full,0.01890860,52.8860
ITEM0410,calibration,fatigue,0,0,full,0.01890860,52.8860
ITEM0410,calibration,pain,1,0,full,0.01890860,52.8860
ITEM0410,calibration,physical_function,0,0,full,0.01890860,52.8860
ITEM0410,calibration,swallowing,0,0,full,0.01890860,52.8860
ITEM0410,calibration,speech_voice,0,0,full,0.01890860,52.8860
ITEM0410,calibration,hearing,0,0,full,0.01890860,52.8860
ITEM0410,calibration,respiratory,0,0,full,0.01890860,52.8860
ITEM0410,calibration,bowel,1,0,full,0.01890860,52.8860
ITEM0410,calibration,urinary,0,0,full,0.01890860,52.8860
ITEM0410,calibration,sexual_reproductive,0,0,full,0.01890860,52.8860
ITEM0410,calibration,limb_lymphedema,0,0,full,0.01890860,52.8860
ITEM0410,calibration,visual,0,0,full,0.01890860,52.8860
ITEM0411,calibration,cognition,0,0,full,0.06977172,14.3325
ITEM0411,calibration,neuropathy,0,0,full,0.06977172,14.3325
ITEM0411,calibration,fatigue,0,0,full,0.06977172,14.3325
ITEM0411,calibration,pain,0,0,full,0.06977172,14.3325
ITEM0411,calibration,physical_function,0,0,full,0.06977172,14.3325
ITEM0411,calibration,swallowing,0,0,full,0.06977172,14.3325
ITEM0411,calibration,speech_voice,0,0,full,0.06977172,14.3325
ITEM0411,calibration,hearing,0,0,full,0.06977172,14.3325
ITEM0411,calibration,respiratory,0,0,full,0.06977172,14.3325
ITEM0411,calibration,bowel,0,0,full,0.06977172,14.3325
ITEM0411,calibration,urinary,0,0,full,0.06977172,14.3325
ITEM0411,calibration,sexual_reproductive,0,0,full,0.06977172,14.3325
ITEM0411,calibration,limb_lymphedema,1,0,full,0.06977172,14.3325
ITEM0411,calibration,visual,0,0,full,0.06977172,14.3325
ITEM0412,calibration,cognition,0,0,full,0.02849976,35.0880
ITEM0412,calibration,neuropathy,0,0,full,0.02849976,35.0880
ITEM0412,calibration,fatigue,0,0,full,0.02849976,35.0880
ITEM0412,calibration,pain,0,0,full,0.02849976,35.0880
ITEM0412,calibration,physical_function,0,0,full,0.02849976,35.0880
ITEM0412,calibration,swallowing,0,0,full,0.02849976,35.0880
ITEM0412,calibration,speech_voice,0,0,full,0.02849976,35.0880
ITEM0412,calibration,hearing,0,0,full,0.02849976,35.0880
ITEM0412,calibration,respiratory,0,0,full,0.02849976,35.0880
ITEM0412,calibration,bowel,0,0,full,0.02849976,35.0880
ITEM0412,calibration,urinary,0,0,full,0.02849976,35.0880
ITEM0412,calibration,sexual_reproductive,1,1,full,0.02849976,35.0880
ITEM0412,calibration,limb_lymphedema,0,0,full,0.02849976,35.0880
ITEM0412,calibration,visual,0,0,full,0.02849976,35.0880
ITEM0413,calibration,cognition,1,1,full,0.01552180,64.4255
ITEM0413,calibration,neuropathy,0,0,full,0.01552180,64.4255
ITEM0413,calibration,fatigue,0,0,full,0.01552180,64.4255
ITEM0413,calibration,pain,0,0,full,0.01552180,64.4255
ITEM0413,calibration,physical_function,0,0,full,0.01552180,64.4255
ITEM0413,calibration,swallowing,0,0,full,0.01552180,64.4255
ITEM0413,calibration,speech_voice,0,0,full,0.01552180,64.4255
ITEM0413,calibration,hearing,0,0,full,0.01552180,64.4255
ITEM0413,calibration,respiratory,0,0,full,0.01552180,64.4255
ITEM0413,calibration,bowel,0,0,full,0.01552180,64.4255
ITEM0413,calibration,urinary,0,0,full,0.01552180,64.4255
ITEM0413,calibration,sexual_reproductive,0,0,full,0.01552180,64.4255
ITEM0413,calibration,limb_lymphedema,0,0,full,0.01552180,64.4255
ITEM0413,calibration,visual,0,0,full,0.01552180,64.4255
ITEM0414,calibration,cognition,0,0,full,0.11560524,8.6501
ITEM0414,calibration,neuropathy,0,0,full,0.11560524,8.6501
ITEM0414,calibration,fatigue,0,0,full,0.11560524,8.6501
ITEM0414,calibration,pain,0,0,full,0.11560524,8.6501
ITEM0414,calibration,physical_function,0,0,full,0.11560524,8.6501
ITEM0414,calibration,swallowing,0,0,full,0.11560524,8.6501
ITEM0414,calibration,speech_voice,0,0,full,0.11560524,8.6501
ITEM0414,calibration,hearing,0,0,full,0.11560524,8.6501
ITEM0414,calibration,respiratory,0,0,full,0.11560524,8.6501
ITEM0414,calibration,bowel,0,0,full,0.11560524,8.6501
ITEM0414,calibration,urinary,0,0,full,0.11560524,8.6501
ITEM0414,calibration,sexual_reproductive,0,0,full,0.11560524,8.6501
ITEM0414,calibration,limb_lymphedema,0,0,full,0.11560524,8.6501
ITEM0414,calibration,visual,1,1,full,0.11560524,8.6501
ITEM0415,calibration,cognition,0,0,full,0.04512277,22.1618
ITEM0415,calibration,neuropathy,0,0,full,0.04512277,22.1618
ITEM0415,calibration,fatigue,0,0,full,0.04512277,22.1618
ITEM0415,calibration,pain,0,0,full,0.04512277,22.1618
ITEM0415,calibration,physical_function,0,0,full,0.04512277,22.1618
ITEM0415,calibration,swallowing,0,0,full,0.04512277,22.1618
ITEM0415,calibration,speech_voice,0,0,full,0.04512277,22.1618
ITEM0415,calibration,hearing,0,0,full,0.04512277,22.1618
ITEM0415,calibration,respiratory,0,0,full,0.04512277,22.1618
ITEM0415,calibration,bowel,0,0,full,0.04512277,22.1618
ITEM0415,calibration,urinary,1,0,full,0.04512277,22.1618
ITEM0415,calibration,sexual_reproductive,1,0,full,0.04512277,22.1618
ITEM0415,calibration,limb_lymphedema,0,0,full,0.04512277,22.1618
ITEM0415,calibration,visual,0,0,full,0.04512277,22.1618
ITEM0416,calibration,cognition,0,0,full,0.04512277,22.1618
ITEM0416,calibration,neuropathy,0,0,full,0.04512277,22.1618
ITEM0416,calibration,fatigue,0,0,full,0.04512277,22.1618
ITEM0416,calibration,pain,0,0,full,0.04512277,22.1618
ITEM0416,calibration,physical_function,0,0,full,0.04512277,22.1618
ITEM0416,calibration,swallowing,0,0,full,0.04512277,22.1618
ITEM0416,calibration,speech_voice,0,0,full,0.04512277,22.1618
ITEM0416,calibration,hearing,0,0,full,0.04512277,22.1618
ITEM0416,calibration,respiratory,0,0,full,0.04512277,22.1618
ITEM0416,calibration,bowel,0,0,full,0.04512277,22.1618
ITEM0416,calibration,urinary,1,0,full,0.04512277,22.1618
ITEM0416,calibration,sexual_reproductive,1,0,full,0.04512277,22.1618
ITEM0416,calibration,limb_lymphedema,0,0,full,0.04512277,22.1618
ITEM0416,calibration,visual,0,0,full,0.04512277,22.1618
ITEM0417,calibration,cognition,0,0,full,0.06785051,14.7383
ITEM0417,calibration,neuropathy,1,0,full,0.06785051,14.7383
ITEM0417,calibration,fatigue,1,0,full,0.06785051,14.7383
ITEM0417,calibration,pain,1,1,full,0.06785051,14.7383
ITEM0417,calibration,physical_function,0,0,full,0.06785051,14.7383
ITEM0417,calibration,swallowing,0,0,full,0.06785051,14.7383
ITEM0417,calibration,speech_voice,0,0,full,0.06785051,14.7383
ITEM0417,calibration,hearing,0,0,full,0.06785051,14.7383
ITEM0417,calibration,respiratory,0,0,full,0.06785051,14.7383
ITEM0417,calibration,bowel,1,0,full,0.06785051,14.7383
ITEM0417,calibration,urinary,1,0,full,0.06785051,14.7383
ITEM0417,calibration,sexual_reproductive,0,0,full,0.06785051,14.7383
ITEM0417,calibration,limb_lymphedema,0,0,full,0.06785051,14.7383
ITEM0417,calibration,visual,0,0,full,0.06785051,14.7383
ITEM0418,calibration,cognition,0,0,truncated,0.13969735,7.1583
ITEM0418,calibration,neuropathy,1,1,truncated,0.13969735,7.1583
ITEM0418,calibration,fatigue,0,0,truncated,0.13969735,7.1583
ITEM0418,calibration,pain,0,0,truncated,0.13969735,7.1583
ITEM0418,calibration,physical_function,1,1,truncated,0.13969735,7.1583
ITEM0418,calibration,swallowing,0,0,truncated,0.13969735,7.1583
ITEM0418,calibration,speech_voice,0,0,truncated,0.13969735,7.1583
ITEM0418,calibration,hearing,0,0,truncated,0.13969735,7.1583
ITEM0418,calibration,respiratory,0,0,truncated,0.13969735,7.1583
ITEM0418,calibration,bowel,0,0,truncated,0.13969735,7.1583
ITEM0418,calibration,urinary,1,1,truncated,0.13969735,7.1583
ITEM0418,calibration,sexual_reproductive,1,1,truncated,0.13969735,7.1583
ITEM0418,calibration,limb_lymphedema,1,1,truncated,0.13969735,7.1583
ITEM0418,calibration,visual,0,0,truncated,0.13969735,7.1583
ITEM0419,calibration,cognition,0,0,full,0.02849976,35.0880
ITEM0419,calibration,neuropathy,0,0,full,0.02849976,35.0880
ITEM0419,calibration,fatigue,0,0,full,0.02849976,35.0880
ITEM0419,calibration,pain,0,0,full,0.02849976,35.0880
ITEM0419,calibration,physical_function,0,0,full,0.02849976,35.0880
ITEM0419,calibration,swallowing,0,0,full,0.02849976,35.0880
ITEM0419,calibration,speech_voice,0,0,full,0.02849976,35.0880
ITEM0419,calibration,hearing,0,0,full,0.02849976,35.0880
ITEM0419,calibration,respiratory,0,0,full,0.02849976,35.0880
ITEM0419,calibration,bowel,0,0,full,0.02849976,35.0880
ITEM0419,calibration,urinary,0,0,full,0.02849976,35.0880
ITEM0419,calibration,sexual_reproductive,1,1,full,0.02849976,35.0880
ITEM0419,calibration,limb_lymphedema,0,0,full,0.02849976,35.0880
ITEM0419,calibration,visual,0,0,full,0.02849976,35.0880
ITEM0420,calibration,cognition,0,0,full,0.29445855,3.3961
ITEM0420,calibration,neuropathy,0,0,full,0.29445855,3.3961
ITEM0420,calibration,fatigue,0,0,full,0.29445855,3.3961
ITEM0420,calibration,pain,0,0,full,0.29445855,3.3961
ITEM0420,calibration,physical_function,0,0,full,0.29445855,3.3961
ITEM0420,calibration,swallowing,0,0,full,0.29445855,3.3961
ITEM0420,calibration,speech_voice,0,0,full,0.29445855,3.3961
ITEM0420,calibration,hearing,1,1,full,0.29445855,3.3961
ITEM0420,calibration,respiratory,0,0,full,0.29445855,3.3961
ITEM0420,calibration,bowel,0,0,full,0.29445855,3.3961
ITEM0420,calibration,urinary,0,0,full,0.29445855,3.3961
ITEM0420,calibration,sexual_reproductive,0,0,full,0.29445855,3.3961
ITEM0420,calibration,limb_lymphedema,0,0,full,0.29445855,3.3961
ITEM0420,calibration,visual,1,1,full,0.29445855,3.3961
ITEM0421,calibration,cognition,0,0,full,0.02599935,38.4625
ITEM0421,calibration,neuropathy,1,0,full,0.02599935,38.4625
ITEM0421,calibration,fatigue,0,0,full,0.02599935,38.4625
ITEM0421,calibration,pain,0,0,full,0.02599935,38.4625
ITEM0421,calibration,physical_function,0,0,full,0.02599935,38.4625
ITEM0421,calibration,swallowing,0,0,full,0.02599935,38.4625
ITEM0421,calibration,speech_voice,0,0,full,0.02599935,38.4625
ITEM0421,calibration,hearing,0,0,full,0.02599935,38.4625
ITEM0421,calibration,respiratory,0,0,full,0.02599935,38.4625
ITEM0421,calibration,bowel,0,0,full,0.02599935,38.4625
ITEM0421,calibration,urinary,0,0,full,0.02599935,38.4625
ITEM0421,calibration,sexual_reproductive,0,0,full,0.02599935,38.4625
ITEM0421,calibration,limb_lymphedema,0,0,full,0.02599935,38.4625
ITEM0421,calibration,visual,0,0,full,0.02599935,38.4625
ITEM0422,calibration,cognition,0,0,full,0.12915180,7.7428
ITEM0422,calibration,neuropathy,1,0,full,0.12915180,7.7428
ITEM0422,calibration,fatigue,0,0,full,0.12915180,7.7428
ITEM0422,calibration,pain,0,0,full,0.12915180,7.7428
ITEM0422,calibration,physical_function,0,0,full,0.12915180,7.7428
ITEM0422,calibration,swallowing,0,0,full,0.12915180,7.7428
ITEM0422,calibration,speech_voice,1,0,full,0.12915180,7.7428
ITEM0422,calibration,hearing,0,0,full,0.12915180,7.7428
ITEM0422,calibration,respiratory,0,0,full,0.12915180,7.7428
ITEM0422,calibration,bowel,0,0,full,0.12915180,7.7428
ITEM0422,calibration,urinary,0,0,full,0.12915180,7.7428
ITEM0422,calibration,sexual_reproductive,0,0,full,0.12915180,7.7428
ITEM0422,calibration,limb_lymphedema,0,0,full,0.12915180,7.7428
ITEM0422,calibration,visual,0,0,full,0.12915180,7.7428
ITEM0423,calibration,cognition,0,0,full,0.10784369,9.2727
ITEM0423,calibration,neuropathy,0,0,full,0.10784369,9.2727
ITEM0423,calibration,fatigue,0,0,full,0.10784369,9.2727
ITEM0423,calibration,pain,0,0,full,0.10784369,9.2727
ITEM0423,calibration,physical_function,0,0,full,0.10784369,9.2727
ITEM0423,calibration,swallowing,0,0,full,0.10784369,9.2727
ITEM0423,calibration,speech_voice,1,1,full,0.10784369,9.2727
ITEM0423,calibration,hearing,0,0,full,0.10784369,9.2727
ITEM0423,calibration,respiratory,0,0,full,0.10784369,9.2727
ITEM0423,calibration,bowel,0,0,full,0.10784369,9.2727
ITEM0423,calibration,urinary,0,0,full,0.10784369,9.2727
ITEM0423,calibration,sexual_reproductive,0,0,full,0.10784369,9.2727
ITEM0423,calibration,limb_lymphedema,0,0,full,0.10784369,9.2727
ITEM0423,calibration,visual,0,0,full,0.10784369,9.2727
ITEM0424,calibration,cognition,1,0,full,0.06345283,15.7597
ITEM0424,calibration,neuropathy,0,0,full,0.06345283,15.7597
ITEM0424,calibration,fatigue,1,0,full,0.06345283,15.7597
ITEM0424,calibration,pain,1,0,full,0.06345283,15.7597
ITEM0424,calibration,physical_function,0,0,full,0.06345283,15.7597
ITEM0424,calibration,swallowing,0,0,full,0.06345283,15.7597
ITEM0424,calibration,speech_voice,0,0,full,0.06345283,15.7597
ITEM0424,calibration,hearing,0,0,full,0.06345283,15.7597
ITEM0424,calibration,respiratory,1,0,full,0.06345283,15.7597
ITEM0424,calibration,bowel,1,0,full,0.06345283,15.7597
ITEM0424,calibration,urinary,0,0,full,0.06345283,15.7597
ITEM0424,calibration,sexual_reproductive,0,0,full,0.06345283,15.7597
ITEM0424,calibration,limb_lymphedema,0,0,full,0.06345283,15.7597
ITEM0424,calibration,visual,0,0,full,0.06345283,15.7597
ITEM0425,calibration,cognition,0,0,full,0.01206549,82.8810
ITEM0425,calibration,neuropathy,0,0,full,0.01206549,82.8810
ITEM0425,calibration,fatigue,0,0,full,0.01206549,82.8810
ITEM0425,calibration,pain,0,0,full,0.01206549,82.8810
ITEM0425,calibration,physical_function,1,0,full,0.01206549,82.8810
ITEM0425,calibration,swallowing,0,0,full,0.01206549,82.8810
ITEM0425,calibration,speech_voice,0,0,full,0.01206549,82.8810
ITEM0425,calibration,hearing,0,0,full,0.01206549,82.8810
ITEM0425,calibration,respiratory,0,0,full,0.01206549,82.8810
ITEM0425,calibration,bowel,0,0,full,0.01206549,82.8810
ITEM0425,calibration,urinary,0,0,full,0.01206549,82.8810
ITEM0425,calibration,sexual_reproductive,0,0,full,0.01206549,82.8810
ITEM0425,calibration,limb_lymphedema,0,0,full,0.01206549,82.8810
ITEM0425,calibration,visual,0,0,full,0.01206549,82.8810
ITEM0426,calibration,cognition,0,0,full,0.01406566,71.0951
ITEM0426,calibration,neuropathy,0,0,full,0.01406566,71.0951
ITEM0426,calibration,fatigue,0,0,full,0.01406566,71.0951
ITEM0426,calibration,pain,0,0,full,0.01406566,71.0951
ITEM0426,calibration,physical_function,0,0,full,0.01406566,71.0951
ITEM0426,calibration,swallowing,0,0,full,0.01406566,71.0951
ITEM0426,calibration,speech_voice,0,0,full,0.01406566,71.0951
ITEM0426,calibration,hearing,0,0,full,0.01406566,71.0951
ITEM0426,calibration,respiratory,0,0,full,0.01406566,71.0951
ITEM0426,calibration,bowel,1,0,full,0.01406566,71.0951
ITEM0426,calibration,urinary,0,0,full,0.01406566,71.0951
ITEM0426,calibration,sexual_reproductive,0,0,full,0.01406566,71.0951
ITEM0426,calibration,limb_lymphedema,0,0,full,0.01406566,71.0951
ITEM0426,calibration,visual,0,0,full,0.01406566,71.0951
ITEM0427,calibration,cognition,0,0,full,0.03477177,28.7590
ITEM0427,calibration,neuropathy,0,0,full,0.03477177,28.7590
ITEM0427,calibration,fatigue,0,0,full,0.03477177,28.7590
ITEM0427,calibration,pain,0,0,full,0.03477177,28.7590
ITEM0427,calibration,physical_function,1,1,full,0.03477177,28.7590
ITEM0427,calibration,swallowing,0,0,full,0.03477177,28.7590
ITEM0427,calibration,speech_voice,0,0,full,0.03477177,28.7590
ITEM0427,calibration,hearing,0,0,full,0.03477177,28.7590
ITEM0427,calibration,respiratory,1,1,full,0.03477177,28.7590
ITEM0427,calibration,bowel,0,0,full,0.03477177,28.7590
ITEM0427,calibration,urinary,0,0,full,0.03477177,28.7590
ITEM0427,calibration,sexual_reproductive,0,0,full,0.03477177,28.7590
ITEM0427,calibration,limb_lymphedema,0,0,full,0.03477177,28.7590
ITEM0427,calibration,visual,0,0,full,0.03477177,28.7590
ITEM0428,calibration,cognition,0,0,full,0.04286146,23.3310
ITEM0428,calibration,neuropathy,0,0,full,0.04286146,23.3310
ITEM0428,calibration,fatigue,0,0,full,0.04286146,23.3310
ITEM0428,calibration,pain,1,0,full,0.04286146,23.3310
ITEM0428,calibration,physical_function,1,1,full,0.04286146,23.3310
ITEM0428,calibration,swallowing,0,0,full,0.04286146,23.3310
ITEM0428,calibration,speech_voice,0,0,full,0.04286146,23.3310
ITEM0428,calibration,hearing,0,0,full,0.04286146,23.3310
ITEM0428,calibration,respiratory,0,0,full,0.04286146,23.3310
ITEM0428,calibration,bowel,0,0,full,0.04286146,23.3310
ITEM0428,calibration,urinary,0,0,full,0.04286146,23.3310
ITEM0428,calibration,sexual_reproductive,1,0,full,0.04286146,23.3310
ITEM0428,calibration,limb_lymphedema,0,0,full,0.04286146,23.3310
ITEM0428,calibration,visual,0,0,full,0.04286146,23.3310
ITEM0429,calibration,cognition,0,0,full,0.06977172,14.3325
ITEM0429,calibration,neuropathy,0,0,full,0.06977172,14.3325
ITEM0429,calibration,fatigue,0,0,full,0.06977172,14.3325
ITEM0429,calibration,pain,0,0,full,0.06977172,14.3325
ITEM0429,calibration,physical_function,0,0,full,0.06977172,14.3325
ITEM0429,calibration,swallowing,0,0,full,0.06977172,14.3325
ITEM0429,calibration,speech_voice,0,0,full,0.06977172,14.3325
ITEM0429,calibration,hearing,0,0,full,0.06977172,14.3325
ITEM0429,calibration,respiratory,0,0,full,0.06977172,14.3325
ITEM0429,calibration,bowel,0,0,full,0.06977172,14.3325
ITEM0429,calibration,urinary,0,0,full,0.06977172,14.3325
ITEM0429,calibration,sexual_reproductive,0,0,full,0.06977172,14.3325
ITEM0429,calibration,limb_lymphedema,1,0,full,0.06977172,14.3325
ITEM0429,calibration,visual,0,0,full,0.06977172,14.3325
ITEM0430,calibration,cognition,0,0,full,0.01091639,91.6054
ITEM0430,calibration,neuropathy,0,0,full,0.01091639,91.6054
ITEM0430,calibration,fatigue,0,0,full,0.01091639,91.6054
ITEM0430,calibration,pain,0,0,full,0.01091639,91.6054
ITEM0430,calibration,physical_function,0,0,full,0.01091639,91.6054
ITEM0430,calibration,swallowing,0,0,full,0.01091639,91.6054
ITEM0430,calibration,speech_voice,0,0,full,0.01091639,91.6054
ITEM0430,calibration,hearing,0,0,full,0.01091639,91.6054
ITEM0430,calibration,respiratory,0,0,full,0.01091639,91.6054
ITEM0430,calibration,bowel,0,0,full,0.01091639,91.6054
ITEM0430,calibration,urinary,0,0,full,0.01091639,91.6054
ITEM0430,calibration,sexual_reproductive,0,0,full,0.01091639,91.6054
ITEM0430,calibration,limb_lymphedema,0,0,full,0.01091639,91.6054
ITEM0430,calibration,visual,0,0,full,0.01091639,91.6054
ITEM0431,calibration,cognition,0,0,full,0.02849976,35.0880
ITEM0431,calibration,neuropathy,0,0,full,0.02849976,35.0880
ITEM0431,calibration,fatigue,0,0,full,0.02849976,35.0880
ITEM0431,calibration,pain,0,0,full,0.02849976,35.0880
ITEM0431,calibration,physical_function,0,0,full,0.02849976,35.0880
ITEM0431,calibration,swallowing,0,0,full,0.02849976,35.0880
ITEM0431,calibration,speech_voice,0,0,full,0.02849976,35.0880
ITEM0431,calibration,hearing,0,0,full,0.02849976,35.0880
ITEM0431,calibration,respiratory,0,0,full,0.02849976,35.0880
ITEM0431,calibration,bowel,0,0,full,0.02849976,35.0880
ITEM0431,calibration,urinary,0,0,full,0.02849976,35.0880
ITEM0431,calibration,sexual_reproductive,1,1,full,0.02849976,35.0880
ITEM0431,calibration,limb_lymphedema,0,0,full,0.02849976,35.0880
ITEM0431,calibration,visual,0,0,full,0.02849976,35.0880
ITEM0432,calibration,cognition,0,0,full,0.03821489,26.1678
ITEM0432,calibration,neuropathy,0,0,full,0.03821489,26.1678
ITEM0432,calibration,fatigue,0,0,full,0.03821489,26.1678
ITEM0432,calibration,pain,0,0,full,0.03821489,26.1678
ITEM0432,calibration,physical_function,0,0,full,0.03821489,26.1678
ITEM0432,calibration,swallowing,1,0,full,0.03821489,26.1678
ITEM0432,calibration,speech_voice,0,0,full,0.03821489,26.1678
ITEM0432,calibration,hearing,0,0,full,0.03821489,26.1678
ITEM0432,calibration,respiratory,0,0,full,0.03821489,26.1678
ITEM0432,calibration,bowel,0,0,full,0.03821489,26.1678
ITEM0432,calibration,urinary,0,0,full,0.03821489,26.1678
ITEM0432,calibration,sexual_reproductive,0,0,full,0.03821489,26.1678
ITEM0432,calibration,limb_lymphedema,0,0,full,0.03821489,26.1678
ITEM0432,calibration,visual,0,0,full,0.03821489,26.1678
ITEM0433,calibration,cognition,0,0,full,0.06594397,15.1644
ITEM0433,calibration,neuropathy,0,0,full,0.06594397,15.1644
ITEM0433,calibration,fatigue,0,0,full,0.06594397,15.1644
ITEM0433,calibration,pain,0,0,full,0.06594397,15.1644
ITEM0433,calibration,physical_function,0,0,full,0.06594397,15.1644
ITEM0433,calibration,swallowing,1,0,full,0.06594397,15.1644
ITEM0433,calibration,speech_voice,0,0,full,0.06594397,15.1644
ITEM0433,calibration,hearing,0,0,full,0.06594397,15.1644
ITEM0433,calibration,respiratory,0,0,full,0.06594397,15.1644
ITEM0433,calibration,bowel,1,1,full,0.06594397,15.1644
ITEM0433,calibration,urinary,1,0,full,0.06594397,15.1644
ITEM0433,calibration,sexual_reproductive,0,0,full,0.06594397,15.1644
ITEM0433,calibration,limb_lymphedema,0,0,full,0.06594397,15.1644
ITEM0433,calibration,visual,0,0,full,0.06594397,15.1644
ITEM0434,calibration,cognition,0,0,full,0.01091639,91.6054
ITEM0434,calibration,neuropathy,0,0,full,0.01091639,91.6054
ITEM0434,calibration,fatigue,0,0,full,0.01091639,91.6054
ITEM0434,calibration,pain,0,0,full,0.01091639,91.6054
ITEM0434,calibration,physical_function,0,0,full,0.01091639,91.6054
ITEM0434,calibration,swallowing,0,0,full,0.01091639,91.6054
ITEM0434,calibration,speech_voice,0,0,full,0.01091639,91.6054
ITEM0434,calibration,hearing,0,0,full,0.01091639,91.6054
ITEM0434,calibration,respiratory,0,0,full,0.01091639,91.6054
ITEM0434,calibration,bowel,0,0,full,0.01091639,91.6054
ITEM0434,calibration,urinary,0,0,full,0.01091639,91.6054
ITEM0434,calibration,sexual_reproductive,0,0,full,0.01091639,91.6054
ITEM0434,calibration,limb_lymphedema,0,0,full,0.01091639,91.6054
ITEM0434,calibration,visual,0,0,full,0.01091639,91.6054
ITEM0435,calibration,cognition,1,0,full,0.23454452,4.2636
ITEM0435,calibration,neuropathy,1,0,full,0.23454452,4.2636
ITEM0435,calibration,fatigue,1,0,full,0.23454452,4.2636
ITEM0435,calibration,pain,1,0,full,0.23454452,4.2636
ITEM0435,calibration,physical_function,1,0,full,0.23454452,4.2636
ITEM0435,calibration,swallowing,0,0,full,0.23454452,4.2636
ITEM0435,calibration,speech_voice,0,0,full,0.23454452,4.2636
ITEM0435,calibration,hearing,0,0,full,0.23454452,4.2636
ITEM0435,calibration,respiratory,0,0,full,0.23454452,4.2636
ITEM0435,calibration,bowel,1,0,full,0.23454452,4.2636
ITEM0435,calibration,urinary,0,0,full,0.23454452,4.2636
ITEM0435,calibration,sexual_reproductive,0,0,full,0.23454452,4.2636
ITEM0435,calibration,limb_lymphedema,1,0,full,0.23454452,4.2636
ITEM0435,calibration,visual,1,0,full,0.23454452,4.2636
ITEM0436,calibration,cognition,0,0,full,0.01091639,91.6054
ITEM0436,calibration,neuropathy,0,0,full,0.01091639,91.6054
ITEM0436,calibration,fatigue,0,0,full,0.01091639,91.6054
ITEM0436,calibration,pain,0,0,full,0.01091639,91.6054
ITEM0436,calibration,physical_function,0,0,full,0.01091639,91.6054
ITEM0436,calibration,swallowing,0,0,full,0.01091639,91.6054
ITEM0436,calibration,speech_voice,0,0,full,0.01091639,91.6054
ITEM0436,calibration,hearing,0,0,full,0.01091639,91.6054
ITEM0436,calibration,respiratory,0,0,full,0.01091639,91.6054
ITEM0436,calibration,bowel,0,0,full,0.01091639,91.6054
ITEM0436,calibration,urinary,0,0,full,0.01091639,91.6054
ITEM0436,calibration,sexual_reproductive,0,0,full,0.01091639,91.6054
ITEM0436,calibration,limb_lymphedema,0,0,full,0.01091639,91.6054
ITEM0436,calibration,visual,0,0,full,0.01091639,91.6054
ITEM0437,calibration,cognition,0,0,full,0.01091639,91.6054
ITEM0437,calibration,neuropathy,0,0,full,0.01091639,91.6054
ITEM0437,calibration,fatigue,0,0,full,0.01091639,91.6054
ITEM0437,calibration,pain,0,0,full,0.01091639,91.6054
ITEM0437,calibration,physical_function,0,0,full,0.01091639,91.6054
ITEM0437,calibration,swallowing,0,0,full,0.01091639,91.6054
ITEM0437,calibration,speech_voice,0,0,full,0.01091639,91.6054
ITEM0437,calibration,hearing,0,0,full,0.01091639,91.6054
ITEM0437,calibration,respiratory,0,0,full,0.01091639,91.6054
ITEM0437,calibration,bowel,0,0,full,0.01091639,91.6054
ITEM0437,calibration,urinary,0,0,full,0.01091639,91.6054
ITEM0437,calibration,sexual_reproductive,0,0,full,0.01091639,91.6054
ITEM0437,calibration,limb_lymphedema,0,0,full,0.01091639,91.6054
ITEM0437,calibration,visual,0,0,full,0.01091639,91.6054
ITEM0438,calibration,cognition,0,0,full,0.05636098,17.7428
ITEM0438,calibration,neuropathy,1,0,full,0.05636098,17.7428
ITEM0438,calibration,fatigue,0,0,full,0.05636098,17.7428
ITEM0438,calibration,pain,1,0,full,0.05636098,17.7428
ITEM0438,calibration,physical_function,0,0,full,0.05636098,17.7428
ITEM0438,calibration,swallowing,0,0,full,0.05636098,17.7428
ITEM0438,calibration,speech_voice,0,0,full,0.05636098,17.7428
ITEM0438,calibration,hearing,0,0,full,0.05636098,17.7428
ITEM0438,calibration,respiratory,0,0,full,0.05636098,17.7428
ITEM0438,calibration,bowel,0,0,full,0.05636098,17.7428
ITEM0438,calibration,urinary,0,0,full,0.05636098,17.7428
ITEM0438,calibration,sexual_reproductive,1,0,full,0.05636098,17.7428
ITEM0438,calibration,limb_lymphedema,0,0,full,0.05636098,17.7428
ITEM0438,calibration,visual,0,0,full,0.05636098,17.7428
ITEM0439,calibration,cognition,0,0,truncated,0.01091639,91.6054
ITEM0439,calibration,neuropathy,0,0,truncated,0.01091639,91.6054
ITEM0439,calibration,fatigue,0,0,truncated,0.01091639,91.6054
ITEM0439,calibration,pain,0,0,truncated,0.01091639,91.6054
ITEM0439,calibration,physical_function,0,0,truncated,0.01091639,91.6054
ITEM0439,calibration,swallowing,0,0,truncated,0.01091639,91.6054
ITEM0439,calibration,speech_voice,0,0,truncated,0.01091639,91.6054
ITEM0439,calibration,hearing,0,0,truncated,0.01091639,91.6054
ITEM0439,calibration,respiratory,0,0,truncated,0.01091639,91.6054
ITEM0439,calibration,bowel,0,0,truncated,0.01091639,91.6054
ITEM0439,calibration,urinary,0,0,truncated,0.01091639,91.6054
ITEM0439,calibration,sexual_reproductive,0,0,truncated,0.01091639,91.6054
ITEM0439,calibration,limb_lymphedema,0,0,truncated,0.01091639,91.6054
ITEM0439,calibration,visual,0,0,truncated,0.01091639,91.6054
ITEM0440,calibration,cognition,0,0,full,0.01406566,71.0951
ITEM0440,calibration,neuropathy,0,0,full,0.01406566,71.0951
ITEM0440,calibration,fatigue,0,0,full,0.01406566,71.0951
ITEM0440,calibration,pain,0,0,full,0.01406566,71.0951
ITEM0440,calibration,physical_function,0,0,full,0.01406566,71.0951
ITEM0440,calibration,swallowing,0,0,full,0.01406566,71.0951
ITEM0440,calibration,speech_voice,0,0,full,0.01406566,71.0951
ITEM0440,calibration,hearing,0,0,full,0.01406566,71.0951
ITEM0440,calibration,respiratory,0,0,full,0.01406566,71.0951
ITEM0440,calibration,bowel,1,0,full,0.01406566,71.0951
ITEM0440,calibration,urinary,0,0,full,0.01406566,71.0951
ITEM0440,calibration,sexual_reproductive,0,0,full,0.01406566,71.0951
ITEM0440,calibration,limb_lymphedema,0,0,full,0.01406566,71.0951
ITEM0440,calibration,visual,0,0,full,0.01406566,71.0951
ITEM0441,calibration,cognition,0,0,full,0.01206549,82.8810
ITEM0441,calibration,neuropathy,0,0,full,0.01206549,82.8810
ITEM0441,calibration,fatigue,0,0,full,0.01206549,82.8810
ITEM0441,calibration,pain,0,0,full,0.01206549,82.8810
ITEM0441,calibration,physical_function,1,1,full,0.01206549,82.8810
ITEM0441,calibration,swallowing,0,0,full,0.01206549,82.8810
ITEM0441,calibration,speech_voice,0,0,full,0.01206549,82.8810
ITEM0441,calibration,hearing,0,0,full,0.01206549,82.8810
ITEM0441,calibration,respiratory,0,0,full,0.01206549,82.8810
ITEM0441,calibration,bowel,0,0,full,0.01206549,82.8810
ITEM0441,calibration,urinary,0,0,full,0.01206549,82.8810
ITEM0441,calibration,sexual_reproductive,0,0,full,0.01206549,82.8810
ITEM0441,calibration,limb_lymphedema,0,0,full,0.01206549,82.8810
ITEM0441,calibration,visual,0,0,full,0.01206549,82.8810
ITEM0442,calibration,cognition,0,0,full,0.01091639,91.6054
ITEM0442,calibration,neuropathy,0,0,full,0.01091639,91.6054
ITEM0442,calibration,fatigue,0,0,full,0.01091639,91.6054
ITEM0442,calibration,pain,0,0,full,0.01091639,91.6054
ITEM0442,calibration,physical_function,0,0,full,0.01091639,91.6054
ITEM0442,calibration,swallowing,0,0,full,0.01091639,91.6054
ITEM0442,calibration,speech_voice,0,0,full,0.01091639,91.6054
ITEM0442,calibration,hearing,0,0,full,0.01091639,91.6054
ITEM0442,calibration,respiratory,0,0,full,0.01091639,91.6054
ITEM0442,calibration,bowel,0,0,full,0.01091639,91.6054
ITEM0442,calibration,urinary,0,0,full,0.01091639,91.6054
ITEM0442,calibration,sexual_reproductive,0,0,full,0.01091639,91.6054
ITEM0442,calibration,limb_lymphedema,0,0,full,0.01091639,91.6054
ITEM0442,calibration,visual,0,0,full,0.01091639,91.6054
ITEM0443,calibration,cognition,0,0,truncated,0.11848196,8.4401
ITEM0443,calibration,neuropathy,0,0,truncated,0.11848196,8.4401
ITEM0443,calibration,fatigue,0,0,truncated,0.11848196,8.4401
ITEM0443,calibration,pain,0,0,truncated,0.11848196,8.4401
ITEM0443,calibration,physical_function,0,0,truncated,0.11848196,8.4401
ITEM0443,calibration,swallowing,0,0,truncated,0.11848196,8.4401
ITEM0443,calibration,speech_voice,1,0,truncated,0.11848196,8.4401
ITEM0443,calibration,hearing,0,0,truncated,0.11848196,8.4401
ITEM0443,calibration,respiratory,0,0,truncated,0.11848196,8.4401
ITEM0443,calibration,bowel,1,1,truncated,0.11848196,8.4401
ITEM0443,calibration,urinary,0,0,truncated,0.11848196,8.4401
ITEM0443,calibration,sexual_reproductive,0,0,truncated,0.11848196,8.4401
ITEM0443,calibration,limb_lymphedema,0,0,truncated,0.11848196,8.4401
ITEM0443,calibration,visual,0,0,truncated,0.11848196,8.4401
ITEM0444,calibration,cognition,0,0,full,0.01091639,91.6054
ITEM0444,calibration,neuropathy,0,0,full,0.01091639,91.6054
ITEM0444,calibration,fatigue,0,0,full,0.01091639,91.6054
ITEM0444,calibration,pain,0,0,full,0.01091639,91.6054
ITEM0444,calibration,physical_function,0,0,full,0.01091639,91.6054
ITEM0444,calibration,swallowing,0,0,full,0.01091639,91.6054
ITEM0444,calibration,speech_voice,0,0,full,0.01091639,91.6054
ITEM0444,calibration,hearing,0,0,full,0.01091639,91.6054
ITEM0444,calibration,respiratory,0,0,full,0.01091639,91.6054
ITEM0444,calibration,bowel,0,0,full,0.01091639,91.6054
ITEM0444,calibration,urinary,0,0,full,0.01091639,91.6054
ITEM0444,calibration,sexual_reproductive,0,0,full,0.01091639,91.6054
ITEM0444,calibration,limb_lymphedema,0,0,full,0.01091639,91.6054
ITEM0444,calibration,visual,0,0,full,0.01091639,91.6054
ITEM0445,calibration,cognition,1,1,full,0.06345283,15.7597
ITEM0445,calibration,neuropathy,0,0,full,0.06345283,15.7597
ITEM0445,calibration,fatigue,1,1,full,0.06345283,15.7597
ITEM0445,calibration,pain,1,1,full,0.06345283,15.7597
ITEM0445,calibration,physical_function,0,0,full,0.06345283,15.7597
ITEM0445,calibration,swallowing,0,0,full,0.06345283,15.7597
ITEM0445,calibration,speech_voice,0,0,full,0.06345283,15.7597
ITEM0445,calibration,hearing,0,0,full,0.06345283,15.7597
ITEM0445,calibration,respiratory,1,0,full,0.06345283,15.7597
ITEM0445,calibration,bowel,1,0,full,0.06345283,15.7597
ITEM0445,calibration,urinary,0,0,full,0.06345283,15.7597
ITEM0445,calibration,sexual_reproductive,0,0,full,0.06345283,15.7597
ITEM0445,calibration,limb_lymphedema,0,0,full,0.06345283,15.7597
ITEM0445,calibration,visual,0,0,full,0.06345283,15.7597
ITEM0446,calibration,cognition,0,0,full,0.06977172,14.3325
ITEM0446,calibration,neuropathy,0,0,full,0.06977172,14.3325
ITEM0446,calibration,fatigue,0,0,full,0.06977172,14.3325
ITEM0446,calibration,pain,0,0,full,0.06977172,14.3325
ITEM0446,calibration,physical_function,0,0,full,0.06977172,14.3325
ITEM0446,calibration,swallowing,0,0,full,0.06977172,14.3325
ITEM0446,calibration,speech_voice,0,0,full,0.06977172,14.3325
ITEM0446,calibration,hearing,0,0,full,0.06977172,14.3325
ITEM0446,calibration,respiratory,0,0,full,0.06977172,14.3325
ITEM0446,calibration,bowel,0,0,full,0.06977172,14.3325
ITEM0446,calibration,urinary,0,0,full,0.06977172,14.3325
ITEM0446,calibration,sexual_reproductive,0,0,full,0.06977172,14.3325
ITEM0446,calibration,limb_lymphedema,1,1,full,0.06977172,14.3325
ITEM0446,calibration,visual,0,0,full,0.06977172,14.3325
ITEM0447,calibration,cognition,0,0,full,0.01091639,91.6054
ITEM0447,calibration,neuropathy,0,0,full,0.01091639,91.6054
ITEM0447,calibration,fatigue,0,0,full,0.01091639,91.6054
ITEM0447,calibration,pain,0,0,full,0.01091639,91.6054
ITEM0447,calibration,physical_function,0,0,full,0.01091639,91.6054
ITEM0447,calibration,swallowing,0,0,full,0.01091639,91.6054
ITEM0447,calibration,speech_voice,0,0,full,0.01091639,91.6054
ITEM0447,calibration,hearing,0,0,full,0.01091639,91.6054
ITEM0447,calibration,respiratory,0,0,full,0.01091639,91.6054
ITEM0447,calibration,bowel,0,0,full,0.01091639,91.6054
ITEM0447,calibration,urinary,0,0,full,0.01091639,91.6054
ITEM0447,calibration,sexual_reproductive,0,0,full,0.01091639,91.6054
ITEM0447,calibration,limb_lymphedema,0,0,full,0.01091639,91.6054
ITEM0447,calibration,visual,0,0,full,0.01091639,91.6054
ITEM0448,calibration,cognition,0,0,full,0.01091639,91.6054
ITEM0448,calibration,neuropathy,0,0,full,0.01091639,91.6054
ITEM0448,calibration,fatigue,0,0,full,0.01091639,91.6054
ITEM0448,calibration,pain,0,0,full,0.01091639,91.6054
ITEM0448,calibration,physical_function,0,0,full,0.01091639,91.6054
ITEM0448,calibration,swallowing,0,0,full,0.01091639,91.6054
ITEM0448,calibration,speech_voice,0,0,full,0.01091639,91.6054
ITEM0448,calibration,hearing,0,0,full,0.01091639,91.6054
ITEM0448,calibration,respiratory,0,0,full,0.01091639,91.6054
ITEM0448,calibration,bowel,0,0,full,0.01091639,91.6054
ITEM0448,calibration,urinary,0,0,full,0.01091639,91.6054
ITEM0448,calibration,sexual_reproductive,0,0,full,0.01091639,91.6054
ITEM0448,calibration,limb_lymphedema,0,0,full,0.01091639,91.6054
ITEM0448,calibration,visual,0,0,full,0.01091639,91.6054
ITEM0449,calibration,cognition,0,0,full,0.01091639,91.6054
ITEM0449,calibration,neuropathy,0,0,full,0.01091639,91.6054
ITEM0449,calibration,fatigue,0,0,full,0.01091639,91.6054
ITEM0449,calibration,pain,0,0,full,0.01091639,91.6054
ITEM0449,calibration,physical_function,0,0,full,0.01091639,91.6054
ITEM0449,calibration,swallowing,0,0,full,0.01091639,91.6054
ITEM0449,calibration,speech_voice,0,0,full,0.01091639,91.6054
ITEM0449,calibration,hearing,0,0,full,0.01091639,91.6054
ITEM0449,calibration,respiratory,0,0,full,0.01091639,91.6054
ITEM0449,calibration,bowel,0,0,full,0.01091639,91.6054
ITEM0449,calibration,urinary,0,0,full,0.01091639,91.6054
ITEM0449,calibration,sexual_reproductive,0,0,full,0.01091639,91.6054
ITEM0449,calibration,limb_lymphedema,0,0,full,0.01091639,91.6054
ITEM0449,calibration,visual,0,0,full,0.01091639,91.6054
ITEM0450,calibration,cognition,0,0,full,0.11994941,8.3368
ITEM0450,calibration,neuropathy,0,0,full,0.11994941,8.3368
ITEM0450,calibration,fatigue,0,0,full,0.11994941,8.3368
ITEM0450,calibration,pain,1,0,full,0.11994941,8.3368
ITEM0450,calibration,physical_function,0,0,full,0.11994941,8.3368
ITEM0450,calibration,swallowing,0,0,full,0.11994941,8.3368
ITEM0450,calibration,speech_voice,0,0,full,0.11994941,8.3368
ITEM0450,calibration,hearing,0,0,full,0.11994941,8.3368
ITEM0450,calibration,respiratory,0,0,full,0.11994941,8.3368
ITEM0450,calibration,bowel,0,0,full,0.11994941,8.3368
ITEM0450,calibration,urinary,0,0,full,0.11994941,8.3368
ITEM0450,calibration,sexual_reproductive,0,0,full,0.11994941,8.3368
ITEM0450,calibration,limb_lymphedema,0,0,full,0.11994941,8.3368
ITEM0450,calibration,visual,1,1,full,0.11994941,8.3368
ITEM0451,calibration,cognition,0,0,full,0.25567554,3.9112
ITEM0451,calibration,neuropathy,0,0,full,0.25567554,3.9112
ITEM0451,calibration,fatigue,1,0,full,0.25567554,3.9112
ITEM0451,calibration,pain,1,0,full,0.25567554,3.9112
ITEM0451,calibration,physical_function,0,0,full,0.25567554,3.9112
ITEM0451,calibration,swallowing,0,0,full,0.25567554,3.9112
ITEM0451,calibration,speech_voice,0,0,full,0.25567554,3.9112
ITEM0451,calibration,hearing,1,0,full,0.25567554,3.9112
ITEM0451,calibration,respiratory,1,0,full,0.25567554,3.9112
ITEM0451,calibration,bowel,1,0,full,0.25567554,3.9112
ITEM0451,calibration,urinary,1,0,full,0.25567554,3.9112
ITEM0451,calibration,sexual_reproductive,0,0,full,0.25567554,3.9112
ITEM0451,calibration,limb_lymphedema,0,0,full,0.25567554,3.9112
ITEM0451,calibration,visual,0,0,full,0.25567554,3.9112
ITEM0452,calibration,cognition,0,0,full,0.01091639,91.6054
ITEM0452,calibration,neuropathy,0,0,full,0.01091639,91.6054
ITEM0452,calibration,fatigue,0,0,full,0.01091639,91.6054
ITEM0452,calibration,pain,0,0,full,0.01091639,91.6054
ITEM0452,calibration,physical_function,0,0,full,0.01091639,91.6054
ITEM0452,calibration,swallowing,0,0,full,0.01091639,91.6054
ITEM0452,calibration,speech_voice,0,0,full,0.01091639,91.6054
ITEM0452,calibration,hearing,0,0,full,0.01091639,91.6054
ITEM0452,calibration,respiratory,0,0,full,0.01091639,91.6054
ITEM0452,calibration,bowel,0,0,full,0.01091639,91.6054
ITEM0452,calibration,urinary,0,0,full,0.01091639,91.6054
ITEM0452,calibration,sexual_reproductive,0,1,full,0.01091639,91.6054
ITEM0452,calibration,limb_lymphedema,0,0,full,0.01091639,91.6054
ITEM0452,calibration,visual,0,0,full,0.01091639,91.6054
ITEM0453,calibration,cognition,0,0,truncated,0.01091639,91.6054
ITEM0453,calibration,neuropathy,0,0,truncated,0.01091639,91.6054
ITEM0453,calibration,fatigue,0,0,truncated,0.01091639,91.6054
ITEM0453,calibration,pain,0,0,truncated,0.01091639,91.6054
ITEM0453,calibration,physical_function,0,0,truncated,0.01091639,91.6054
ITEM0453,calibration,swallowing,0,0,truncated,0.01091639,91.6054
ITEM0453,calibration,speech_voice,0,0,truncated,0.01091639,91.6054
ITEM0453,calibration,hearing,0,0,truncated,0.01091639,91.6054
ITEM0453,calibration,respiratory,0,0,truncated,0.01091639,91.6054
ITEM0453,calibration,bowel,0,0,truncated,0.01091639,91.6054
ITEM0453,calibration,urinary,0,0,truncated,0.01091639,91.6054
ITEM0453,calibration,sexual_reproductive,0,0,truncated,0.01091639,91.6054
ITEM0453,calibration,limb_lymphedema,0,0,truncated,0.01091639,91.6054
ITEM0453,calibration,visual,0,0,truncated,0.01091639,91.6054
ITEM0454,calibration,cognition,0,0,full,0.02164128,46.2080
ITEM0454,calibration,neuropathy,0,0,full,0.02164128,46.2080
ITEM0454,calibration,fatigue,1,0,full,0.02164128,46.2080
ITEM0454,calibration,pain,0,0,full,0.02164128,46.2080
ITEM0454,calibration,physical_function,1,1,full,0.02164128,46.2080
ITEM0454,calibration,swallowing,0,0,full,0.02164128,46.2080
ITEM0454,calibration,speech_voice,0,0,full,0.02164128,46.2080
ITEM0454,calibration,hearing,0,0,full,0.02164128,46.2080
ITEM0454,calibration,respiratory,0,0,full,0.02164128,46.2080
ITEM0454,calibration,bowel,0,0,full,0.02164128,46.2080
ITEM0454,calibration,urinary,0,0,full,0.02164128,46.2080
ITEM0454,calibration,sexual_reproductive,0,0,full,0.02164128,46.2080
ITEM0454,calibration,limb_lymphedema,0,0,full,0.02164128,46.2080
ITEM0454,calibration,visual,0,0,full,0.02164128,46.2080
ITEM0455,calibration,cognition,0,0,full,0.01091639,91.6054
ITEM0455,calibration,neuropathy,0,0,full,0.01091639,91.6054
ITEM0455,calibration,fatigue,0,0,full,0.01091639,91.6054
ITEM0455,calibration,pain,0,0,full,0.01091639,91.6054
ITEM0455,calibration,physical_function,0,0,full,0.01091639,91.6054
ITEM0455,calibration,swallowing,0,0,full,0.01091639,91.6054
ITEM0455,calibration,speech_voice,0,0,full,0.01091639,91.6054
ITEM0455,calibration,hearing,0,0,full,0.01091639,91.6054
ITEM0455,calibration,respiratory,0,0,full,0.01091639,91.6054
ITEM0455,calibration,bowel,0,0,full,0.01091639,91.6054
ITEM0455,calibration,urinary,0,0,full,0.01091639,91.6054
ITEM0455,calibration,sexual_reproductive,0,0,full,0.01091639,91.6054
ITEM0455,calibration,limb_lymphedema,0,0,full,0.01091639,91.6054
ITEM0455,calibration,visual,0,0,full,0.01091639,91.6054
ITEM0456,calibration,cognition,1,1,full,0.07274311,13.7470
ITEM0456,calibration,neuropathy,0,0,full,0.07274311,13.7470
ITEM0456,calibration,fatigue,1,0,full,0.07274311,13.7470
ITEM0456,calibration,pain,1,0,full,0.07274311,13.7470
ITEM0456,calibration,physical_function,1,0,full,0.07274311,13.7470
ITEM0456,calibration,swallowing,0,0,full,0.07274311,13.7470
ITEM0456,calibration,speech_voice,0,0,full,0.07274311,13.7470
ITEM0456,calibration,hearing,0,0,full,0.07274311,13.7470
ITEM0456,calibration,respiratory,1,1,full,0.07274311,13.7470
ITEM0456,calibration,bowel,1,0,full,0.07274311,13.7470
ITEM0456,calibration,urinary,0,0,full,0.07274311,13.7470
ITEM0456,calibration,sexual_reproductive,0,0,full,0.07274311,13.7470
ITEM0456,calibration,limb_lymphedema,0,0,full,0.07274311,13.7470
ITEM0456,calibration,visual,0,0,full,0.07274311,13.7470
ITEM0457,calibration,cognition,1,0,full,0.01552180,64.4255
ITEM0457,calibration,neuropathy,0,0,full,0.01552180,64.4255
ITEM0457,calibration,fatigue,0,0,full,0.01552180,64.4255
ITEM0457,calibration,pain,0,0,full,0.01552180,64.4255
ITEM0457,calibration,physical_function,0,0,full,0.01552180,64.4255
ITEM0457,calibration,swallowing,0,0,full,0.01552180,64.4255
ITEM0457,calibration,speech_voice,0,0,full,0.01552180,64.4255
ITEM0457,calibration,hearing,0,0,full,0.01552180,64.4255
ITEM0457,calibration,respiratory,0,0,full,0.01552180,64.4255
ITEM0457,calibration,bowel,0,0,full,0.01552180,64.4255
ITEM0457,calibration,urinary,0,0,full,0.01552180,64.4255
ITEM0457,calibration,sexual_reproductive,0,0,full,0.01552180,64.4255
ITEM0457,calibration,limb_lymphedema,0,0,full,0.01552180,64.4255
ITEM0457,calibration,visual,0,0,full,0.01552180,64.4255
ITEM0458,calibration,cognition,0,0,full,0.02849976,35.0880
ITEM0458,calibration,neuropathy,0,0,full,0.02849976,35.0880
ITEM0458,calibration,fatigue,0,0,full,0.02849976,35.0880
ITEM0458,calibration,pain,0,0,full,0.02849976,35.0880
ITEM0458,calibration,physical_function,0,0,full,0.02849976,35.0880
ITEM0458,calibration,swallowing,0,0,full,0.02849976,35.0880
ITEM0458,calibration,speech_voice,0,0,full,0.02849976,35.0880
ITEM0458,calibration,hearing,0,0,full,0.02849976,35.0880
ITEM0458,calibration,respiratory,0,0,full,0.02849976,35.0880
ITEM0458,calibration,bowel,0,0,full,0.02849976,35.0880
ITEM0458,calibration,urinary,0,0,full,0.02849976,35.0880
ITEM0458,calibration,sexual_reproductive,1,0,full,0.02849976,35.0880
ITEM0458,calibration,limb_lymphedema,0,0,full,0.02849976,35.0880
ITEM0458,calibration,visual,0,0,full,0.02849976,35.0880
ITEM0459,calibration,cognition,0,0,full,0.14110309,7.0870
ITEM0459,calibration,neuropathy,0,0,full,0.14110309,7.0870
ITEM0459,calibration,fatigue,0,0,full,0.14110309,7.0870
ITEM0459,calibration,pain,0,0,full,0.14110309,7.0870
ITEM0459,calibration,physical_function,0,0,full,0.14110309,7.0870
ITEM0459,calibration,swallowing,0,0,full,0.14110309,7.0870
ITEM0459,calibration,speech_voice,0,0,full,0.14110309,7.0870
ITEM0459,calibration,hearing,0,0,full,0.14110309,7.0870
ITEM0459,calibration,respiratory,0,0,full,0.14110309,7.0870
ITEM0459,calibration,bowel,1,1,full,0.14110309,7.0870
ITEM0459,calibration,urinary,1,0,full,0.14110309,7.0870
ITEM0459,calibration,sexual_reproductive,0,0,full,0.14110309,7.0870
ITEM0459,calibration,limb_lymphedema,0,0,full,0.14110309,7.0870
ITEM0459,calibration,visual,1,0,full,0.14110309,7.0870
ITEM0460,calibration,cognition,0,0,full,0.02849976,35.0880
ITEM0460,calibration,neuropathy,0,0,full,0.02849976,35.0880
ITEM0460,calibration,fatigue,0,0,full,0.02849976,35.0880
ITEM0460,calibration,pain,0,0,full,0.02849976,35.0880
ITEM0460,calibration,physical_function,0,0,full,0.02849976,35.0880
ITEM0460,calibration,swallowing,0,0,full,0.02849976,35.0880
ITEM0460,calibration,speech_voice,0,0,full,0.02849976,35.0880
ITEM0460,calibration,hearing,0,0,full,0.02849976,35.0880
ITEM0460,calibration,respiratory,0,0,full,0.02849976,35.0880
ITEM0460,calibration,bowel,0,0,full,0.02849976,35.0880
ITEM0460,calibration,urinary,0,0,full,0.02849976,35.0880
ITEM0460,calibration,sexual_reproductive,1,1,full,0.02849976,35.0880
ITEM0460,calibration,limb_lymphedema,0,0,full,0.02849976,35.0880
ITEM0460,calibration,visual,0,0,full,0.02849976,35.0880
ITEM0461,calibration,cognition,0,0,full,0.10784369,9.2727
ITEM0461,calibration,neuropathy,0,0,full,0.10784369,9.2727
ITEM0461,calibration,fatigue,0,0,full,0.10784369,9.2727
ITEM0461,calibration,pain,0,0,full,0.10784369,9.2727
ITEM0461,calibration,physical_function,0,0,full,0.10784369,9.2727
ITEM0461,calibration,swallowing,0,0,full,0.10784369,9.2727
ITEM0461,calibration,speech_voice,1,0,full,0.10784369,9.2727
ITEM0461,calibration,hearing,0,0,full,0.10784369,9.2727
ITEM0461,calibration,respiratory,0,0,full,0.10784369,9.2727
ITEM0461,calibration,bowel,0,0,full,0.10784369,9.2727
ITEM0461,calibration,urinary,0,0,full,0.10784369,9.2727
ITEM0461,calibration,sexual_reproductive,0,0,full,0.10784369,9.2727
ITEM0461,calibration,limb_lymphedema,0,0,full,0.10784369,9.2727
ITEM0461,calibration,visual,0,0,full,0.10784369,9.2727
ITEM0462,calibration,cognition,0,0,full,0.20396143,4.9029
ITEM0462,calibration,neuropathy,0,0,full,0.20396143,4.9029
ITEM0462,calibration,fatigue,0,0,full,0.20396143,4.9029
ITEM0462,calibration,pain,0,0,full,0.20396143,4.9029
ITEM0462,calibration,physical_function,0,0,full,0.20396143,4.9029
ITEM0462,calibration,swallowing,0,0,full,0.20396143,4.9029
ITEM0462,calibration,speech_voice,0,0,full,0.20396143,4.9029
ITEM0462,calibration,hearing,1,1,full,0.20396143,4.9029
ITEM0462,calibration,respiratory,0,0,full,0.20396143,4.9029
ITEM0462,calibration,bowel,0,0,full,0.20396143,4.9029
ITEM0462,calibration,urinary,0,0,full,0.20396143,4.9029
ITEM0462,calibration,sexual_reproductive,0,0,full,0.20396143,4.9029
ITEM0462,calibration,limb_lymphedema,0,0,full,0.20396143,4.9029
ITEM0462,calibration,visual,0,0,full,0.20396143,4.9029
ITEM0463,calibration,cognition,0,0,full,0.03093564,32.3252
ITEM0463,calibration,neuropathy,0,0,full,0.03093564,32.3252
ITEM0463,calibration,fatigue,0,0,full,0.03093564,32.3252
ITEM0463,calibration,pain,0,0,full,0.03093564,32.3252
ITEM0463,calibration,physical_function,0,0,full,0.03093564,32.3252
ITEM0463,calibration,swallowing,0,0,full,0.03093564,32.3252
ITEM0463,calibration,speech_voice,0,0,full,0.03093564,32.3252
ITEM0463,calibration,hearing,0,0,full,0.03093564,32.3252
ITEM0463,calibration,respiratory,0,0,full,0.03093564,32.3252
ITEM0463,calibration,bowel,1,0,full,0.03093564,32.3252
ITEM0463,calibration,urinary,1,0,full,0.03093564,32.3252
ITEM0463,calibration,sexual_reproductive,0,0,full,0.03093564,32.3252
ITEM0463,calibration,limb_lymphedema,0,0,full,0.03093564,32.3252
ITEM0463,calibration,visual,0,0,full,0.03093564,32.3252
ITEM0464,calibration,cognition,0,0,full,0.01091639,91.6054
ITEM0464,calibration,neuropathy,0,0,full,0.01091639,91.6054
ITEM0464,calibration,fatigue,0,0,full,0.01091639,91.6054
ITEM0464,calibration,pain,0,0,full,0.01091639,91.6054
ITEM0464,calibration,physical_function,0,0,full,0.01091639,91.6054
ITEM0464,calibration,swallowing,0,0,full,0.01091639,91.6054
ITEM0464,calibration,speech_voice,0,0,full,0.01091639,91.6054
ITEM0464,calibration,hearing,0,0,full,0.01091639,91.6054
ITEM0464,calibration,respiratory,0,0,full,0.01091639,91.6054
ITEM0464,calibration,bowel,0,0,full,0.01091639,91.6054
ITEM0464,calibration,urinary,0,0,full,0.01091639,91.6054
ITEM0464,calibration,sexual_reproductive,0,0,full,0.01091639,91.6054
ITEM0464,calibration,limb_lymphedema,0,0,full,0.01091639,91.6054
ITEM0464,calibration,visual,0,0,full,0.01091639,91.6054
ITEM0465,calibration,cognition,0,0,full,0.04266514,23.4383
ITEM0465,calibration,neuropathy,1,1,full,0.04266514,23.4383
ITEM0465,calibration,fatigue,0,0,full,0.04266514,23.4383
ITEM0465,calibration,pain,0,0,full,0.04266514,23.4383
ITEM0465,calibration,physical_function,0,0,full,0.04266514,23.4383
ITEM0465,calibration,swallowing,0,0,full,0.04266514,23.4383
ITEM0465,calibration,speech_voice,0,0,full,0.04266514,23.4383
ITEM0465,calibration,hearing,0,0,full,0.04266514,23.4383
ITEM0465,calibration,respiratory,0,0,full,0.04266514,23.4383
ITEM0465,calibration,bowel,0,0,full,0.04266514,23.4383
ITEM0465,calibration,urinary,1,0,full,0.04266514,23.4383
ITEM0465,calibration,sexual_reproductive,0,0,full,0.04266514,23.4383
ITEM0465,calibration,limb_lymphedema,0,0,full,0.04266514,23.4383
ITEM0465,calibration,visual,0,0,full,0.04266514,23.4383
ITEM0466,calibration,cognition,0,0,full,0.04293921,23.2887
ITEM0466,calibration,neuropathy,0,0,full,0.04293921,23.2887
ITEM0466,calibration,fatigue,0,0,full,0.04293921,23.2887
ITEM0466,calibration,pain,1,0,full,0.04293921,23.2887
ITEM0466,calibration,physical_function,0,0,full,0.04293921,23.2887
ITEM0466,calibration,swallowing,1,0,full,0.04293921,23.2887
ITEM0466,calibration,speech_voice,0,0,full,0.04293921,23.2887
ITEM0466,calibration,hearing,0,0,full,0.04293921,23.2887
ITEM0466,calibration,respiratory,0,0,full,0.04293921,23.2887
ITEM0466,calibration,bowel,0,0,full,0.04293921,23.2887
ITEM0466,calibration,urinary,0,0,full,0.04293921,23.2887
ITEM0466,calibration,sexual_reproductive,0,0,full,0.04293921,23.2887
ITEM0466,calibration,limb_lymphedema,0,0,full,0.04293921,23.2887
ITEM0466,calibration,visual,0,0,full,0.04293921,23.2887
ITEM0467,calibration,cognition,1,1,full,0.02528754,39.5452
ITEM0467,calibration,neuropathy,0,0,full,0.02528754,39.5452
ITEM0467,calibration,fatigue,0,0,full,0.02528754,39.5452
ITEM0467,calibration,pain,0,0,full,0.02528754,39.5452
ITEM0467,calibration,physical_function,1,0,full,0.02528754,39.5452
ITEM0467,calibration,swallowing,0,0,full,0.02528754,39.5452
ITEM0467,calibration,speech_voice,0,0,full,0.02528754,39.5452
ITEM0467,calibration,hearing,0,0,full,0.02528754,39.5452
ITEM0467,calibration,respiratory,0,0,full,0.02528754,39.5452
ITEM0467,calibration,bowel,0,0,full,0.02528754,39.5452
ITEM0467,calibration,urinary,0,0,full,0.02528754,39.5452
ITEM0467,calibration,sexual_reproductive,0,0,full,0.02528754,39.5452
ITEM0467,calibration,limb_lymphedema,0,0,full,0.02528754,39.5452
ITEM0467,calibration,visual,0,0,full,0.02528754,39.5452
ITEM0468,calibration,cognition,0,0,full,0.14995580,6.6686
ITEM0468,calibration,neuropathy,1,0,full,0.14995580,6.6686
ITEM0468,calibration,fatigue,0,0,full,0.14995580,6.6686
ITEM0468,calibration,pain,0,0,full,0.14995580,6.6686
ITEM0468,calibration,physical_function,1,0,full,0.14995580,6.6686
ITEM0468,calibration,swallowing,0,0,full,0.14995580,6.6686
ITEM0468,calibration,speech_voice,0,0,full,0.14995580,6.6686
ITEM0468,calibration,hearing,0,0,full,0.14995580,6.6686
ITEM0468,calibration,respiratory,0,0,full,0.14995580,6.6686
ITEM0468,calibration,bowel,1,0,full,0.14995580,6.6686
ITEM0468,calibration,urinary,1,0,full,0.14995580,6.6686
ITEM0468,calibration,sexual_reproductive,1,0,full,0.14995580,6.6686
ITEM0468,calibration,limb_lymphedema,1,0,full,0.14995580,6.6686
ITEM0468,calibration,visual,0,0,full,0.14995580,6.6686
ITEM0469,calibration,cognition,0,0,full,0.03821489,26.1678
ITEM0469,calibration,neuropathy,0,0,full,0.03821489,26.1678
ITEM0469,calibration,fatigue,0,0,full,0.03821489,26.1678
ITEM0469,calibration,pain,0,0,full,0.03821489,26.1678
ITEM0469,calibration,physical_function,0,0,full,0.03821489,26.1678
ITEM0469,calibration,swallowing,1,0,full,0.03821489,26.1678
ITEM0469,calibration,speech_voice,0,0,full,0.03821489,26.1678
ITEM0469,calibration,hearing,0,0,full,0.03821489,26.1678
ITEM0469,calibration,respiratory,0,0,full,0.03821489,26.1678
ITEM0469,calibration,bowel,0,0,full,0.03821489,26.1678
ITEM0469,calibration,urinary,0,0,full,0.03821489,26.1678
ITEM0469,calibration,sexual_reproductive,0,0,full,0.03821489,26.1678
ITEM0469,calibration,limb_lymphedema,0,0,full,0.03821489,26.1678
ITEM0469,calibration,visual,0,0,full,0.03821489,26.1678
ITEM0470,calibration,cognition,1,0,full,0.29698739,3.3671
ITEM0470,calibration,neuropathy,1,0,full,0.29698739,3.3671
ITEM0470,calibration,fatigue,1,0,full,0.29698739,3.3671
ITEM0470,calibration,pain,1,0,full,0.29698739,3.3671
ITEM0470,calibration,physical_function,1,0,full,0.29698739,3.3671
ITEM0470,calibration,swallowing,0,0,full,0.29698739,3.3671
ITEM0470,calibration,speech_voice,0,0,full,0.29698739,3.3671
ITEM0470,calibration,hearing,1,0,full,0.29698739,3.3671
ITEM0470,calibration,respiratory,1,0,full,0.29698739,3.3671
ITEM0470,calibration,bowel,1,0,full,0.29698739,3.3671
ITEM0470,calibration,urinary,0,0,full,0.29698739,3.3671
ITEM0470,calibration,sexual_reproductive,1,0,full,0.29698739,3.3671
ITEM0470,calibration,limb_lymphedema,0,0,full,0.29698739,3.3671
ITEM0470,calibration,visual,0,0,full,0.29698739,3.3671
ITEM0471,calibration,cognition,0,0,full,0.01091639,91.6054
ITEM0471,calibration,neuropathy,0,0,full,0.01091639,91.6054
ITEM0471,calibration,fatigue,0,0,full,0.01091639,91.6054
ITEM0471,calibration,pain,0,0,full,0.01091639,91.6054
ITEM0471,calibration,physical_function,0,0,full,0.01091639,91.6054
ITEM0471,calibration,swallowing,0,0,full,0.01091639,91.6054
ITEM0471,calibration,speech_voice,0,0,full,0.01091639,91.6054
ITEM0471,calibration,hearing,0,0,full,0.01091639,91.6054
ITEM0471,calibration,respiratory,0,0,full,0.01091639,91.6054
ITEM0471,calibration,bowel,0,0,full,0.01091639,91.6054
ITEM0471,calibration,urinary,0,0,full,0.01091639,91.6054
ITEM0471,calibration,sexual_reproductive,0,0,full,0.01091639,91.6054
ITEM0471,calibration,limb_lymphedema,0,0,full,0.01091639,91.6054
ITEM0471,calibration,visual,0,0,full,0.01091639,91.6054
ITEM0472,calibration,cognition,0,0,full,0.01924085,51.9728
ITEM0472,calibration,neuropathy,0,0,full,0.01924085,51.9728
ITEM0472,calibration,fatigue,0,0,full,0.01924085,51.9728
ITEM0472,calibration,pain,0,0,full,0.01924085,51.9728
ITEM0472,calibration,physical_function,0,0,full,0.01924085,51.9728
ITEM0472,calibration,swallowing,0,0,full,0.01924085,51.9728
ITEM0472,calibration,speech_voice,0,0,full,0.01924085,51.9728
ITEM0472,calibration,hearing,0,0,full,0.01924085,51.9728
ITEM0472,calibration,respiratory,0,0,full,0.01924085,51.9728
ITEM0472,calibration,bowel,0,0,full,0.01924085,51.9728
ITEM0472,calibration,urinary,1,0,full,0.01924085,51.9728
ITEM0472,calibration,sexual_reproductive,0,0,full,0.01924085,51.9728
ITEM0472,calibration,limb_lymphedema,0,0,full,0.01924085,51.9728
ITEM0472,calibration,visual,0,0,full,0.01924085,51.9728
ITEM0473,calibration,cognition,0,0,full,0.02405837,41.5656
ITEM0473,calibration,neuropathy,0,0,full,0.02405837,41.5656
ITEM0473,calibration,fatigue,0,0,full,0.02405837,41.5656
ITEM0473,calibration,pain,1,0,full,0.02405837,41.5656
ITEM0473,calibration,physical_function,0,0,full,0.02405837,41.5656
ITEM0473,calibration,swallowing,0,0,full,0.02405837,41.5656
ITEM0473,calibration,speech_voice,0,0,full,0.02405837,41.5656
ITEM0473,calibration,hearing,0,0,full,0.02405837,41.5656
ITEM0473,calibration,respiratory,0,0,full,0.02405837,41.5656
ITEM0473,calibration,bowel,0,0,full,0.02405837,41.5656
ITEM0473,calibration,urinary,1,0,full,0.02405837,41.5656
ITEM0473,calibration,sexual_reproductive,0,0,full,0.02405837,41.5656
ITEM0473,calibration,limb_lymphedema,0,0,full,0.02405837,41.5656
ITEM0473,calibration,visual,0,0,full,0.02405837,41.5656
ITEM0474,calibration,cognition,0,0,full,0.03821489,26.1678
ITEM0474,calibration,neuropathy,0,0,full,0.03821489,26.1678
ITEM0474,calibration,fatigue,0,0,full,0.03821489,26.1678
ITEM0474,calibration,pain,0,0,full,0.03821489,26.1678
ITEM0474,calibration,physical_function,0,0,full,0.03821489,26.1678
ITEM0474,calibration,swallowing,1,1,full,0.03821489,26.1678
ITEM0474,calibration,speech_voice,0,0,full,0.03821489,26.1678
ITEM0474,calibration,hearing,0,0,full,0.03821489,26.1678
ITEM0474,calibration,respiratory,0,0,full,0.03821489,26.1678
ITEM0474,calibration,bowel,0,0,full,0.03821489,26.1678
ITEM0474,calibration,urinary,0,0,full,0.03821489,26.1678
ITEM0474,calibration,sexual_reproductive,0,0,full,0.03821489,26.1678
ITEM0474,calibration,limb_lymphedema,0,0,full,0.03821489,26.1678
ITEM0474,calibration,visual,0,0,full,0.03821489,26.1678
ITEM0475,calibration,cognition,0,0,full,0.00706867,141.4694
ITEM0475,calibration,neuropathy,0,0,full,0.00706867,141.4694
ITEM0475,calibration,fatigue,0,0,full,0.00706867,141.4694
ITEM0475,calibration,pain,1,1,full,0.00706867,141.4694
ITEM0475,calibration,physical_function,0,0,full,0.00706867,141.4694
ITEM0475,calibration,swallowing,0,0,full,0.00706867,141.4694
ITEM0475,calibration,speech_voice,0,0,full,0.00706867,141.4694
ITEM0475,calibration,hearing,0,0,full,0.00706867,141.4694
ITEM0475,calibration,respiratory,0,0,full,0.00706867,141.4694
ITEM0475,calibration,bowel,0,0,full,0.00706867,141.4694
ITEM0475,calibration,urinary,0,0,full,0.00706867,141.4694
ITEM0475,calibration,sexual_reproductive,0,0,full,0.00706867,141.4694
ITEM0475,calibration,limb_lymphedema,0,0,full,0.00706867,141.4694
ITEM0475,calibration,visual,0,0,full,0.00706867,141.4694
ITEM0476,calibration,cognition,1,0,full,0.06345283,15.7597
ITEM0476,calibration,neuropathy,0,0,full,0.06345283,15.7597
ITEM0476,calibration,fatigue,1,0,full,0.06345283,15.7597
ITEM0476,calibration,pain,1,0,full,0.06345283,15.7597
ITEM0476,calibration,physical_function,0,0,full,0.06345283,15.7597
ITEM0476,calibration,swallowing,0,0,full,0.06345283,15.7597
ITEM0476,calibration,speech_voice,0,0,full,0.06345283,15.7597
ITEM0476,calibration,hearing,0,0,full,0.06345283,15.7597
ITEM0476,calibration,respiratory,1,0,full,0.06345283,15.7597
ITEM0476,calibration,bowel,1,0,full,0.06345283,15.7597
ITEM0476,calibration,urinary,0,0,full,0.06345283,15.7597
ITEM0476,calibration,sexual_reproductive,0,0,full,0.06345283,15.7597
ITEM0476,calibration,limb_lymphedema,0,0,full,0.06345283,15.7597
ITEM0476,calibration,visual,0,0,full,0.06345283,15.7597
ITEM0477,calibration,cognition,0,0,full,0.20787160,4.8107
ITEM0477,calibration,neuropathy,0,0,full,0.20787160,4.8107
ITEM0477,calibration,fatigue,0,0,full,0.20787160,4.8107
ITEM0477,calibration,pain,1,1,full,0.20787160,4.8107
ITEM0477,calibration,physical_function,0,0,full,0.20787160,4.8107
ITEM0477,calibration,swallowing,0,0,full,0.20787160,4.8107
ITEM0477,calibration,speech_voice,0,0,full,0.20787160,4.8107
ITEM0477,calibration,hearing,1,1,full,0.20787160,4.8107
ITEM0477,calibration,respiratory,0,0,full,0.20787160,4.8107
ITEM0477,calibration,bowel,0,0,full,0.20787160,4.8107
ITEM0477,calibration,urinary,0,0,full,0.20787160,4.8107
ITEM0477,calibration,sexual_reproductive,0,0,full,0.20787160,4.8107
ITEM0477,calibration,limb_lymphedema,0,0,full,0.20787160,4.8107
ITEM0477,calibration,visual,0,0,full,0.20787160,4.8107
ITEM0478,calibration,cognition,0,0,full,0.01091639,91.6054
ITEM0478,calibration,neuropathy,0,0,full,0.01091639,91.6054
ITEM0478,calibration,fatigue,0,0,full,0.01091639,91.6054
ITEM0478,calibration,pain,0,0,full,0.01091639,91.6054
ITEM0478,calibration,physical_function,0,0,full,0.01091639,91.6054
ITEM0478,calibration,swallowing,0,0,full,0.01091639,91.6054
ITEM0478,calibration,speech_voice,0,0,full,0.01091639,91.6054
ITEM0478,calibration,hearing,0,0,full,0.01091639,91.6054
ITEM0478,calibration,respiratory,0,0,full,0.01091639,91.6054
ITEM0478,calibration,bowel,0,0,full,0.01091639,91.6054
ITEM0478,calibration,urinary,0,0,full,0.01091639,91.6054
ITEM0478,calibration,sexual_reproductive,0,0,full,0.01091639,91.6054
ITEM0478,calibration,limb_lymphedema,0,0,full,0.01091639,91.6054
ITEM0478,calibration,visual,0,0,full,0.01091639,91.6054
ITEM0479,calibration,cognition,0,0,full,0.13131436,7.6153
ITEM0479,calibration,neuropathy,0,0,full,0.13131436,7.6153
ITEM0479,calibration,fatigue,1,0,full,0.13131436,7.6153
ITEM0479,calibration,pain,1,0,full,0.13131436,7.6153
ITEM0479,calibration,physical_function,0,0,full,0.13131436,7.6153
ITEM0479,calibration,swallowing,0,0,full,0.13131436,7.6153
ITEM0479,calibration,speech_voice,1,1,full,0.13131436,7.6153
ITEM0479,calibration,hearing,0,0,full,0.13131436,7.6153
ITEM0479,calibration,respiratory,0,0,full,0.13131436,7.6153
ITEM0479,calibration,bowel,1,0,full,0.13131436,7.6153
ITEM0479,calibration,urinary,0,0,full,0.13131436,7.6153
ITEM0479,calibration,sexual_reproductive,0,0,full,0.13131436,7.6153
ITEM0479,calibration,limb_lymphedema,0,0,full,0.13131436,7.6153
ITEM0479,calibration,visual,0,0,full,0.13131436,7.6153
ITEM0480,calibration,cognition,0,0,full,0.01091639,91.6054
ITEM0480,calibration,neuropathy,0,0,full,0.01091639,91.6054
ITEM0480,calibration,fatigue,0,0,full,0.01091639,91.6054
ITEM0480,calibration,pain,0,0,full,0.01091639,91.6054
ITEM0480,calibration,physical_function,0,0,full,0.01091639,91.6054
ITEM0480,calibration,swallowing,0,0,full,0.01091639,91.6054
ITEM0480,calibration,speech_voice,0,0,full,0.01091639,91.6054
ITEM0480,calibration,hearing,0,0,full,0.01091639,91.6054
ITEM0480,calibration,respiratory,0,0,full,0.01091639,91.6054
ITEM0480,calibration,bowel,0,0,full,0.01091639,91.6054
ITEM0480,calibration,urinary,0,0,full,0.01091639,91.6054
ITEM0480,calibration,sexual_reproductive,0,0,full,0.01091639,91.6054
ITEM0480,calibration,limb_lymphedema,0,0,full,0.01091639,91.6054
ITEM0480,calibration,visual,0,0,full,0.01091639,91.6054
ITEM0481,calibration,cognition,1,0,full,0.11877513,8.4193
ITEM0481,calibration,neuropathy,1,0,full,0.11877513,8.4193
ITEM0481,calibration,fatigue,1,0,full,0.11877513,8.4193
ITEM0481,calibration,pain,1,0,full,0.11877513,8.4193
ITEM0481,calibration,physical_function,1,0,full,0.11877513,8.4193
ITEM0481,calibration,swallowing,0,0,full,0.11877513,8.4193
ITEM0481,calibration,speech_voice,0,0,full,0.11877513,8.4193
ITEM0481,calibration,hearing,0,0,full,0.11877513,8.4193
ITEM0481,calibration,respiratory,1,0,full,0.11877513,8.4193
ITEM0481,calibration,bowel,1,0,full,0.11877513,8.4193
ITEM0481,calibration,urinary,0,0,full,0.11877513,8.4193
ITEM0481,calibration,sexual_reproductive,1,0,full,0.11877513,8.4193
ITEM0481,calibration,limb_lymphedema,0,0,full,0.11877513,8.4193
ITEM0481,calibration,visual,0,0,full,0.11877513,8.4193
ITEM0482,calibration,cognition,0,0,truncated,0.01091639,91.6054
ITEM0482,calibration,neuropathy,0,0,truncated,0.01091639,91.6054
ITEM0482,calibration,fatigue,0,0,truncated,0.01091639,91.6054
ITEM0482,calibration,pain,0,0,truncated,0.01091639,91.6054
ITEM0482,calibration,physical_function,0,0,truncated,0.01091639,91.6054
ITEM0482,calibration,swallowing,0,0,truncated,0.01091639,91.6054
ITEM0482,calibration,speech_voice,0,0,truncated,0.01091639,91.6054
ITEM0482,calibration,hearing,0,0,truncated,0.01091639,91.6054
ITEM0482,calibration,respiratory,0,0,truncated,0.01091639,91.6054
ITEM0482,calibration,bowel,0,0,truncated,0.01091639,91.6054
ITEM0482,calibration,urinary,0,0,truncated,0.01091639,91.6054
ITEM0482,calibration,sexual_reproductive,0,0,truncated,0.01091639,91.6054
ITEM0482,calibration,limb_lymphedema,0,0,truncated,0.01091639,91.6054
ITEM0482,calibration,visual,0,0,truncated,0.01091639,91.6054
ITEM0483,calibration,cognition,1,1,truncated,0.01552180,64.4255
ITEM0483,calibration,neuropathy,0,0,truncated,0.01552180,64.4255
ITEM0483,calibration,fatigue,0,0,truncated,0.01552180,64.4255
ITEM0483,calibration,pain,0,0,truncated,0.01552180,64.4255
ITEM0483,calibration,physical_function,0,0,truncated,0.01552180,64.4255
ITEM0483,calibration,swallowing,0,0,truncated,0.01552180,64.4255
ITEM0483,calibration,speech_voice,0,0,truncated,0.01552180,64.4255
ITEM0483,calibration,hearing,0,0,truncated,0.01552180,64.4255
ITEM0483,calibration,respiratory,0,0,truncated,0.01552180,64.4255
ITEM0483,calibration,bowel,0,0,truncated,0.01552180,64.4255
ITEM0483,calibration,urinary,0,0,truncated,0.01552180,64.4255
ITEM0483,calibration,sexual_reproductive,0,0,truncated,0.01552180,64.4255
ITEM0483,calibration,limb_lymphedema,0,0,truncated,0.01552180,64.4255
ITEM0483,calibration,visual,0,0,truncated,0.01552180,64.4255
ITEM0484,calibration,cognition,0,0,full,0.19833475,5.0420
ITEM0484,calibration,neuropathy,0,0,full,0.19833475,5.0420
ITEM0484,calibration,fatigue,0,0,full,0.19833475,5.0420
ITEM0484,calibration,pain,0,0,full,0.19833475,5.0420
ITEM0484,calibration,physical_function,0,0,full,0.19833475,5.0420
ITEM0484,calibration,swallowing,1,1,full,0.19833475,5.0420
ITEM0484,calibration,speech_voice,1,0,full,0.19833475,5.0420
ITEM0484,calibration,hearing,0,0,full,0.19833475,5.0420
ITEM0484,calibration,respiratory,0,0,full,0.19833475,5.0420
ITEM0484,calibration,bowel,0,0,full,0.19833475,5.0420
ITEM0484,calibration,urinary,0,0,full,0.19833475,5.0420
ITEM0484,calibration,sexual_reproductive,0,0,full,0.19833475,5.0420
ITEM0484,calibration,limb_lymphedema,1,1,full,0.19833475,5.0420
ITEM0484,calibration,visual,0,0,full,0.19833475,5.0420
ITEM0485,calibration,cognition,0,0,full,0.01890860,52.8860
ITEM0485,calibration,neuropathy,0,0,full,0.01890860,52.8860
ITEM0485,calibration,fatigue,0,0,full,0.01890860,52.8860
ITEM0485,calibration,pain,1,0,full,0.01890860,52.8860
ITEM0485,calibration,physical_function,0,0,full,0.01890860,52.8860
ITEM0485,calibration,swallowing,0,0,full,0.01890860,52.8860
ITEM0485,calibration,speech_voice,0,0,full,0.01890860,52.8860
ITEM0485,calibration,hearing,0,0,full,0.01890860,52.8860
ITEM0485,calibration,respiratory,0,0,full,0.01890860,52.8860
ITEM0485,calibration,bowel,1,1,full,0.01890860,52.8860
ITEM0485,calibration,urinary,0,0,full,0.01890860,52.8860
ITEM0485,calibration,sexual_reproductive,0,0,full,0.01890860,52.8860
ITEM0485,calibration,limb_lymphedema,0,0,full,0.01890860,52.8860
ITEM0485,calibration,visual,0,0,full,0.01890860,52.8860
ITEM0486,calibration,cognition,0,0,full,0.05650894,17.6963
ITEM0486,calibration,neuropathy,0,0,full,0.05650894,17.6963
ITEM0486,calibration,fatigue,0,0,full,0.05650894,17.6963
ITEM0486,calibration,pain,0,0,full,0.05650894,17.6963
ITEM0486,calibration,physical_function,0,0,full,0.05650894,17.6963
ITEM0486,calibration,swallowing,0,0,full,0.05650894,17.6963
ITEM0486,calibration,speech_voice,0,0,full,0.05650894,17.6963
ITEM0486,calibration,hearing,0,0,full,0.05650894,17.6963
ITEM0486,calibration,respiratory,0,0,full,0.05650894,17.6963
ITEM0486,calibration,bowel,1,1,full,0.05650894,17.6963
ITEM0486,calibration,urinary,1,1,full,0.05650894,17.6963
ITEM0486,calibration,sexual_reproductive,1,1,full,0.05650894,17.6963
ITEM0486,calibration,limb_lymphedema,0,0,full,0.05650894,17.6963
ITEM0486,calibration,visual,0,0,full,0.05650894,17.6963
ITEM0487,calibration,cognition,0,0,full,0.01091639,91.6054
ITEM0487,calibration,neuropathy,0,0,full,0.01091639,91.6054
ITEM0487,calibration,fatigue,0,0,full,0.01091639,91.6054
ITEM0487,calibration,pain,0,0,full,0.01091639,91.6054
ITEM0487,calibration,physical_function,0,0,full,0.01091639,91.6054
ITEM0487,calibration,swallowing,0,0,full,0.01091639,91.6054
ITEM0487,calibration,speech_voice,0,0,full,0.01091639,91.6054
ITEM0487,calibration,hearing,0,0,full,0.01091639,91.6054
ITEM0487,calibration,respiratory,0,0,full,0.01091639,91.6054
ITEM0487,calibration,bowel,0,0,full,0.01091639,91.6054
ITEM0487,calibration,urinary,0,0,full,0.01091639,91.6054
ITEM0487,calibration,sexual_reproductive,0,0,full,0.01091639,91.6054
ITEM0487,calibration,limb_lymphedema,0,0,full,0.01091639,91.6054
ITEM0487,calibration,visual,0,0,full,0.01091639,91.6054
ITEM0488,calibration,cognition,0,0,full,0.01691825,59.1078
ITEM0488,calibration,neuropathy,0,0,full,0.01691825,59.1078
ITEM0488,calibration,fatigue,0,0,full,0.01691825,59.1078
ITEM0488,calibration,pain,1,1,full,0.01691825,59.1078
ITEM0488,calibration,physical_function,1,1,full,0.01691825,59.1078
ITEM0488,calibration,swallowing,0,0,full,0.01691825,59.1078
ITEM0488,calibration,speech_voice,0,0,full,0.01691825,59.1078
ITEM0488,calibration,hearing,0,0,full,0.01691825,59.1078
ITEM0488,calibration,respiratory,0,0,full,0.01691825,59.1078
ITEM0488,calibration,bowel,0,0,full,0.01691825,59.1078
ITEM0488,calibration,urinary,0,0,full,0.01691825,59.1078
ITEM0488,calibration,sexual_reproductive,0,0,full,0.01691825,59.1078
ITEM0488,calibration,limb_lymphedema,0,0,full,0.01691825,59.1078
ITEM0488,calibration,visual,0,0,full,0.01691825,59.1078
ITEM0489,calibration,cognition,0,0,full,0.00706867,141.4694
ITEM0489,calibration,neuropathy,0,0,full,0.00706867,141.4694
ITEM0489,calibration,fatigue,0,0,full,0.00706867,141.4694
ITEM0489,calibration,pain,1,1,full,0.00706867,141.4694
ITEM0489,calibration,physical_function,0,0,full,0.00706867,141.4694
ITEM0489,calibration,swallowing,0,0,full,0.00706867,141.4694
ITEM0489,calibration,speech_voice,0,0,full,0.00706867,141.4694
ITEM0489,calibration,hearing,0,0,full,0.00706867,141.4694
ITEM0489,calibration,respiratory,0,0,full,0.00706867,141.4694
ITEM0489,calibration,bowel,0,0,full,0.00706867,141.4694
ITEM0489,calibration,urinary,0,0,full,0.00706867,141.4694
ITEM0489,calibration,sexual_reproductive,0,0,full,0.00706867,141.4694
ITEM0489,calibration,limb_lymphedema,0,0,full,0.00706867,141.4694
ITEM0489,calibration,visual,0,0,full,0.00706867,141.4694
ITEM0490,calibration,cognition,0,0,full,0.10198901,9.8050
ITEM0490,calibration,neuropathy,0,0,full,0.10198901,9.8050
ITEM0490,calibration,fatigue,0,0,full,0.10198901,9.8050
ITEM0490,calibration,pain,0,0,full,0.10198901,9.8050
ITEM0490,calibration,physical_function,0,0,full,0.10198901,9.8050
ITEM0490,calibration,swallowing,0,0,full,0.10198901,9.8050
ITEM0490,calibration,speech_voice,0,0,full,0.10198901,9.8050
ITEM0490,calibration,hearing,0,0,full,0.10198901,9.8050
ITEM0490,calibration,respiratory,1,0,full,0.10198901,9.8050
ITEM0490,calibration,bowel,1,0,full,0.10198901,9.8050
ITEM0490,calibration,urinary,0,0,full,0.10198901,9.8050
ITEM0490,calibration,sexual_reproductive,0,0,full,0.10198901,9.8050
ITEM0490,calibration,limb_lymphedema,1,1,full,0.10198901,9.8050
ITEM0490,calibration,visual,0,0,full,0.10198901,9.8050
ITEM0491,calibration,cognition,0,0,full,0.02849976,35.0880
ITEM0491,calibration,neuropathy,0,0,full,0.02849976,35.0880
ITEM0491,calibration,fatigue,0,0,full,0.02849976,35.0880
ITEM0491,calibration,pain,0,0,full,0.02849976,35.0880
ITEM0491,calibration,physical_function,0,0,full,0.02849976,35.0880
ITEM0491,calibration,swallowing,0,0,full,0.02849976,35.0880
ITEM0491,calibration,speech_voice,0,0,full,0.02849976,35.0880
ITEM0491,calibration,hearing,0,0,full,0.02849976,35.0880
ITEM0491,calibration,respiratory,0,0,full,0.02849976,35.0880
ITEM0491,calibration,bowel,0,0,full,0.02849976,35.0880
ITEM0491,calibration,urinary,0,0,full,0.02849976,35.0880
ITEM0491,calibration,sexual_reproductive,1,1,full,0.02849976,35.0880
ITEM0491,calibration,limb_lymphedema,0,0,full,0.02849976,35.0880
ITEM0491,calibration,visual,0,0,full,0.02849976,35.0880
ITEM0492,calibration,cognition,0,0,full,0.03821489,26.1678
ITEM0492,calibration,neuropathy,0,0,full,0.03821489,26.1678
ITEM0492,calibration,fatigue,0,0,full,0.03821489,26.1678
ITEM0492,calibration,pain,0,0,full,0.03821489,26.1678
ITEM0492,calibration,physical_function,0,0,full,0.03821489,26.1678
ITEM0492,calibration,swallowing,1,0,full,0.03821489,26.1678
ITEM0492,calibration,speech_voice,0,0,full,0.03821489,26.1678
ITEM0492,calibration,hearing,0,0,full,0.03821489,26.1678
ITEM0492,calibration,respiratory,0,0,full,0.03821489,26.1678
ITEM0492,calibration,bowel,0,0,full,0.03821489,26.1678
ITEM0492,calibration,urinary,0,0,full,0.03821489,26.1678
ITEM0492,calibration,sexual_reproductive,0,0,full,0.03821489,26.1678
ITEM0492,calibration,limb_lymphedema,0,0,full,0.03821489,26.1678
ITEM0492,calibration,visual,0,0,full,0.03821489,26.1678
ITEM0493,calibration,cognition,0,0,full,0.01091639,91.6054
ITEM0493,calibration,neuropathy,0,0,full,0.01091639,91.6054
ITEM0493,calibration,fatigue,0,0,full,0.01091639,91.6054
ITEM0493,calibration,pain,0,0,full,0.01091639,91.6054
ITEM0493,calibration,physical_function,0,0,full,0.01091639,91.6054
ITEM0493,calibration,swallowing,0,0,full,0.01091639,91.6054
ITEM0493,calibration,speech_voice,0,0,full,0.01091639,91.6054
ITEM0493,calibration,hearing,0,0,full,0.01091639,91.6054
ITEM0493,calibration,respiratory,0,0,full,0.01091639,91.6054
ITEM0493,calibration,bowel,0,0,full,0.01091639,91.6054
ITEM0493,calibration,urinary,0,0,full,0.01091639,91.6054
ITEM0493,calibration,sexual_reproductive,0,0,full,0.01091639,91.6054
ITEM0493,calibration,limb_lymphedema,0,0,full,0.01091639,91.6054
ITEM0493,calibration,visual,0,0,full,0.01091639,91.6054
ITEM0494,calibration,cognition,0,0,full,0.01091639,91.6054
ITEM0494,calibration,neuropathy,0,0,full,0.01091639,91.6054
ITEM0494,calibration,fatigue,0,0,full,0.01091639,91.6054
ITEM0494,calibration,pain,0,0,full,0.01091639,91.6054
ITEM0494,calibration,physical_function,0,0,full,0.01091639,91.6054
ITEM0494,calibration,swallowing,0,0,full,0.01091639,91.6054
ITEM0494,calibration,speech_voice,0,0,full,0.01091639,91.6054
ITEM0494,calibration,hearing,0,0,full,0.01091639,91.6054
ITEM0494,calibration,respiratory,0,0,full,0.01091639,91.6054
ITEM0494,calibration,bowel,0,0,full,0.01091639,91.6054
ITEM0494,calibration,urinary,0,0,full,0.01091639,91.6054
ITEM0494,calibration,sexual_reproductive,0,0,full,0.01091639,91.6054
ITEM0494,calibration,limb_lymphedema,0,0,full,0.01091639,91.6054
ITEM0494,calibration,visual,0,0,full,0.01091639,91.6054
ITEM0495,calibration,cognition,1,0,full,0.03947658,25.3315
ITEM0495,calibration,neuropathy,0,0,full,0.03947658,25.3315
ITEM0495,calibration,fatigue,1,0,full,0.03947658,25.3315
ITEM0495,calibration,pain,1,0,full,0.03947658,25.3315
ITEM0495,calibration,physical_function,1,0,full,0.03947658,25.3315
ITEM0495,calibration,swallowing,0,0,full,0.03947658,25.3315
ITEM0495,calibration,speech_voice,0,0,full,0.03947658,25.3315
ITEM0495,calibration,hearing,0,0,full,0.03947658,25.3315
ITEM0495,calibration,respiratory,0,0,full,0.03947658,25.3315
ITEM0495,calibration,bowel,0,0,full,0.03947658,25.3315
ITEM0495,calibration,urinary,0,0,full,0.03947658,25.3315
ITEM0495,calibration,sexual_reproductive,0,0,full,0.03947658,25.3315
ITEM0495,calibration,limb_lymphedema,0,0,full,0.03947658,25.3315
ITEM0495,calibration,visual,0,0,full,0.03947658,25.3315
ITEM0496,calibration,cognition,0,0,full,0.14007365,7.1391
ITEM0496,calibration,neuropathy,0,0,full,0.14007365,7.1391
ITEM0496,calibration,fatigue,0,0,full,0.14007365,7.1391
ITEM0496,calibration,pain,0,0,full,0.14007365,7.1391
ITEM0496,calibration,physical_function,0,0,full,0.14007365,7.1391
ITEM0496,calibration,swallowing,1,0,full,0.14007365,7.1391
ITEM0496,calibration,speech_voice,1,0,full,0.14007365,7.1391
ITEM0496,calibration,hearing,0,0,full,0.14007365,7.1391
ITEM0496,calibration,respiratory,0,0,full,0.14007365,7.1391
ITEM0496,calibration,bowel,0,0,full,0.14007365,7.1391
ITEM0496,calibration,urinary,0,0,full,0.14007365,7.1391
ITEM0496,calibration,sexual_reproductive,0,0,full,0.14007365,7.1391
ITEM0496,calibration,limb_lymphedema,0,0,full,0.14007365,7.1391
ITEM0496,calibration,visual,0,0,full,0.14007365,7.1391
ITEM0497,calibration,cognition,0,0,full,0.20396143,4.9029
ITEM0497,calibration,neuropathy,0,0,full,0.20396143,4.9029
ITEM0497,calibration,fatigue,0,0,full,0.20396143,4.9029
ITEM0497,calibration,pain,0,0,full,0.20396143,4.9029
ITEM0497,calibration,physical_function,0,0,full,0.20396143,4.9029
ITEM0497,calibration,swallowing,0,0,full,0.20396143,4.9029
ITEM0497,calibration,speech_voice,0,0,full,0.20396143,4.9029
ITEM0497,calibration,hearing,1,1,full,0.20396143,4.9029
ITEM0497,calibration,respiratory,0,0,full,0.20396143,4.9029
ITEM0497,calibration,bowel,0,0,full,0.20396143,4.9029
ITEM0497,calibration,urinary,0,0,full,0.20396143,4.9029
ITEM0497,calibration,sexual_reproductive,0,0,full,0.20396143,4.9029
ITEM0497,calibration,limb_lymphedema,0,0,full,0.20396143,4.9029
ITEM0497,calibration,visual,0,0,full,0.20396143,4.9029
ITEM0498,calibration,cognition,1,0,full,0.15246526,6.5589
ITEM0498,calibration,neuropathy,1,1,full,0.15246526,6.5589
ITEM0498,calibration,fatigue,0,0,full,0.15246526,6.5589
ITEM0498,calibration,pain,1,1,full,0.15246526,6.5589
ITEM0498,calibration,physical_function,0,0,full,0.15246526,6.5589
ITEM0498,calibration,swallowing,0,0,full,0.15246526,6.5589
ITEM0498,calibration,speech_voice,0,0,full,0.15246526,6.5589
ITEM0498,calibration,hearing,0,0,full,0.15246526,6.5589
ITEM0498,calibration,respiratory,0,0,full,0.15246526,6.5589
ITEM0498,calibration,bowel,0,0,full,0.15246526,6.5589
ITEM0498,calibration,urinary,0,0,full,0.15246526,6.5589
ITEM0498,calibration,sexual_reproductive,0,0,full,0.15246526,6.5589
ITEM0498,calibration,limb_lymphedema,0,0,full,0.15246526,6.5589
ITEM0498,calibration,visual,1,0,full,0.15246526,6.5589
ITEM0499,calibration,cognition,0,0,full,0.15685623,6.3753
ITEM0499,calibration,neuropathy,0,0,full,0.15685623,6.3753
ITEM0499,calibration,fatigue,1,0,full,0.15685623,6.3753
ITEM0499,calibration,pain,0,0,full,0.15685623,6.3753
ITEM0499,calibration,physical_function,1,1,full,0.15685623,6.3753
ITEM0499,calibration,swallowing,1,0,full,0.15685623,6.3753
ITEM0499,calibration,speech_voice,1,0,full,0.15685623,6.3753
ITEM0499,calibration,hearing,0,0,full,0.15685623,6.3753
ITEM0499,calibration,respiratory,0,0,full,0.15685623,6.3753
ITEM0499,calibration,bowel,0,0,full,0.15685623,6.3753
ITEM0499,calibration,urinary,0,0,full,0.15685623,6.3753
ITEM0499,calibration,sexual_reproductive,0,0,full,0.15685623,6.3753
ITEM0499,calibration,limb_lymphedema,0,0,full,0.15685623,6.3753
ITEM0499,calibration,visual,0,0,full,0.15685623,6.3753
ITEM0500,calibration,cognition,0,0,truncated,0.01091639,91.6054
ITEM0500,calibration,neuropathy,0,0,truncated,0.01091639,91.6054
ITEM0500,calibration,fatigue,0,0,truncated,0.01091639,91.6054
ITEM0500,calibration,pain,0,0,truncated,0.01091639,91.6054
ITEM0500,calibration,physical_function,0,0,truncated,0.01091639,91.6054
ITEM0500,calibration,swallowing,0,0,truncated,0.01091639,91.6054
ITEM0500,calibration,speech_voice,0,0,truncated,0.01091639,91.6054
ITEM0500,calibration,hearing,0,0,truncated,0.01091639,91.6054
ITEM0500,calibration,respiratory,0,0,truncated,0.01091639,91.6054
ITEM0500,calibration,bowel,0,0,truncated,0.01091639,91.6054
ITEM0500,calibration,urinary,0,0,truncated,0.01091639,91.6054
ITEM0500,calibration,sexual_reproductive,0,0,truncated,0.01091639,91.6054
ITEM0500,calibration,limb_lymphedema,0,0,truncated,0.01091639,91.6054
ITEM0500,calibration,visual,0,0,truncated,0.01091639,91.6054
ITEM0501,calibration,cognition,0,0,full,0.11560524,8.6501
ITEM0501,calibration,neuropathy,0,0,full,0.11560524,8.6501
ITEM0501,calibration,fatigue,0,0,full,0.11560524,8.6501
ITEM0501,calibration,pain,0,0,full,0.11560524,8.6501
ITEM0501,calibration,physical_function,0,0,full,0.11560524,8.6501
ITEM0501,calibration,swallowing,0,0,full,0.11560524,8.6501
ITEM0501,calibration,speech_voice,0,0,full,0.11560524,8.6501
ITEM0501,calibration,hearing,0,0,full,0.11560524,8.6501
ITEM0501,calibration,respiratory,0,0,full,0.11560524,8.6501
ITEM0501,calibration,bowel,0,0,full,0.11560524,8.6501
ITEM0501,calibration,urinary,0,0,full,0.11560524,8.6501
ITEM0501,calibration,sexual_reproductive,0,0,full,0.11560524,8.6501
ITEM0501,calibration,limb_lymphedema,0,0,full,0.11560524,8.6501
ITEM0501,calibration,visual,1,1,full,0.11560524,8.6501
ITEM0502,calibration,cognition,0,0,full,0.01091639,91.6054
ITEM0502,calibration,neuropathy,0,0,full,0.01091639,91.6054
ITEM0502,calibration,fatigue,0,0,full,0.01091639,91.6054
ITEM0502,calibration,pain,0,0,full,0.01091639,91.6054
ITEM0502,calibration,physical_function,0,0,full,0.01091639,91.6054
ITEM0502,calibration,swallowing,0,0,full,0.01091639,91.6054
ITEM0502,calibration,speech_voice,0,0,full,0.01091639,91.6054
ITEM0502,calibration,hearing,0,0,full,0.01091639,91.6054
ITEM0502,calibration,respiratory,0,0,full,0.01091639,91.6054
ITEM0502,calibration,bowel,0,0,full,0.01091639,91.6054
ITEM0502,calibration,urinary,0,0,full,0.01091639,91.6054
ITEM0502,calibration,sexual_reproductive,0,0,full,0.01091639,91.6054
ITEM0502,calibration,limb_lymphedema,0,0,full,0.01091639,91.6054
ITEM0502,calibration,visual,0,0,full,0.01091639,91.6054
ITEM0503,calibration,cognition,0,0,truncated,0.13073781,7.6489
ITEM0503,calibration,neuropathy,0,0,truncated,0.13073781,7.6489
ITEM0503,calibration,fatigue,0,0,truncated,0.13073781,7.6489
ITEM0503,calibration,pain,0,0,truncated,0.13073781,7.6489
ITEM0503,calibration,physical_function,0,0,truncated,0.13073781,7.6489
ITEM0503,calibration,swallowing,0,0,truncated,0.13073781,7.6489
ITEM0503,calibration,speech_voice,0,0,truncated,0.13073781,7.6489
ITEM0503,calibration,hearing,0,0,truncated,0.13073781,7.6489
ITEM0503,calibration,respiratory,0,0,truncated,0.13073781,7.6489
ITEM0503,calibration,bowel,0,0,truncated,0.13073781,7.6489
ITEM0503,calibration,urinary,1,1,truncated,0.13073781,7.6489
ITEM0503,calibration,sexual_reproductive,0,0,truncated,0.13073781,7.6489
ITEM0503,calibration,limb_lymphedema,0,0,truncated,0.13073781,7.6489
ITEM0503,calibration,visual,1,1,truncated,0.13073781,7.6489
ITEM0504,calibration,cognition,0,0,full,0.05162316,19.3711
ITEM0504,calibration,neuropathy,1,0,full,0.05162316,19.3711
ITEM0504,calibration,fatigue,1,0,full,0.05162316,19.3711
ITEM0504,calibration,pain,1,0,full,0.05162316,19.3711
ITEM0504,calibration,physical_function,0,0,full,0.05162316,19.3711
ITEM0504,calibration,swallowing,0,0,full,0.05162316,19.3711
ITEM0504,calibration,speech_voice,0,0,full,0.05162316,19.3711
ITEM0504,calibration,hearing,0,0,full,0.05162316,19.3711
ITEM0504,calibration,respiratory,0,0,full,0.05162316,19.3711
ITEM0504,calibration,bowel,1,0,full,0.05162316,19.3711
ITEM0504,calibration,urinary,0,0,full,0.05162316,19.3711
ITEM0504,calibration,sexual_reproductive,0,0,full,0.05162316,19.3711
ITEM0504,calibration,limb_lymphedema,0,0,full,0.05162316,19.3711
ITEM0504,calibration,visual,0,0,full,0.05162316,19.3711
ITEM0505,calibration,cognition,0,0,full,0.01406566,71.0951
ITEM0505,calibration,neuropathy,0,0,full,0.01406566,71.0951
ITEM0505,calibration,fatigue,0,0,full,0.01406566,71.0951
ITEM0505,calibration,pain,0,0,full,0.01406566,71.0951
ITEM0505,calibration,physical_function,0,0,full,0.01406566,71.0951
ITEM0505,calibration,swallowing,0,0,full,0.01406566,71.0951
ITEM0505,calibration,speech_voice,0,0,full,0.01406566,71.0951
ITEM0505,calibration,hearing,0,0,full,0.01406566,71.0951
ITEM0505,calibration,respiratory,0,0,full,0.01406566,71.0951
ITEM0505,calibration,bowel,1,0,full,0.01406566,71.0951
ITEM0505,calibration,urinary,0,0,full,0.01406566,71.0951
ITEM0505,calibration,sexual_reproductive,0,0,full,0.01406566,71.0951
ITEM0505,calibration,limb_lymphedema,0,0,full,0.01406566,71.0951
ITEM0505,calibration,visual,0,0,full,0.01406566,71.0951
ITEM0506,calibration,cognition,1,0,full,0.06490044,15.4082
ITEM0506,calibration,neuropathy,0,0,full,0.06490044,15.4082
ITEM0506,calibration,fatigue,1,0,full,0.06490044,15.4082
ITEM0506,calibration,pain,1,0,full,0.06490044,15.4082
ITEM0506,calibration,physical_function,0,0,full,0.06490044,15.4082
ITEM0506,calibration,swallowing,1,1,full,0.06490044,15.4082
ITEM0506,calibration,speech_voice,0,0,full,0.06490044,15.4082
ITEM0506,calibration,hearing,0,0,full,0.06490044,15.4082
ITEM0506,calibration,respiratory,0,0,full,0.06490044,15.4082
ITEM0506,calibration,bowel,0,0,full,0.06490044,15.4082
ITEM0506,calibration,urinary,0,0,full,0.06490044,15.4082
ITEM0506,calibration,sexual_reproductive,0,0,full,0.06490044,15.4082
ITEM0506,calibration,limb_lymphedema,0,0,full,0.06490044,15.4082
ITEM0506,calibration,visual,0,0,full,0.06490044,15.4082
ITEM0507,calibration,cognition,0,0,full,0.01183902,84.4665
ITEM0507,calibration,neuropathy,0,0,full,0.01183902,84.4665
ITEM0507,calibration,fatigue,1,1,full,0.01183902,84.4665
ITEM0507,calibration,pain,0,0,full,0.01183902,84.4665
ITEM0507,calibration,physical_function,0,0,full,0.01183902,84.4665
ITEM0507,calibration,swallowing,0,0,full,0.01183902,84.4665
ITEM0507,calibration,speech_voice,0,0,full,0.01183902,84.4665
ITEM0507,calibration,hearing,0,0,full,0.01183902,84.4665
ITEM0507,calibration,respiratory,0,0,full,0.01183902,84.4665
ITEM0507,calibration,bowel,0,0,full,0.01183902,84.4665
ITEM0507,calibration,urinary,0,0,full,0.01183902,84.4665
ITEM0507,calibration,sexual_reproductive,0,0,full,0.01183902,84.4665
ITEM0507,calibration,limb_lymphedema,0,0,full,0.01183902,84.4665
ITEM0507,calibration,visual,0,0,full,0.01183902,84.4665
ITEM0508,calibration,cognition,0,0,full,0.11560524,8.6501
ITEM0508,calibration,neuropathy,0,0,full,0.11560524,8.6501
ITEM0508,calibration,fatigue,0,0,full,0.11560524,8.6501
ITEM0508,calibration,pain,0,0,full,0.11560524,8.6501
ITEM0508,calibration,physical_function,0,0,full,0.11560524,8.6501
ITEM0508,calibration,swallowing,0,0,full,0.11560524,8.6501
ITEM0508,calibration,speech_voice,0,0,full,0.11560524,8.6501
ITEM0508,calibration,hearing,0,0,full,0.11560524,8.6501
ITEM0508,calibration,respiratory,0,0,full,0.11560524,8.6501
ITEM0508,calibration,bowel,0,0,full,0.11560524,8.6501
ITEM0508,calibration,urinary,0,0,full,0.11560524,8.6501
ITEM0508,calibration,sexual_reproductive,0,0,full,0.11560524,8.6501
ITEM0508,calibration,limb_lymphedema,0,0,full,0.11560524,8.6501
ITEM0508,calibration,visual,1,0,full,0.11560524,8.6501
ITEM0509,calibration,cognition,0,0,full,0.01091639,91.6054
ITEM0509,calibration,neuropathy,0,0,full,0.01091639,91.6054
ITEM0509,calibration,fatigue,0,0,full,0.01091639,91.6054
ITEM0509,calibration,pain,0,0,full,0.01091639,91.6054
ITEM0509,calibration,physical_function,0,0,full,0.01091639,91.6054
ITEM0509,calibration,swallowing,0,0,full,0.01091639,91.6054
ITEM0509,calibration,speech_voice,0,0,full,0.01091639,91.6054
ITEM0509,calibration,hearing,0,0,full,0.01091639,91.6054
ITEM0509,calibration,respiratory,0,0,full,0.01091639,91.6054
ITEM0509,calibration,bowel,0,0,full,0.01091639,91.6054
ITEM0509,calibration,urinary,0,0,full,0.01091639,91.6054
ITEM0509,calibration,sexual_reproductive,0,0,full,0.01091639,91.6054
ITEM0509,calibration,limb_lymphedema,0,0,full,0.01091639,91.6054
ITEM0509,calibration,visual,0,0,full,0.01091639,91.6054
ITEM0510,calibration,cognition,0,0,full,0.00706867,141.4694
ITEM0510,calibration,neuropathy,0,0,full,0.00706867,141.4694
ITEM0510,calibration,fatigue,0,0,full,0.00706867,141.4694
ITEM0510,calibration,pain,1,1,full,0.00706867,141.4694
ITEM0510,calibration,physical_function,0,0,full,0.00706867,141.4694
ITEM0510,calibration,swallowing,0,0,full,0.00706867,141.4694
ITEM0510,calibration,speech_voice,0,0,full,0.00706867,141.4694
ITEM0510,calibration,hearing,0,0,full,0.00706867,141.4694
ITEM0510,calibration,respiratory,0,0,full,0.00706867,141.4694
ITEM0510,calibration,bowel,0,0,full,0.00706867,141.4694
ITEM0510,calibration,urinary,0,0,full,0.00706867,141.4694
ITEM0510,calibration,sexual_reproductive,0,0,full,0.00706867,141.4694
ITEM0510,calibration,limb_lymphedema,0,0,full,0.00706867,141.4694
ITEM0510,calibration,visual,0,0,full,0.00706867,141.4694
ITEM0511,calibration,cognition,0,0,full,0.01091639,91.6054
ITEM0511,calibration,neuropathy,0,0,full,0.01091639,91.6054
ITEM0511,calibration,fatigue,0,0,full,0.01091639,91.6054
ITEM0511,calibration,pain,0,0,full,0.01091639,91.6054
ITEM0511,calibration,physical_function,0,0,full,0.01091639,91.6054
ITEM0511,calibration,swallowing,0,0,full,0.01091639,91.6054
ITEM0511,calibration,speech_voice,0,0,full,0.01091639,91.6054
ITEM0511,calibration,hearing,0,0,full,0.01091639,91.6054
ITEM0511,calibration,respiratory,0,0,full,0.01091639,91.6054
ITEM0511,calibration,bowel,0,0,full,0.01091639,91.6054
ITEM0511,calibration,urinary,0,0,full,0.01091639,91.6054
ITEM0511,calibration,sexual_reproductive,0,0,full,0.01091639,91.6054
ITEM0511,calibration,limb_lymphedema,0,0,full,0.01091639,91.6054
ITEM0511,calibration,visual,0,0,full,0.01091639,91.6054
ITEM0512,calibration,cognition,0,0,full,0.01406566,71.0951
ITEM0512,calibration,neuropathy,0,0,full,0.01406566,71.0951
ITEM0512,calibration,fatigue,0,0,full,0.01406566,71.0951
ITEM0512,calibration,pain,0,0,full,0.01406566,71.0951
ITEM0512,calibration,physical_function,0,0,full,0.01406566,71.0951
ITEM0512,calibration,swallowing,0,0,full,0.01406566,71.0951
ITEM0512,calibration,speech_voice,0,0,full,0.01406566,71.0951
ITEM0512,calibration,hearing,0,0,full,0.01406566,71.0951
ITEM0512,calibration,respiratory,0,0,full,0.01406566,71.0951
ITEM0512,calibration,bowel,1,0,full,0.01406566,71.0951
ITEM0512,calibration,urinary,0,0,full,0.01406566,71.0951
ITEM0512,calibration,sexual_reproductive,0,0,full,0.01406566,71.0951
ITEM0512,calibration,limb_lymphedema,0,0,full,0.01406566,71.0951
ITEM0512,calibration,visual,0,0,full,0.01406566,71.0951
ITEM0513,calibration,cognition,0,0,full,0.01406566,71.0951
ITEM0513,calibration,neuropathy,0,0,full,0.01406566,71.0951
ITEM0513,calibration,fatigue,0,0,full,0.01406566,71.0951
ITEM0513,calibration,pain,0,0,full,0.01406566,71.0951
ITEM0513,calibration,physical_function,0,0,full,0.01406566,71.0951
ITEM0513,calibration,swallowing,0,0,full,0.01406566,71.0951
ITEM0513,calibration,speech_voice,0,0,full,0.01406566,71.0951
ITEM0513,calibration,hearing,0,0,full,0.01406566,71.0951
ITEM0513,calibration,respiratory,0,0,full,0.01406566,71.0951
ITEM0513,calibration,bowel,1,0,full,0.01406566,71.0951
ITEM0513,calibration,urinary,0,0,full,0.01406566,71.0951
ITEM0513,calibration,sexual_reproductive,0,0,full,0.01406566,71.0951
ITEM0513,calibration,limb_lymphedema,0,0,full,0.01406566,71.0951
ITEM0513,calibration,visual,0,0,full,0.01406566,71.0951
ITEM0514,calibration,cognition,0,0,full,0.01091639,91.6054
ITEM0514,calibration,neuropathy,0,0,full,0.01091639,91.6054
ITEM0514,calibration,fatigue,0,0,full,0.01091639,91.6054
ITEM0514,calibration,pain,0,0,full,0.01091639,91.6054
ITEM0514,calibration,physical_function,0,0,full,0.01091639,91.6054
ITEM0514,calibration,swallowing,0,0,full,0.01091639,91.6054
ITEM0514,calibration,speech_voice,0,0,full,0.01091639,91.6054
ITEM0514,calibration,hearing,0,0,full,0.01091639,91.6054
ITEM0514,calibration,respiratory,0,0,full,0.01091639,91.6054
ITEM0514,calibration,bowel,0,0,full,0.01091639,91.6054
ITEM0514,calibration,urinary,0,0,full,0.01091639,91.6054
ITEM0514,calibration,sexual_reproductive,0,0,full,0.01091639,91.6054
ITEM0514,calibration,limb_lymphedema,0,0,full,0.01091639,91.6054
ITEM0514,calibration,visual,0,0,full,0.01091639,91.6054
ITEM0515,calibration,cognition,0,0,full,0.01091639,91.6054
ITEM0515,calibration,neuropathy,0,0,full,0.01091639,91.6054
ITEM0515,calibration,fatigue,0,0,full,0.01091639,91.6054
ITEM0515,calibration,pain,0,0,full,0.01091639,91.6054
ITEM0515,calibration,physical_function,0,0,full,0.01091639,91.6054
ITEM0515,calibration,swallowing,0,0,full,0.01091639,91.6054
ITEM0515,calibration,speech_voice,0,0,full,0.01091639,91.6054
ITEM0515,calibration,hearing,0,0,full,0.01091639,91.6054
ITEM0515,calibration,respiratory,0,0,full,0.01091639,91.6054
ITEM0515,calibration,bowel,0,0,full,0.01091639,91.6054
ITEM0515,calibration,urinary,0,0,full,0.01091639,91.6054
ITEM0515,calibration,sexual_reproductive,0,0,full,0.01091639,91.6054
ITEM0515,calibration,limb_lymphedema,0,0,full,0.01091639,91.6054
ITEM0515,calibration,visual,0,0,full,0.01091639,91.6054
ITEM0516,calibration,cognition,0,0,full,0.00706867,141.4694
ITEM0516,calibration,neuropathy,0,0,full,0.00706867,141.4694
ITEM0516,calibration,fatigue,0,0,full,0.00706867,141.4694
ITEM0516,calibration,pain,1,1,full,0.00706867,141.4694
ITEM0516,calibration,physical_function,0,0,full,0.00706867,141.4694
ITEM0516,calibration,swallowing,0,0,full,0.00706867,141.4694
ITEM0516,calibration,speech_voice,0,0,full,0.00706867,141.4694
ITEM0516,calibration,hearing,0,0,full,0.00706867,141.4694
ITEM0516,calibration,respiratory,0,0,full,0.00706867,141.4694
ITEM0516,calibration,bowel,0,0,full,0.00706867,141.4694
ITEM0516,calibration,urinary,0,0,full,0.00706867,141.4694
ITEM0516,calibration,sexual_reproductive,0,0,full,0.00706867,141.4694
ITEM0516,calibration,limb_lymphedema,0,0,full,0.00706867,141.4694
ITEM0516,calibration,visual,0,0,full,0.00706867,141.4694
ITEM0517,calibration,cognition,0,0,full,0.01091639,91.6054
ITEM0517,calibration,neuropathy,0,0,full,0.01091639,91.6054
ITEM0517,calibration,fatigue,0,0,full,0.01091639,91.6054
ITEM0517,calibration,pain,0,0,full,0.01091639,91.6054
ITEM0517,calibration,physical_function,0,0,full,0.01091639,91.6054
ITEM0517,calibration,swallowing,0,0,full,0.01091639,91.6054
ITEM0517,calibration,speech_voice,0,0,full,0.01091639,91.6054
ITEM0517,calibration,hearing,0,0,full,0.01091639,91.6054
ITEM0517,calibration,respiratory,0,0,full,0.01091639,91.6054
ITEM0517,calibration,bowel,0,0,full,0.01091639,91.6054
ITEM0517,calibration,urinary,0,0,full,0.01091639,91.6054
ITEM0517,calibration,sexual_reproductive,0,0,full,0.01091639,91.6054
ITEM0517,calibration,limb_lymphedema,0,0,full,0.01091639,91.6054
ITEM0517,calibration,visual,0,0,full,0.01091639,91.6054
ITEM0518,calibration,cognition,0,0,full,0.01091639,91.6054
ITEM0518,calibration,neuropathy,0,0,full,0.01091639,91.6054
ITEM0518,calibration,fatigue,0,0,full,0.01091639,91.6054
ITEM0518,calibration,pain,0,0,full,0.01091639,91.6054
ITEM0518,calibration,physical_function,0,0,full,0.01091639,91.6054
ITEM0518,calibration,swallowing,0,0,full,0.01091639,91.6054
ITEM0518,calibration,speech_voice,0,0,full,0.01091639,91.6054
ITEM0518,calibration,hearing,0,0,full,0.01091639,91.6054
ITEM0518,calibration,respiratory,0,0,full,0.01091639,91.6054
ITEM0518,calibration,bowel,0,0,full,0.01091639,91.6054
ITEM0518,calibration,urinary,0,0,full,0.01091639,91.6054
ITEM0518,calibration,sexual_reproductive,0,0,full,0.01091639,91.6054
ITEM0518,calibration,limb_lymphedema,0,0,full,0.01091639,91.6054
ITEM0518,calibration,visual,0,0,full,0.01091639,91.6054
ITEM0519,calibration,cognition,0,0,truncated,0.01091639,91.6054
ITEM0519,calibration,neuropathy,0,0,truncated,0.01091639,91.6054
ITEM0519,calibration,fatigue,0,0,truncated,0.01091639,91.6054
ITEM0519,calibration,pain,0,0,truncated,0.01091639,91.6054
ITEM0519,calibration,physical_function,0,0,truncated,0.01091639,91.6054
ITEM0519,calibration,swallowing,0,0,truncated,0.01091639,91.6054
ITEM0519,calibration,speech_voice,0,0,truncated,0.01091639,91.6054
ITEM0519,calibration,hearing,0,0,truncated,0.01091639,91.6054
ITEM0519,calibration,respiratory,0,0,truncated,0.01091639,91.6054
ITEM0519,calibration,bowel,0,0,truncated,0.01091639,91.6054
ITEM0519,calibration,urinary,0,0,truncated,0.01091639,91.6054
ITEM0519,calibration,sexual_reproductive,0,0,truncated,0.01091639,91.6054
ITEM0519,calibration,limb_lymphedema,0,0,truncated,0.01091639,91.6054
ITEM0519,calibration,visual,0,0,truncated,0.01091639,91.6054
ITEM0520,calibration,cognition,0,0,full,0.12437818,8.0400
ITEM0520,calibration,neuropathy,0,0,full,0.12437818,8.0400
ITEM0520,calibration,fatigue,0,0,full,0.12437818,8.0400
ITEM0520,calibration,pain,0,0,full,0.12437818,8.0400
ITEM0520,calibration,physical_function,1,0,full,0.12437818,8.0400
ITEM0520,calibration,swallowing,0,0,full,0.12437818,8.0400
ITEM0520,calibration,speech_voice,0,0,full,0.12437818,8.0400
ITEM0520,calibration,hearing,0,0,full,0.12437818,8.0400
ITEM0520,calibration,respiratory,0,0,full,0.12437818,8.0400
ITEM0520,calibration,bowel,0,0,full,0.12437818,8.0400
ITEM0520,calibration,urinary,0,0,full,0.12437818,8.0400
ITEM0520,calibration,sexual_reproductive,0,0,full,0.12437818,8.0400
ITEM0520,calibration,limb_lymphedema,0,0,full,0.12437818,8.0400
ITEM0520,calibration,visual,1,1,full,0.12437818,8.0400
ITEM0521,calibration,cognition,0,0,full,0.01206549,82.8810
ITEM0521,calibration,neuropathy,0,0,full,0.01206549,82.8810
ITEM0521,calibration,fatigue,0,0,full,0.01206549,82.8810
ITEM0521,calibration,pain,0,0,full,0.01206549,82.8810
ITEM0521,calibration,physical_function,1,1,full,0.01206549,82.8810
ITEM0521,calibration,swallowing,0,0,full,0.01206549,82.8810
ITEM0521,calibration,speech_voice,0,0,full,0.01206549,82.8810
ITEM0521,calibration,hearing,0,0,full,0.01206549,82.8810
ITEM0521,calibration,respiratory,0,0,full,0.01206549,82.8810
ITEM0521,calibration,bowel,0,0,full,0.01206549,82.8810
ITEM0521,calibration,urinary,0,0,full,0.01206549,82.8810
ITEM0521,calibration,sexual_reproductive,0,0,full,0.01206549,82.8810
ITEM0521,calibration,limb_lymphedema,0,0,full,0.01206549,82.8810
ITEM0521,calibration,visual,0,0,full,0.01206549,82.8810
ITEM0522,calibration,cognition,1,0,full,0.03668945,27.2558
ITEM0522,calibration,neuropathy,0,0,full,0.03668945,27.2558
ITEM0522,calibration,fatigue,1,0,full,0.03668945,27.2558
ITEM0522,calibration,pain,0,0,full,0.03668945,27.2558
ITEM0522,calibration,physical_function,0,0,full,0.03668945,27.2558
ITEM0522,calibration,swallowing,0,0,full,0.03668945,27.2558
ITEM0522,calibration,speech_voice,0,0,full,0.03668945,27.2558
ITEM0522,calibration,hearing,0,0,full,0.03668945,27.2558
ITEM0522,calibration,respiratory,0,0,full,0.03668945,27.2558
ITEM0522,calibration,bowel,1,0,full,0.03668945,27.2558
ITEM0522,calibration,urinary,0,0,full,0.03668945,27.2558
ITEM0522,calibration,sexual_reproductive,0,0,full,0.03668945,27.2558
ITEM0522,calibration,limb_lymphedema,0,0,full,0.03668945,27.2558
ITEM0522,calibration,visual,0,0,full,0.03668945,27.2558
ITEM0523,calibration,cognition,1,1,full,0.02506409,39.8977
ITEM0523,calibration,neuropathy,0,0,full,0.02506409,39.8977
ITEM0523,calibration,fatigue,1,0,full,0.02506409,39.8977
ITEM0523,calibration,pain,0,0,full,0.02506409,39.8977
ITEM0523,calibration,physical_function,0,0,full,0.02506409,39.8977
ITEM0523,calibration,swallowing,0,0,full,0.02506409,39.8977
ITEM0523,calibration,speech_voice,0,0,full,0.02506409,39.8977
ITEM0523,calibration,hearing,0,0,full,0.02506409,39.8977
ITEM0523,calibration,respiratory,0,0,full,0.02506409,39.8977
ITEM0523,calibration,bowel,0,0,full,0.02506409,39.8977
ITEM0523,calibration,urinary,0,0,full,0.02506409,39.8977
ITEM0523,calibration,sexual_reproductive,0,0,full,0.02506409,39.8977
ITEM0523,calibration,limb_lymphedema,0,0,full,0.02506409,39.8977
ITEM0523,calibration,visual,0,0,full,0.02506409,39.8977
ITEM0524,calibration,cognition,1,1,full,0.06345283,15.7597
ITEM0524,calibration,neuropathy,0,0,full,0.06345283,15.7597
ITEM0524,calibration,fatigue,1,1,full,0.06345283,15.7597
ITEM0524,calibration,pain,1,0,full,0.06345283,15.7597
ITEM0524,calibration,physical_function,0,0,full,0.06345283,15.7597
ITEM0524,calibration,swallowing,0,0,full,0.06345283,15.7597
ITEM0524,calibration,speech_voice,0,0,full,0.06345283,15.7597
ITEM0524,calibration,hearing,0,0,full,0.06345283,15.7597
ITEM0524,calibration,respiratory,1,1,full,0.06345283,15.7597
ITEM0524,calibration,bowel,1,0,full,0.06345283,15.7597
ITEM0524,calibration,urinary,0,0,full,0.06345283,15.7597
ITEM0524,calibration,sexual_reproductive,0,0,full,0.06345283,15.7597
ITEM0524,calibration,limb_lymphedema,0,0,full,0.06345283,15.7597
ITEM0524,calibration,visual,0,0,full,0.06345283,15.7597
ITEM0525,calibration,cognition,0,0,full,0.02599935,38.4625
ITEM0525,calibration,neuropathy,1,1,full,0.02599935,38.4625
ITEM0525,calibration,fatigue,0,0,full,0.02599935,38.4625
ITEM0525,calibration,pain,0,0,full,0.02599935,38.4625
ITEM0525,calibration,physical_function,0,0,full,0.02599935,38.4625
ITEM0525,calibration,swallowing,0,0,full,0.02599935,38.4625
ITEM0525,calibration,speech_voice,0,0,full,0.02599935,38.4625
ITEM0525,calibration,hearing,0,0,full,0.02599935,38.4625
ITEM0525,calibration,respiratory,0,0,full,0.02599935,38.4625
ITEM0525,calibration,bowel,0,0,full,0.02599935,38.4625
ITEM0525,calibration,urinary,0,0,full,0.02599935,38.4625
ITEM0525,calibration,sexual_reproductive,0,0,full,0.02599935,38.4625
ITEM0525,calibration,limb_lymphedema,0,0,full,0.02599935,38.4625
ITEM0525,calibration,visual,0,0,full,0.02599935,38.4625
ITEM0526,calibration,cognition,0,0,full,0.04512277,22.1618
ITEM0526,calibration,neuropathy,0,0,full,0.04512277,22.1618
ITEM0526,calibration,fatigue,0,0,full,0.04512277,22.1618
ITEM0526,calibration,pain,0,0,full,0.04512277,22.1618
ITEM0526,calibration,physical_function,0,0,full,0.04512277,22.1618
ITEM0526,calibration,swallowing,0,0,full,0.04512277,22.1618
ITEM0526,calibration,speech_voice,0,0,full,0.04512277,22.1618
ITEM0526,calibration,hearing,0,0,full,0.04512277,22.1618
ITEM0526,calibration,respiratory,0,0,full,0.04512277,22.1618
ITEM0526,calibration,bowel,0,0,full,0.04512277,22.1618
ITEM0526,calibration,urinary,1,0,full,0.04512277,22.1618
ITEM0526,calibration,sexual_reproductive,1,0,full,0.04512277,22.1618
ITEM0526,calibration,limb_lymphedema,0,0,full,0.04512277,22.1618
ITEM0526,calibration,visual,0,0,full,0.04512277,22.1618
ITEM0527,calibration,cognition,0,0,full,0.01924085,51.9728
ITEM0527,calibration,neuropathy,0,0,full,0.01924085,51.9728
ITEM0527,calibration,fatigue,0,0,full,0.01924085,51.9728
ITEM0527,calibration,pain,0,0,full,0.01924085,51.9728
ITEM0527,calibration,physical_function,0,0,full,0.01924085,51.9728
ITEM0527,calibration,swallowing,0,0,full,0.01924085,51.9728
ITEM0527,calibration,speech_voice,0,0,full,0.01924085,51.9728
ITEM0527,calibration,hearing,0,0,full,0.01924085,51.9728
ITEM0527,calibration,respiratory,0,0,full,0.01924085,51.9728
ITEM0527,calibration,bowel,0,0,full,0.01924085,51.9728
ITEM0527,calibration,urinary,1,0,full,0.01924085,51.9728
ITEM0527,calibration,sexual_reproductive,0,0,full,0.01924085,51.9728
ITEM0527,calibration,limb_lymphedema,0,0,full,0.01924085,51.9728
ITEM0527,calibration,visual,0,0,full,0.01924085,51.9728
ITEM0528,calibration,cognition,0,0,full,0.08352330,11.9727
ITEM0528,calibration,neuropathy,0,0,full,0.08352330,11.9727
ITEM0528,calibration,fatigue,0,0,full,0.08352330,11.9727
ITEM0528,calibration,pain,1,0,full,0.08352330,11.9727
ITEM0528,calibration,physical_function,1,1,full,0.08352330,11.9727
ITEM0528,calibration,swallowing,0,0,full,0.08352330,11.9727
ITEM0528,calibration,speech_voice,0,0,full,0.08352330,11.9727
ITEM0528,calibration,hearing,0,0,full,0.08352330,11.9727
ITEM0528,calibration,respiratory,0,0,full,0.08352330,11.9727
ITEM0528,calibration,bowel,0,0,full,0.08352330,11.9727
ITEM0528,calibration,urinary,0,0,full,0.08352330,11.9727
ITEM0528,calibration,sexual_reproductive,0,0,full,0.08352330,11.9727
ITEM0528,calibration,limb_lymphedema,1,1,full,0.08352330,11.9727
ITEM0528,calibration,visual,0,0,full,0.08352330,11.9727
ITEM0529,calibration,cognition,0,0,full,0.04882275,20.4823
ITEM0529,calibration,neuropathy,0,0,full,0.04882275,20.4823
ITEM0529,calibration,fatigue,1,0,full,0.04882275,20.4823
ITEM0529,calibration,pain,1,0,full,0.04882275,20.4823
ITEM0529,calibration,physical_function,1,0,full,0.04882275,20.4823
ITEM0529,calibration,swallowing,0,0,full,0.04882275,20.4823
ITEM0529,calibration,speech_voice,0,0,full,0.04882275,20.4823
ITEM0529,calibration,hearing,0,0,full,0.04882275,20.4823
ITEM0529,calibration,respiratory,1,0,full,0.04882275,20.4823
ITEM0529,calibration,bowel,0,0,full,0.04882275,20.4823
ITEM0529,calibration,urinary,0,0,full,0.04882275,20.4823
ITEM0529,calibration,sexual_reproductive,0,0,full,0.04882275,20.4823
ITEM0529,calibration,limb_lymphedema,0,0,full,0.04882275,20.4823
ITEM0529,calibration,visual,0,0,full,0.04882275,20.4823
ITEM0530,calibration,cognition,0,0,full,0.01091639,91.6054
ITEM0530,calibration,neuropathy,0,0,full,0.01091639,91.6054
ITEM0530,calibration,fatigue,0,0,full,0.01091639,91.6054
ITEM0530,calibration,pain,0,0,full,0.01091639,91.6054
ITEM0530,calibration,physical_function,0,0,full,0.01091639,91.6054
ITEM0530,calibration,swallowing,0,0,full,0.01091639,91.6054
ITEM0530,calibration,speech_voice,0,0,full,0.01091639,91.6054
ITEM0530,calibration,hearing,0,0,full,0.01091639,91.6054
ITEM0530,calibration,respiratory,0,0,full,0.01091639,91.6054
ITEM0530,calibration,bowel,0,0,full,0.01091639,91.6054
ITEM0530,calibration,urinary,0,0,full,0.01091639,91.6054
ITEM0530,calibration,sexual_reproductive,0,0,full,0.01091639,91.6054
ITEM0530,calibration,limb_lymphedema,0,0,full,0.01091639,91.6054
ITEM0530,calibration,visual,0,0,full,0.01091639,91.6054
ITEM0531,calibration,cognition,1,1,full,0.07274311,13.7470
ITEM0531,calibration,neuropathy,0,0,full,0.07274311,13.7470
ITEM0531,calibration,fatigue,1,1,full,0.07274311,13.7470
ITEM0531,calibration,pain,1,1,full,0.07274311,13.7470
ITEM0531,calibration,physical_function,1,0,full,0.07274311,13.7470
ITEM0531,calibration,swallowing,0,0,full,0.07274311,13.7470
ITEM0531,calibration,speech_voice,0,0,full,0.07274311,13.7470
ITEM0531,calibration,hearing,0,0,full,0.07274311,13.7470
ITEM0531,calibration,respiratory,1,1,full,0.07274311,13.7470
ITEM0531,calibration,bowel,1,0,full,0.07274311,13.7470
ITEM0531,calibration,urinary,0,0,full,0.07274311,13.7470
ITEM0531,calibration,sexual_reproductive,0,0,full,0.07274311,13.7470
ITEM0531,calibration,limb_lymphedema,0,0,full,0.07274311,13.7470
ITEM0531,calibration,visual,0,0,full,0.07274311,13.7470
ITEM0532,calibration,cognition,1,1,full,0.07274311,13.7470
ITEM0532,calibration,neuropathy,0,0,full,0.07274311,13.7470
ITEM0532,calibration,fatigue,1,1,full,0.07274311,13.7470
ITEM0532,calibration,pain,1,1,full,0.07274311,13.7470
ITEM0532,calibration,physical_function,1,1,full,0.07274311,13.7470
ITEM0532,calibration,swallowing,0,0,full,0.07274311,13.7470
ITEM0532,calibration,speech_voice,0,0,full,0.07274311,13.7470
ITEM0532,calibration,hearing,0,0,full,0.07274311,13.7470
ITEM0532,calibration,respiratory,1,1,full,0.07274311,13.7470
ITEM0532,calibration,bowel,1,0,full,0.07274311,13.7470
ITEM0532,calibration,urinary,0,0,full,0.07274311,13.7470
ITEM0532,calibration,sexual_reproductive,0,0,full,0.07274311,13.7470
ITEM0532,calibration,limb_lymphedema,0,0,full,0.07274311,13.7470
ITEM0532,calibration,visual,0,0,full,0.07274311,13.7470
ITEM0533,calibration,cognition,0,0,truncated,0.01091639,91.6054
ITEM0533,calibration,neuropathy,0,0,truncated,0.01091639,91.6054
ITEM0533,calibration,fatigue,0,0,truncated,0.01091639,91.6054
ITEM0533,calibration,pain,0,0,truncated,0.01091639,91.6054
ITEM0533,calibration,physical_function,0,0,truncated,0.01091639,91.6054
ITEM0533,calibration,swallowing,0,0,truncated,0.01091639,91.6054
ITEM0533,calibration,speech_voice,0,0,truncated,0.01091639,91.6054
ITEM0533,calibration,hearing,0,0,truncated,0.01091639,91.6054
ITEM0533,calibration,respiratory,0,0,truncated,0.01091639,91.6054
ITEM0533,calibration,bowel,0,0,truncated,0.01091639,91.6054
ITEM0533,calibration,urinary,0,0,truncated,0.01091639,91.6054
ITEM0533,calibration,sexual_reproductive,0,0,truncated,0.01091639,91.6054
ITEM0533,calibration,limb_lymphedema,0,0,truncated,0.01091639,91.6054
ITEM0533,calibration,visual,0,0,truncated,0.01091639,91.6054
ITEM0534,calibration,cognition,0,0,full,0.01091639,91.6054
ITEM0534,calibration,neuropathy,0,0,full,0.01091639,91.6054
ITEM0534,calibration,fatigue,0,0,full,0.01091639,91.6054
ITEM0534,calibration,pain,0,0,full,0.01091639,91.6054
ITEM0534,calibration,physical_function,0,0,full,0.01091639,91.6054
ITEM0534,calibration,swallowing,0,0,full,0.01091639,91.6054
ITEM0534,calibration,speech_voice,0,0,full,0.01091639,91.6054
ITEM0534,calibration,hearing,0,0,full,0.01091639,91.6054
ITEM0534,calibration,respiratory,0,0,full,0.01091639,91.6054
ITEM0534,calibration,bowel,0,0,full,0.01091639,91.6054
ITEM0534,calibration,urinary,0,0,full,0.01091639,91.6054
ITEM0534,calibration,sexual_reproductive,0,0,full,0.01091639,91.6054
ITEM0534,calibration,limb_lymphedema,0,0,full,0.01091639,91.6054
ITEM0534,calibration,visual,0,0,full,0.01091639,91.6054
ITEM0535,calibration,cognition,0,0,full,0.01091639,91.6054
ITEM0535,calibration,neuropathy,0,0,full,0.01091639,91.6054
ITEM0535,calibration,fatigue,0,0,full,0.01091639,91.6054
ITEM0535,calibration,pain,0,0,full,0.01091639,91.6054
ITEM0535,calibration,physical_function,0,0,full,0.01091639,91.6054
ITEM0535,calibration,swallowing,0,0,full,0.01091639,91.6054
ITEM0535,calibration,speech_voice,0,0,full,0.01091639,91.6054
ITEM0535,calibration,hearing,0,0,full,0.01091639,91.6054
ITEM0535,calibration,respiratory,0,0,full,0.01091639,91.6054
ITEM0535,calibration,bowel,0,0,full,0.01091639,91.6054
ITEM0535,calibration,urinary,0,0,full,0.01091639,91.6054
ITEM0535,calibration,sexual_reproductive,0,0,full,0.01091639,91.6054
ITEM0535,calibration,limb_lymphedema,0,0,full,0.01091639,91.6054
ITEM0535,calibration,visual,0,0,full,0.01091639,91.6054
ITEM0536,calibration,cognition,0,0,full,0.01924085,51.9728
ITEM0536,calibration,neuropathy,0,0,full,0.01924085,51.9728
ITEM0536,calibration,fatigue,0,0,full,0.01924085,51.9728
ITEM0536,calibration,pain,0,0,full,0.01924085,51.9728
ITEM0536,calibration,physical_function,0,0,full,0.01924085,51.9728
ITEM0536,calibration,swallowing,0,0,full,0.01924085,51.9728
ITEM0536,calibration,speech_voice,0,0,full,0.01924085,51.9728
ITEM0536,calibration,hearing,0,0,full,0.01924085,51.9728
ITEM0536,calibration,respiratory,0,0,full,0.01924085,51.9728
ITEM0536,calibration,bowel,0,0,full,0.01924085,51.9728
ITEM0536,calibration,urinary,1,0,full,0.01924085,51.9728
ITEM0536,calibration,sexual_reproductive,0,0,full,0.01924085,51.9728
ITEM0536,calibration,limb_lymphedema,0,0,full,0.01924085,51.9728
ITEM0536,calibration,visual,0,0,full,0.01924085,51.9728
ITEM0537,calibration,cognition,0,0,full,0.05435141,18.3988
ITEM0537,calibration,neuropathy,0,0,full,0.05435141,18.3988
ITEM0537,calibration,fatigue,0,0,full,0.05435141,18.3988
ITEM0537,calibration,pain,1,0,full,0.05435141,18.3988
ITEM0537,calibration,physical_function,0,0,full,0.05435141,18.3988
ITEM0537,calibration,swallowing,1,1,full,0.05435141,18.3988
ITEM0537,calibration,speech_voice,0,0,full,0.05435141,18.3988
ITEM0537,calibration,hearing,0,0,full,0.05435141,18.3988
ITEM0537,calibration,respiratory,0,0,full,0.05435141,18.3988
ITEM0537,calibration,bowel,1,0,full,0.05435141,18.3988
ITEM0537,calibration,urinary,0,0,full,0.05435141,18.3988
ITEM0537,calibration,sexual_reproductive,0,0,full,0.05435141,18.3988
ITEM0537,calibration,limb_lymphedema,0,0,full,0.05435141,18.3988
ITEM0537,calibration,visual,0,0,full,0.05435141,18.3988
ITEM0538,calibration,cognition,0,0,full,0.00706867,141.4694
ITEM0538,calibration,neuropathy,0,0,full,0.00706867,141.4694
ITEM0538,calibration,fatigue,0,0,full,0.00706867,141.4694
ITEM0538,calibration,pain,1,0,full,0.00706867,141.4694
ITEM0538,calibration,physical_function,0,0,full,0.00706867,141.4694
ITEM0538,calibration,swallowing,0,0,full,0.00706867,141.4694
ITEM0538,calibration,speech_voice,0,0,full,0.00706867,141.4694
ITEM0538,calibration,hearing,0,0,full,0.00706867,141.4694
ITEM0538,calibration,respiratory,0,0,full,0.00706867,141.4694
ITEM0538,calibration,bowel,0,0,full,0.00706867,141.4694
ITEM0538,calibration,urinary,0,0,full,0.00706867,141.4694
ITEM0538,calibration,sexual_reproductive,0,0,full,0.00706867,141.4694
ITEM0538,calibration,limb_lymphedema,0,0,full,0.00706867,141.4694
ITEM0538,calibration,visual,0,0,full,0.00706867,141.4694
ITEM0539,calibration,cognition,1,1,full,0.07274311,13.7470
ITEM0539,calibration,neuropathy,0,0,full,0.07274311,13.7470
ITEM0539,calibration,fatigue,1,1,full,0.07274311,13.7470
ITEM0539,calibration,pain,1,1,full,0.07274311,13.7470
ITEM0539,calibration,physical_function,1,0,full,0.07274311,13.7470
ITEM0539,calibration,swallowing,0,0,full,0.07274311,13.7470
ITEM0539,calibration,speech_voice,0,0,full,0.07274311,13.7470
ITEM0539,calibration,hearing,0,0,full,0.07274311,13.7470
ITEM0539,calibration,respiratory,1,0,full,0.07274311,13.7470
ITEM0539,calibration,bowel,1,0,full,0.07274311,13.7470
ITEM0539,calibration,urinary,0,0,full,0.07274311,13.7470
ITEM0539,calibration,sexual_reproductive,0,0,full,0.07274311,13.7470
ITEM0539,calibration,limb_lymphedema,0,0,full,0.07274311,13.7470
ITEM0539,calibration,visual,0,0,full,0.07274311,13.7470
ITEM0540,calibration,cognition,0,0,full,0.01206549,82.8810
ITEM0540,calibration,neuropathy,0,0,full,0.01206549,82.8810
ITEM0540,calibration,fatigue,0,0,full,0.01206549,82.8810
ITEM0540,calibration,pain,0,0,full,0.01206549,82.8810
ITEM0540,calibration,physical_function,1,0,full,0.01206549,82.8810
ITEM0540,calibration,swallowing,0,0,full,0.01206549,82.8810
ITEM0540,calibration,speech_voice,0,0,full,0.01206549,82.8810
ITEM0540,calibration,hearing,0,0,full,0.01206549,82.8810
ITEM0540,calibration,respiratory,0,0,full,0.01206549,82.8810
ITEM0540,calibration,bowel,0,0,full,0.01206549,82.8810
ITEM0540,calibration,urinary,0,0,full,0.01206549,82.8810
ITEM0540,calibration,sexual_reproductive,0,0,full,0.01206549,82.8810
ITEM0540,calibration,limb_lymphedema,0,0,full,0.01206549,82.8810
ITEM0540,calibration,visual,0,0,full,0.01206549,82.8810
ITEM0541,calibration,cognition,0,0,full,0.01091639,91.6054
ITEM0541,calibration,neuropathy,0,0,full,0.01091639,91.6054
ITEM0541,calibration,fatigue,0,0,full,0.01091639,91.6054
ITEM0541,calibration,pain,0,0,full,0.01091639,91.6054
ITEM0541,calibration,physical_function,0,0,full,0.01091639,91.6054
ITEM0541,calibration,swallowing,0,0,full,0.01091639,91.6054
ITEM0541,calibration,speech_voice,0,0,full,0.01091639,91.6054
ITEM0541,calibration,hearing,0,0,full,0.01091639,91.6054
ITEM0541,calibration,respiratory,0,0,full,0.01091639,91.6054
ITEM0541,calibration,bowel,0,0,full,0.01091639,91.6054
ITEM0541,calibration,urinary,0,0,full,0.01091639,91.6054
ITEM0541,calibration,sexual_reproductive,0,0,full,0.01091639,91.6054
ITEM0541,calibration,limb_lymphedema,0,0,full,0.01091639,91.6054
ITEM0541,calibration,visual,0,0,full,0.01091639,91.6054
ITEM0542,calibration,cognition,1,0,full,0.09728644,10.2789
ITEM0542,calibration,neuropathy,0,0,full,0.09728644,10.2789
ITEM0542,calibration,fatigue,1,0,full,0.09728644,10.2789
ITEM0542,calibration,pain,1,0,full,0.09728644,10.2789
ITEM0542,calibration,physical_function,0,0,full,0.09728644,10.2789
ITEM0542,calibration,swallowing,1,0,full,0.09728644,10.2789
ITEM0542,calibration,speech_voice,0,0,full,0.09728644,10.2789
ITEM0542,calibration,hearing,0,0,full,0.09728644,10.2789
ITEM0542,calibration,respiratory,1,0,full,0.09728644,10.2789
ITEM0542,calibration,bowel,1,0,full,0.09728644,10.2789
ITEM0542,calibration,urinary,0,0,full,0.09728644,10.2789
ITEM0542,calibration,sexual_reproductive,0,0,full,0.09728644,10.2789
ITEM0542,calibration,limb_lymphedema,0,0,full,0.09728644,10.2789
ITEM0542,calibration,visual,0,0,full,0.09728644,10.2789
ITEM0543,calibration,cognition,0,0,full,0.01183902,84.4665
ITEM0543,calibration,neuropathy,0,0,full,0.01183902,84.4665
ITEM0543,calibration,fatigue,1,0,full,0.01183902,84.4665
ITEM0543,calibration,pain,0,0,full,0.01183902,84.4665
ITEM0543,calibration,physical_function,0,0,full,0.01183902,84.4665
ITEM0543,calibration,swallowing,0,0,full,0.01183902,84.4665
ITEM0543,calibration,speech_voice,0,0,full,0.01183902,84.4665
ITEM0543,calibration,hearing,0,0,full,0.01183902,84.4665
ITEM0543,calibration,respiratory,0,0,full,0.01183902,84.4665
ITEM0543,calibration,bowel,0,0,full,0.01183902,84.4665
ITEM0543,calibration,urinary,0,0,full,0.01183902,84.4665
ITEM0543,calibration,sexual_reproductive,0,0,full,0.01183902,84.4665
ITEM0543,calibration,limb_lymphedema,0,0,full,0.01183902,84.4665
ITEM0543,calibration,visual,0,0,full,0.01183902,84.4665
ITEM0544,calibration,cognition,0,0,full,0.04293921,23.2887
ITEM0544,calibration,neuropathy,0,0,full,0.04293921,23.2887
ITEM0544,calibration,fatigue,0,0,full,0.04293921,23.2887
ITEM0544,calibration,pain,1,0,full,0.04293921,23.2887
ITEM0544,calibration,physical_function,0,0,full,0.04293921,23.2887
ITEM0544,calibration,swallowing,1,0,full,0.04293921,23.2887
ITEM0544,calibration,speech_voice,0,0,full,0.04293921,23.2887
ITEM0544,calibration,hearing,0,0,full,0.04293921,23.2887
ITEM0544,calibration,respiratory,0,0,full,0.04293921,23.2887
ITEM0544,calibration,bowel,0,0,full,0.04293921,23.2887
ITEM0544,calibration,urinary,0,0,full,0.04293921,23.2887
ITEM0544,calibration,sexual_reproductive,0,0,full,0.04293921,23.2887
ITEM0544,calibration,limb_lymphedema,0,0,full,0.04293921,23.2887
ITEM0544,calibration,visual,0,0,full,0.04293921,23.2887
ITEM0545,calibration,cognition,0,0,full,0.01091639,91.6054
ITEM0545,calibration,neuropathy,0,0,full,0.01091639,91.6054
ITEM0545,calibration,fatigue,0,0,full,0.01091639,91.6054
ITEM0545,calibration,pain,0,0,full,0.01091639,91.6054
ITEM0545,calibration,physical_function,0,0,full,0.01091639,91.6054
ITEM0545,calibration,swallowing,0,0,full,0.01091639,91.6054
ITEM0545,calibration,speech_voice,0,0,full,0.01091639,91.6054
ITEM0545,calibration,hearing,0,0,full,0.01091639,91.6054
ITEM0545,calibration,respiratory,0,0,full,0.01091639,91.6054
ITEM0545,calibration,bowel,0,0,full,0.01091639,91.6054
ITEM0545,calibration,urinary,0,0,full,0.01091639,91.6054
ITEM0545,calibration,sexual_reproductive,0,0,full,0.01091639,91.6054
ITEM0545,calibration,limb_lymphedema,0,0,full,0.01091639,91.6054
ITEM0545,calibration,visual,0,0,full,0.01091639,91.6054
ITEM0546,calibration,cognition,0,0,full,0.04606273,21.7095
ITEM0546,calibration,neuropathy,0,0,full,0.04606273,21.7095
ITEM0546,calibration,fatigue,1,0,full,0.04606273,21.7095
ITEM0546,calibration,pain,0,0,full,0.04606273,21.7095
ITEM0546,calibration,physical_function,0,0,full,0.04606273,21.7095
ITEM0546,calibration,swallowing,0,0,full,0.04606273,21.7095
ITEM0546,calibration,speech_voice,0,0,full,0.04606273,21.7095
ITEM0546,calibration,hearing,0,0,full,0.04606273,21.7095
ITEM0546,calibration,respiratory,1,0,full,0.04606273,21.7095
ITEM0546,calibration,bowel,1,0,full,0.04606273,21.7095
ITEM0546,calibration,urinary,0,0,full,0.04606273,21.7095
ITEM0546,calibration,sexual_reproductive,0,0,full,0.04606273,21.7095
ITEM0546,calibration,limb_lymphedema,0,0,full,0.04606273,21.7095
ITEM0546,calibration,visual,0,0,full,0.04606273,21.7095
ITEM0547,calibration,cognition,0,0,full,0.01091639,91.6054
ITEM0547,calibration,neuropathy,0,0,full,0.01091639,91.6054
ITEM0547,calibration,fatigue,0,0,full,0.01091639,91.6054
ITEM0547,calibration,pain,0,0,full,0.01091639,91.6054
ITEM0547,calibration,physical_function,0,0,full,0.01091639,91.6054
ITEM0547,calibration,swallowing,0,0,full,0.01091639,91.6054
ITEM0547,calibration,speech_voice,0,0,full,0.01091639,91.6054
ITEM0547,calibration,hearing,0,0,full,0.01091639,91.6054
ITEM0547,calibration,respiratory,0,0,full,0.01091639,91.6054
ITEM0547,calibration,bowel,0,0,full,0.01091639,91.6054
ITEM0547,calibration,urinary,0,0,full,0.01091639,91.6054
ITEM0547,calibration,sexual_reproductive,0,0,full,0.01091639,91.6054
ITEM0547,calibration,limb_lymphedema,0,0,full,0.01091639,91.6054
ITEM0547,calibration,visual,0,0,full,0.01091639,91.6054
ITEM0548,calibration,cognition,0,0,full,0.03569572,28.0146
ITEM0548,calibration,neuropathy,0,0,full,0.03569572,28.0146
ITEM0548,calibration,fatigue,0,0,full,0.03569572,28.0146
ITEM0548,calibration,pain,1,0,full,0.03569572,28.0146
ITEM0548,calibration,physical_function,0,0,full,0.03569572,28.0146
ITEM0548,calibration,swallowing,0,0,full,0.03569572,28.0146
ITEM0548,calibration,speech_voice,0,0,full,0.03569572,28.0146
ITEM0548,calibration,hearing,0,0,full,0.03569572,28.0146
ITEM0548,calibration,respiratory,0,0,full,0.03569572,28.0146
ITEM0548,calibration,bowel,1,0,full,0.03569572,28.0146
ITEM0548,calibration,urinary,1,0,full,0.03569572,28.0146
ITEM0548,calibration,sexual_reproductive,0,0,full,0.03569572,28.0146
ITEM0548,calibration,limb_lymphedema,0,0,full,0.03569572,28.0146
ITEM0548,calibration,visual,0,0,full,0.03569572,28.0146
ITEM0549,calibration,cognition,0,0,full,0.02384584,41.9360
ITEM0549,calibration,neuropathy,0,0,full,0.02384584,41.9360
ITEM0549,calibration,fatigue,0,0,full,0.02384584,41.9360
ITEM0549,calibration,pain,0,0,full,0.02384584,41.9360
ITEM0549,calibration,physical_function,1,0,full,0.02384584,41.9360
ITEM0549,calibration,swallowing,0,0,full,0.02384584,41.9360
ITEM0549,calibration,speech_voice,0,0,full,0.02384584,41.9360
ITEM0549,calibration,hearing,0,0,full,0.02384584,41.9360
ITEM0549,calibration,respiratory,0,0,full,0.02384584,41.9360
ITEM0549,calibration,bowel,1,0,full,0.02384584,41.9360
ITEM0549,calibration,urinary,0,0,full,0.02384584,41.9360
ITEM0549,calibration,sexual_reproductive,0,0,full,0.02384584,41.9360
ITEM0549,calibration,limb_lymphedema,0,0,full,0.02384584,41.9360
ITEM0549,calibration,visual,0,0,full,0.02384584,41.9360
ITEM0550,calibration,cognition,0,0,full,0.01183902,84.4665
ITEM0550,calibration,neuropathy,0,0,full,0.01183902,84.4665
ITEM0550,calibration,fatigue,1,1,full,0.01183902,84.4665
ITEM0550,calibration,pain,0,0,full,0.01183902,84.4665
ITEM0550,calibration,physical_function,0,0,full,0.01183902,84.4665
ITEM0550,calibration,swallowing,0,0,full,0.01183902,84.4665
ITEM0550,calibration,speech_voice,0,0,full,0.01183902,84.4665
ITEM0550,calibration,hearing,0,0,full,0.01183902,84.4665
ITEM0550,calibration,respiratory,0,0,full,0.01183902,84.4665
ITEM0550,calibration,bowel,0,0,full,0.01183902,84.4665
ITEM0550,calibration,urinary,0,0,full,0.01183902,84.4665
ITEM0550,calibration,sexual_reproductive,0,0,full,0.01183902,84.4665
ITEM0550,calibration,limb_lymphedema,0,0,full,0.01183902,84.4665
ITEM0550,calibration,visual,0,0,full,0.01183902,84.4665
ITEM0551,calibration,cognition,0,0,full,0.06977172,14.3325
ITEM0551,calibration,neuropathy,0,0,full,0.06977172,14.3325
ITEM0551,calibration,fatigue,0,0,full,0.06977172,14.3325
ITEM0551,calibration,pain,0,0,full,0.06977172,14.3325
ITEM0551,calibration,physical_function,0,0,full,0.06977172,14.3325
ITEM0551,calibration,swallowing,0,0,full,0.06977172,14.3325
ITEM0551,calibration,speech_voice,0,0,full,0.06977172,14.3325
ITEM0551,calibration,hearing,0,0,full,0.06977172,14.3325
ITEM0551,calibration,respiratory,0,0,full,0.06977172,14.3325
ITEM0551,calibration,bowel,0,0,full,0.06977172,14.3325
ITEM0551,calibration,urinary,0,0,full,0.06977172,14.3325
ITEM0551,calibration,sexual_reproductive,0,0,full,0.06977172,14.3325
ITEM0551,calibration,limb_lymphedema,1,1,full,0.06977172,14.3325
ITEM0551,calibration,visual,0,0,full,0.06977172,14.3325
ITEM0552,calibration,cognition,0,0,full,0.01406566,71.0951
ITEM0552,calibration,neuropathy,0,0,full,0.01406566,71.0951
ITEM0552,calibration,fatigue,0,0,full,0.01406566,71.0951
ITEM0552,calibration,pain,0,0,full,0.01406566,71.0951
ITEM0552,calibration,physical_function,0,0,full,0.01406566,71.0951
ITEM0552,calibration,swallowing,0,0,full,0.01406566,71.0951
ITEM0552,calibration,speech_voice,0,0,full,0.01406566,71.0951
ITEM0552,calibration,hearing,0,0,full,0.01406566,71.0951
ITEM0552,calibration,respiratory,0,0,full,0.01406566,71.0951
ITEM0552,calibration,bowel,1,0,full,0.01406566,71.0951
ITEM0552,calibration,urinary,0,0,full,0.01406566,71.0951
ITEM0552,calibration,sexual_reproductive,0,0,full,0.01406566,71.0951
ITEM0552,calibration,limb_lymphedema,0,0,full,0.01406566,71.0951
ITEM0552,calibration,visual,0,0,full,0.01406566,71.0951
ITEM0553,calibration,cognition,0,0,full,0.04293921,23.2887
ITEM0553,calibration,neuropathy,0,0,full,0.04293921,23.2887
ITEM0553,calibration,fatigue,0,0,full,0.04293921,23.2887
ITEM0553,calibration,pain,1,1,full,0.04293921,23.2887
ITEM0553,calibration,physical_function,0,0,full,0.04293921,23.2887
ITEM0553,calibration,swallowing,1,0,full,0.04293921,23.2887
ITEM0553,calibration,speech_voice,0,0,full,0.04293921,23.2887
ITEM0553,calibration,hearing,0,0,full,0.04293921,23.2887
ITEM0553,calibration,respiratory,0,0,full,0.04293921,23.2887
ITEM0553,calibration,bowel,0,0,full,0.04293921,23.2887
ITEM0553,calibration,urinary,0,0,full,0.04293921,23.2887
ITEM0553,calibration,sexual_reproductive,0,0,full,0.04293921,23.2887
ITEM0553,calibration,limb_lymphedema,0,0,full,0.04293921,23.2887
ITEM0553,calibration,visual,0,0,full,0.04293921,23.2887
ITEM0554,calibration,cognition,0,0,truncated,0.01091639,91.6054
ITEM0554,calibration,neuropathy,0,0,truncated,0.01091639,91.6054
ITEM0554,calibration,fatigue,0,0,truncated,0.01091639,91.6054
ITEM0554,calibration,pain,0,0,truncated,0.01091639,91.6054
ITEM0554,calibration,physical_function,0,0,truncated,0.01091639,91.6054
ITEM0554,calibration,swallowing,0,0,truncated,0.01091639,91.6054
ITEM0554,calibration,speech_voice,0,0,truncated,0.01091639,91.6054
ITEM0554,calibration,hearing,0,0,truncated,0.01091639,91.6054
ITEM0554,calibration,respiratory,0,0,truncated,0.01091639,91.6054
ITEM0554,calibration,bowel,0,0,truncated,0.01091639,91.6054
ITEM0554,calibration,urinary,0,0,truncated,0.01091639,91.6054
ITEM0554,calibration,sexual_reproductive,0,0,truncated,0.01091639,91.6054
ITEM0554,calibration,limb_lymphedema,0,0,truncated,0.01091639,91.6054
ITEM0554,calibration,visual,0,0,truncated,0.01091639,91.6054
ITEM0555,calibration,cognition,0,0,full,0.28826664,3.4690
ITEM0555,calibration,neuropathy,0,0,full,0.28826664,3.4690
ITEM0555,calibration,fatigue,0,0,full,0.28826664,3.4690
ITEM0555,calibration,pain,0,0,full,0.28826664,3.4690
ITEM0555,calibration,physical_function,0,0,full,0.28826664,3.4690
ITEM0555,calibration,swallowing,0,0,full,0.28826664,3.4690
ITEM0555,calibration,speech_voice,1,0,full,0.28826664,3.4690
ITEM0555,calibration,hearing,1,1,full,0.28826664,3.4690
ITEM0555,calibration,respiratory,0,0,full,0.28826664,3.4690
ITEM0555,calibration,bowel,0,0,full,0.28826664,3.4690
ITEM0555,calibration,urinary,0,0,full,0.28826664,3.4690
ITEM0555,calibration,sexual_reproductive,0,0,full,0.28826664,3.4690
ITEM0555,calibration,limb_lymphedema,0,0,full,0.28826664,3.4690
ITEM0555,calibration,visual,0,0,full,0.28826664,3.4690
ITEM0556,calibration,cognition,1,0,full,0.03947658,25.3315
ITEM0556,calibration,neuropathy,0,0,full,0.03947658,25.3315
ITEM0556,calibration,fatigue,1,0,full,0.03947658,25.3315
ITEM0556,calibration,pain,1,0,full,0.03947658,25.3315
ITEM0556,calibration,physical_function,1,0,full,0.03947658,25.3315
ITEM0556,calibration,swallowing,0,0,full,0.03947658,25.3315
ITEM0556,calibration,speech_voice,0,0,full,0.03947658,25.3315
ITEM0556,calibration,hearing,0,0,full,0.03947658,25.3315
ITEM0556,calibration,respiratory,0,0,full,0.03947658,25.3315
ITEM0556,calibration,bowel,0,0,full,0.03947658,25.3315
ITEM0556,calibration,urinary,0,0,full,0.03947658,25.3315
ITEM0556,calibration,sexual_reproductive,0,0,full,0.03947658,25.3315
ITEM0556,calibration,limb_lymphedema,0,0,full,0.03947658,25.3315
ITEM0556,calibration,visual,0,0,full,0.03947658,25.3315
ITEM0557,calibration,cognition,1,1,full,0.08521609,11.7349
ITEM0557,calibration,neuropathy,0,0,full,0.08521609,11.7349
ITEM0557,calibration,fatigue,1,1,full,0.08521609,11.7349
ITEM0557,calibration,pain,1,1,full,0.08521609,11.7349
ITEM0557,calibration,physical_function,1,1,full,0.08521609,11.7349
ITEM0557,calibration,swallowing,1,1,full,0.08521609,11.7349
ITEM0557,calibration,speech_voice,0,0,full,0.08521609,11.7349
ITEM0557,calibration,hearing,0,0,full,0.08521609,11.7349
ITEM0557,calibration,respiratory,0,0,full,0.08521609,11.7349
ITEM0557,calibration,bowel,1,0,full,0.08521609,11.7349
ITEM0557,calibration,urinary,0,0,full,0.08521609,11.7349
ITEM0557,calibration,sexual_reproductive,0,0,full,0.08521609,11.7349
ITEM0557,calibration,limb_lymphedema,0,0,full,0.08521609,11.7349
ITEM0557,calibration,visual,0,0,full,0.08521609,11.7349
ITEM0558,calibration,cognition,0,0,full,0.03821489,26.1678
ITEM0558,calibration,neuropathy,0,0,full,0.03821489,26.1678
ITEM0558,calibration,fatigue,0,0,full,0.03821489,26.1678
ITEM0558,calibration,pain,0,0,full,0.03821489,26.1678
ITEM0558,calibration,physical_function,0,0,full,0.03821489,26.1678
ITEM0558,calibration,swallowing,1,0,full,0.03821489,26.1678
ITEM0558,calibration,speech_voice,0,0,full,0.03821489,26.1678
ITEM0558,calibration,hearing,0,0,full,0.03821489,26.1678
ITEM0558,calibration,respiratory,0,0,full,0.03821489,26.1678
ITEM0558,calibration,bowel,0,0,full,0.03821489,26.1678
ITEM0558,calibration,urinary,0,0,full,0.03821489,26.1678
ITEM0558,calibration,sexual_reproductive,0,0,full,0.03821489,26.1678
ITEM0558,calibration,limb_lymphedema,0,0,full,0.03821489,26.1678
ITEM0558,calibration,visual,0,0,full,0.03821489,26.1678
ITEM0559,calibration,cognition,0,0,full,0.01091639,91.6054
ITEM0559,calibration,neuropathy,0,0,full,0.01091639,91.6054
ITEM0559,calibration,fatigue,0,0,full,0.01091639,91.6054
ITEM0559,calibration,pain,0,0,full,0.01091639,91.6054
ITEM0559,calibration,physical_function,0,0,full,0.01091639,91.6054
ITEM0559,calibration,swallowing,0,0,full,0.01091639,91.6054
ITEM0559,calibration,speech_voice,0,0,full,0.01091639,91.6054
ITEM0559,calibration,hearing,0,0,full,0.01091639,91.6054
ITEM0559,calibration,respiratory,0,0,full,0.01091639,91.6054
ITEM0559,calibration,bowel,0,0,full,0.01091639,91.6054
ITEM0559,calibration,urinary,0,0,full,0.01091639,91.6054
ITEM0559,calibration,sexual_reproductive,0,0,full,0.01091639,91.6054
ITEM0559,calibration,limb_lymphedema,0,0,full,0.01091639,91.6054
ITEM0559,calibration,visual,0,0,full,0.01091639,91.6054
ITEM0560,calibration,cognition,0,0,full,0.04234082,23.6179
ITEM0560,calibration,neuropathy,1,1,full,0.04234082,23.6179
ITEM0560,calibration,fatigue,0,0,full,0.04234082,23.6179
ITEM0560,calibration,pain,1,0,full,0.04234082,23.6179
ITEM0560,calibration,physical_function,0,0,full,0.04234082,23.6179
ITEM0560,calibration,swallowing,0,0,full,0.04234082,23.6179
ITEM0560,calibration,speech_voice,0,0,full,0.04234082,23.6179
ITEM0560,calibration,hearing,0,0,full,0.04234082,23.6179
ITEM0560,calibration,respiratory,0,0,full,0.04234082,23.6179
ITEM0560,calibration,bowel,1,0,full,0.04234082,23.6179
ITEM0560,calibration,urinary,0,0,full,0.04234082,23.6179
ITEM0560,calibration,sexual_reproductive,0,0,full,0.04234082,23.6179
ITEM0560,calibration,limb_lymphedema,0,0,full,0.04234082,23.6179
ITEM0560,calibration,visual,0,0,full,0.04234082,23.6179
ITEM0561,calibration,cognition,0,0,full,0.01091639,91.6054
ITEM0561,calibration,neuropathy,0,0,full,0.01091639,91.6054
ITEM0561,calibration,fatigue,0,0,full,0.01091639,91.6054
ITEM0561,calibration,pain,0,0,full,0.01091639,91.6054
ITEM0561,calibration,physical_function,0,0,full,0.01091639,91.6054
ITEM0561,calibration,swallowing,0,0,full,0.01091639,91.6054
ITEM0561,calibration,speech_voice,0,0,full,0.01091639,91.6054
ITEM0561,calibration,hearing,0,0,full,0.01091639,91.6054
ITEM0561,calibration,respiratory,0,0,full,0.01091639,91.6054
ITEM0561,calibration,bowel,0,0,full,0.01091639,91.6054
ITEM0561,calibration,urinary,0,0,full,0.01091639,91.6054
ITEM0561,calibration,sexual_reproductive,0,0,full,0.01091639,91.6054
ITEM0561,calibration,limb_lymphedema,0,0,full,0.01091639,91.6054
ITEM0561,calibration,visual,0,0,full,0.01091639,91.6054
ITEM0562,calibration,cognition,0,0,full,0.01206549,82.8810
ITEM0562,calibration,neuropathy,0,0,full,0.01206549,82.8810
ITEM0562,calibration,fatigue,0,0,full,0.01206549,82.8810
ITEM0562,calibration,pain,0,0,full,0.01206549,82.8810
ITEM0562,calibration,physical_function,1,1,full,0.01206549,82.8810
ITEM0562,calibration,swallowing,0,0,full,0.01206549,82.8810
ITEM0562,calibration,speech_voice,0,0,full,0.01206549,82.8810
ITEM0562,calibration,hearing,0,0,full,0.01206549,82.8810
ITEM0562,calibration,respiratory,0,0,full,0.01206549,82.8810
ITEM0562,calibration,bowel,0,0,full,0.01206549,82.8810
ITEM0562,calibration,urinary,0,0,full,0.01206549,82.8810
ITEM0562,calibration,sexual_reproductive,0,0,full,0.01206549,82.8810
ITEM0562,calibration,limb_lymphedema,0,0,full,0.01206549,82.8810
ITEM0562,calibration,visual,0,0,full,0.01206549,82.8810
ITEM0563,calibration,cognition,0,0,full,0.15278595,6.5451
ITEM0563,calibration,neuropathy,0,0,full,0.15278595,6.5451
ITEM0563,calibration,fatigue,0,0,full,0.15278595,6.5451
ITEM0563,calibration,pain,1,0,full,0.15278595,6.5451
ITEM0563,calibration,physical_function,1,0,full,0.15278595,6.5451
ITEM0563,calibration,swallowing,1,0,full,0.15278595,6.5451
ITEM0563,calibration,speech_voice,1,0,full,0.15278595,6.5451
ITEM0563,calibration,hearing,0,0,full,0.15278595,6.5451
ITEM0563,calibration,respiratory,0,0,full,0.15278595,6.5451
ITEM0563,calibration,bowel,0,0,full,0.15278595,6.5451
ITEM0563,calibration,urinary,0,0,full,0.15278595,6.5451
ITEM0563,calibration,sexual_reproductive,0,0,full,0.15278595,6.5451
ITEM0563,calibration,limb_lymphedema,0,0,full,0.15278595,6.5451
ITEM0563,calibration,visual,0,0,full,0.15278595,6.5451
ITEM0564,calibration,cognition,0,0,full,0.04526133,22.0939
ITEM0564,calibration,neuropathy,0,0,full,0.04526133,22.0939
ITEM0564,calibration,fatigue,0,0,full,0.04526133,22.0939
ITEM0564,calibration,pain,1,0,full,0.04526133,22.0939
ITEM0564,calibration,physical_function,1,0,full,0.04526133,22.0939
ITEM0564,calibration,swallowing,0,0,full,0.04526133,22.0939
ITEM0564,calibration,speech_voice,0,0,full,0.04526133,22.0939
ITEM0564,calibration,hearing,0,0,full,0.04526133,22.0939
ITEM0564,calibration,respiratory,0,0,full,0.04526133,22.0939
ITEM0564,calibration,bowel,1,0,full,0.04526133,22.0939
ITEM0564,calibration,urinary,1,0,full,0.04526133,22.0939
ITEM0564,calibration,sexual_reproductive,0,0,full,0.04526133,22.0939
ITEM0564,calibration,limb_lymphedema,0,0,full,0.04526133,22.0939
ITEM0564,calibration,visual,0,0,full,0.04526133,22.0939
ITEM0565,calibration,cognition,0,0,truncated,0.01091639,91.6054
ITEM0565,calibration,neuropathy,0,0,truncated,0.01091639,91.6054
ITEM0565,calibration,fatigue,0,0,truncated,0.01091639,91.6054
ITEM0565,calibration,pain,0,0,truncated,0.01091639,91.6054
ITEM0565,calibration,physical_function,0,0,truncated,0.01091639,91.6054
ITEM0565,calibration,swallowing,0,0,truncated,0.01091639,91.6054
ITEM0565,calibration,speech_voice,0,0,truncated,0.01091639,91.6054
ITEM0565,calibration,hearing,0,0,truncated,0.01091639,91.6054
ITEM0565,calibration,respiratory,0,0,truncated,0.01091639,91.6054
ITEM0565,calibration,bowel,0,0,truncated,0.01091639,91.6054
ITEM0565,calibration,urinary,0,0,truncated,0.01091639,91.6054
ITEM0565,calibration,sexual_reproductive,0,0,truncated,0.01091639,91.6054
ITEM0565,calibration,limb_lymphedema,0,0,truncated,0.01091639,91.6054
ITEM0565,calibration,visual,0,0,truncated,0.01091639,91.6054
ITEM0566,calibration,cognition,0,0,full,0.02849976,35.0880
ITEM0566,calibration,neuropathy,0,0,full,0.02849976,35.0880
ITEM0566,calibration,fatigue,0,0,full,0.02849976,35.0880
ITEM0566,calibration,pain,0,0,full,0.02849976,35.0880
ITEM0566,calibration,physical_function,0,0,full,0.02849976,35.0880
ITEM0566,calibration,swallowing,0,0,full,0.02849976,35.0880
ITEM0566,calibration,speech_voice,0,0,full,0.02849976,35.0880
ITEM0566,calibration,hearing,0,0,full,0.02849976,35.0880
ITEM0566,calibration,respiratory,0,0,full,0.02849976,35.0880
ITEM0566,calibration,bowel,0,0,full,0.02849976,35.0880
ITEM0566,calibration,urinary,0,0,full,0.02849976,35.0880
ITEM0566,calibration,sexual_reproductive,1,1,full,0.02849976,35.0880
ITEM0566,calibration,limb_lymphedema,0,0,full,0.02849976,35.0880
ITEM0566,calibration,visual,0,0,full,0.02849976,35.0880
ITEM0567,calibration,cognition,0,0,full,0.04293921,23.2887
ITEM0567,calibration,neuropathy,0,0,full,0.04293921,23.2887
ITEM0567,calibration,fatigue,0,0,full,0.04293921,23.2887
ITEM0567,calibration,pain,1,1,full,0.04293921,23.2887
ITEM0567,calibration,physical_function,0,0,full,0.04293921,23.2887
ITEM0567,calibration,swallowing,1,1,full,0.04293921,23.2887
ITEM0567,calibration,speech_voice,0,0,full,0.04293921,23.2887
ITEM0567,calibration,hearing,0,0,full,0.04293921,23.2887
ITEM0567,calibration,respiratory,0,0,full,0.04293921,23.2887
ITEM0567,calibration,bowel,0,0,full,0.04293921,23.2887
ITEM0567,calibration,urinary,0,0,full,0.04293921,23.2887
ITEM0567,calibration,sexual_reproductive,0,0,full,0.04293921,23.2887
ITEM0567,calibration,limb_lymphedema,0,0,full,0.04293921,23.2887
ITEM0567,calibration,visual,0,0,full,0.04293921,23.2887
ITEM0568,calibration,cognition,0,0,full,0.01183902,84.4665
ITEM0568,calibration,neuropathy,0,0,full,0.01183902,84.4665
ITEM0568,calibration,fatigue,1,0,full,0.01183902,84.4665
ITEM0568,calibration,pain,0,0,full,0.01183902,84.4665
ITEM0568,calibration,physical_function,0,0,full,0.01183902,84.4665
ITEM0568,calibration,swallowing,0,0,full,0.01183902,84.4665
ITEM0568,calibration,speech_voice,0,0,full,0.01183902,84.4665
ITEM0568,calibration,hearing,0,0,full,0.01183902,84.4665
ITEM0568,calibration,respiratory,0,0,full,0.01183902,84.4665
ITEM0568,calibration,bowel,0,0,full,0.01183902,84.4665
ITEM0568,calibration,urinary,0,0,full,0.01183902,84.4665
ITEM0568,calibration,sexual_reproductive,0,0,full,0.01183902,84.4665
ITEM0568,calibration,limb_lymphedema,0,0,full,0.01183902,84.4665
ITEM0568,calibration,visual,0,0,full,0.01183902,84.4665
ITEM0569,calibration,cognition,0,0,truncated,0.01091639,91.6054
ITEM0569,calibration,neuropathy,0,0,truncated,0.01091639,91.6054
ITEM0569,calibration,fatigue,0,0,truncated,0.01091639,91.6054
ITEM0569,calibration,pain,0,0,truncated,0.01091639,91.6054
ITEM0569,calibration,physical_function,0,0,truncated,0.01091639,91.6054
ITEM0569,calibration,swallowing,0,0,truncated,0.01091639,91.6054
ITEM0569,calibration,speech_voice,0,0,truncated,0.01091639,91.6054
ITEM0569,calibration,hearing,0,0,truncated,0.01091639,91.6054
ITEM0569,calibration,respiratory,0,0,truncated,0.01091639,91.6054
ITEM0569,calibration,bowel,0,0,truncated,0.01091639,91.6054
ITEM0569,calibration,urinary,0,0,truncated,0.01091639,91.6054
ITEM0569,calibration,sexual_reproductive,0,0,truncated,0.01091639,91.6054
ITEM0569,calibration,limb_lymphedema,0,0,truncated,0.01091639,91.6054
ITEM0569,calibration,visual,0,0,truncated,0.01091639,91.6054
NEG0001,negverify,cognition,0,0,full,0.01091639,91.6054
NEG0001,negverify,neuropathy,0,0,full,0.01091639,91.6054
NEG0001,negverify,fatigue,0,0,full,0.01091639,91.6054
NEG0001,negverify,pain,0,0,full,0.01091639,91.6054
NEG0001,negverify,physical_function,0,0,full,0.01091639,91.6054
NEG0001,negverify,swallowing,0,0,full,0.01091639,91.6054
NEG0001,negverify,speech_voice,0,0,full,0.01091639,91.6054
NEG0001,negverify,hearing,0,0,full,0.01091639,91.6054
NEG0001,negverify,respiratory,0,0,full,0.01091639,91.6054
NEG0001,negverify,bowel,0,0,full,0.01091639,91.6054
NEG0001,negverify,urinary,0,0,full,0.01091639,91.6054
NEG0001,negverify,sexual_reproductive,0,0,full,0.01091639,91.6054
NEG0001,negverify,limb_lymphedema,0,0,full,0.01091639,91.6054
NEG0001,negverify,visual,0,0,full,0.01091639,91.6054
NEG0002,negverify,cognition,0,0,full,0.01091639,91.6054
NEG0002,negverify,neuropathy,0,0,full,0.01091639,91.6054
NEG0002,negverify,fatigue,0,0,full,0.01091639,91.6054
NEG0002,negverify,pain,0,0,full,0.01091639,91.6054
NEG0002,negverify,physical_function,0,0,full,0.01091639,91.6054
NEG0002,negverify,swallowing,0,0,full,0.01091639,91.6054
NEG0002,negverify,speech_voice,0,0,full,0.01091639,91.6054
NEG0002,negverify,hearing,0,0,full,0.01091639,91.6054
NEG0002,negverify,respiratory,0,0,full,0.01091639,91.6054
NEG0002,negverify,bowel,0,0,full,0.01091639,91.6054
NEG0002,negverify,urinary,0,0,full,0.01091639,91.6054
NEG0002,negverify,sexual_reproductive,0,0,full,0.01091639,91.6054
NEG0002,negverify,limb_lymphedema,0,0,full,0.01091639,91.6054
NEG0002,negverify,visual,0,0,full,0.01091639,91.6054
NEG0003,negverify,cognition,0,0,full,0.01091639,91.6054
NEG0003,negverify,neuropathy,0,0,full,0.01091639,91.6054
NEG0003,negverify,fatigue,0,0,full,0.01091639,91.6054
NEG0003,negverify,pain,0,0,full,0.01091639,91.6054
NEG0003,negverify,physical_function,0,0,full,0.01091639,91.6054
NEG0003,negverify,swallowing,0,0,full,0.01091639,91.6054
NEG0003,negverify,speech_voice,0,0,full,0.01091639,91.6054
NEG0003,negverify,hearing,0,0,full,0.01091639,91.6054
NEG0003,negverify,respiratory,0,0,full,0.01091639,91.6054
NEG0003,negverify,bowel,0,0,full,0.01091639,91.6054
NEG0003,negverify,urinary,0,0,full,0.01091639,91.6054
NEG0003,negverify,sexual_reproductive,0,0,full,0.01091639,91.6054
NEG0003,negverify,limb_lymphedema,0,0,full,0.01091639,91.6054
NEG0003,negverify,visual,0,0,full,0.01091639,91.6054
NEG0004,negverify,cognition,0,0,full,0.01091639,91.6054
NEG0004,negverify,neuropathy,0,0,full,0.01091639,91.6054
NEG0004,negverify,fatigue,0,0,full,0.01091639,91.6054
NEG0004,negverify,pain,0,0,full,0.01091639,91.6054
NEG0004,negverify,physical_function,0,0,full,0.01091639,91.6054
NEG0004,negverify,swallowing,0,0,full,0.01091639,91.6054
NEG0004,negverify,speech_voice,0,0,full,0.01091639,91.6054
NEG0004,negverify,hearing,0,0,full,0.01091639,91.6054
NEG0004,negverify,respiratory,0,0,full,0.01091639,91.6054
NEG0004,negverify,bowel,0,0,full,0.01091639,91.6054
NEG0004,negverify,urinary,0,0,full,0.01091639,91.6054
NEG0004,negverify,sexual_reproductive,0,0,full,0.01091639,91.6054
NEG0004,negverify,limb_lymphedema,0,0,full,0.01091639,91.6054
NEG0004,negverify,visual,0,0,full,0.01091639,91.6054
NEG0005,negverify,cognition,0,0,full,0.01091639,91.6054
NEG0005,negverify,neuropathy,0,0,full,0.01091639,91.6054
NEG0005,negverify,fatigue,0,0,full,0.01091639,91.6054
NEG0005,negverify,pain,0,0,full,0.01091639,91.6054
NEG0005,negverify,physical_function,0,0,full,0.01091639,91.6054
NEG0005,negverify,swallowing,0,0,full,0.01091639,91.6054
NEG0005,negverify,speech_voice,0,0,full,0.01091639,91.6054
NEG0005,negverify,hearing,0,0,full,0.01091639,91.6054
NEG0005,negverify,respiratory,0,0,full,0.01091639,91.6054
NEG0005,negverify,bowel,0,0,full,0.01091639,91.6054
NEG0005,negverify,urinary,0,0,full,0.01091639,91.6054
NEG0005,negverify,sexual_reproductive,0,0,full,0.01091639,91.6054
NEG0005,negverify,limb_lymphedema,0,0,full,0.01091639,91.6054
NEG0005,negverify,visual,0,0,full,0.01091639,91.6054
NEG0006,negverify,cognition,0,0,full,0.01091639,91.6054
NEG0006,negverify,neuropathy,0,0,full,0.01091639,91.6054
NEG0006,negverify,fatigue,0,0,full,0.01091639,91.6054
NEG0006,negverify,pain,0,0,full,0.01091639,91.6054
NEG0006,negverify,physical_function,0,0,full,0.01091639,91.6054
NEG0006,negverify,swallowing,0,0,full,0.01091639,91.6054
NEG0006,negverify,speech_voice,0,0,full,0.01091639,91.6054
NEG0006,negverify,hearing,0,0,full,0.01091639,91.6054
NEG0006,negverify,respiratory,0,0,full,0.01091639,91.6054
NEG0006,negverify,bowel,0,0,full,0.01091639,91.6054
NEG0006,negverify,urinary,0,0,full,0.01091639,91.6054
NEG0006,negverify,sexual_reproductive,0,0,full,0.01091639,91.6054
NEG0006,negverify,limb_lymphedema,0,0,full,0.01091639,91.6054
NEG0006,negverify,visual,0,0,full,0.01091639,91.6054
NEG0007,negverify,cognition,0,0,full,0.01091639,91.6054
NEG0007,negverify,neuropathy,0,0,full,0.01091639,91.6054
NEG0007,negverify,fatigue,0,0,full,0.01091639,91.6054
NEG0007,negverify,pain,0,0,full,0.01091639,91.6054
NEG0007,negverify,physical_function,0,0,full,0.01091639,91.6054
NEG0007,negverify,swallowing,0,0,full,0.01091639,91.6054
NEG0007,negverify,speech_voice,0,0,full,0.01091639,91.6054
NEG0007,negverify,hearing,0,0,full,0.01091639,91.6054
NEG0007,negverify,respiratory,0,0,full,0.01091639,91.6054
NEG0007,negverify,bowel,0,0,full,0.01091639,91.6054
NEG0007,negverify,urinary,0,0,full,0.01091639,91.6054
NEG0007,negverify,sexual_reproductive,0,0,full,0.01091639,91.6054
NEG0007,negverify,limb_lymphedema,0,0,full,0.01091639,91.6054
NEG0007,negverify,visual,0,0,full,0.01091639,91.6054
NEG0008,negverify,cognition,0,0,full,0.01091639,91.6054
NEG0008,negverify,neuropathy,0,0,full,0.01091639,91.6054
NEG0008,negverify,fatigue,0,0,full,0.01091639,91.6054
NEG0008,negverify,pain,0,0,full,0.01091639,91.6054
NEG0008,negverify,physical_function,0,0,full,0.01091639,91.6054
NEG0008,negverify,swallowing,0,0,full,0.01091639,91.6054
NEG0008,negverify,speech_voice,0,0,full,0.01091639,91.6054
NEG0008,negverify,hearing,0,0,full,0.01091639,91.6054
NEG0008,negverify,respiratory,0,0,full,0.01091639,91.6054
NEG0008,negverify,bowel,0,0,full,0.01091639,91.6054
NEG0008,negverify,urinary,0,0,full,0.01091639,91.6054
NEG0008,negverify,sexual_reproductive,0,0,full,0.01091639,91.6054
NEG0008,negverify,limb_lymphedema,0,0,full,0.01091639,91.6054
NEG0008,negverify,visual,0,0,full,0.01091639,91.6054
NEG0009,negverify,cognition,0,0,full,0.01091639,91.6054
NEG0009,negverify,neuropathy,0,0,full,0.01091639,91.6054
NEG0009,negverify,fatigue,0,0,full,0.01091639,91.6054
NEG0009,negverify,pain,0,0,full,0.01091639,91.6054
NEG0009,negverify,physical_function,0,0,full,0.01091639,91.6054
NEG0009,negverify,swallowing,0,0,full,0.01091639,91.6054
NEG0009,negverify,speech_voice,0,0,full,0.01091639,91.6054
NEG0009,negverify,hearing,0,0,full,0.01091639,91.6054
NEG0009,negverify,respiratory,0,0,full,0.01091639,91.6054
NEG0009,negverify,bowel,0,0,full,0.01091639,91.6054
NEG0009,negverify,urinary,0,0,full,0.01091639,91.6054
NEG0009,negverify,sexual_reproductive,0,0,full,0.01091639,91.6054
NEG0009,negverify,limb_lymphedema,0,0,full,0.01091639,91.6054
NEG0009,negverify,visual,0,0,full,0.01091639,91.6054
NEG0010,negverify,cognition,0,0,full,0.01091639,91.6054
NEG0010,negverify,neuropathy,0,0,full,0.01091639,91.6054
NEG0010,negverify,fatigue,0,0,full,0.01091639,91.6054
NEG0010,negverify,pain,0,0,full,0.01091639,91.6054
NEG0010,negverify,physical_function,0,0,full,0.01091639,91.6054
NEG0010,negverify,swallowing,0,0,full,0.01091639,91.6054
NEG0010,negverify,speech_voice,0,0,full,0.01091639,91.6054
NEG0010,negverify,hearing,0,0,full,0.01091639,91.6054
NEG0010,negverify,respiratory,0,0,full,0.01091639,91.6054
NEG0010,negverify,bowel,0,0,full,0.01091639,91.6054
NEG0010,negverify,urinary,0,0,full,0.01091639,91.6054
NEG0010,negverify,sexual_reproductive,0,0,full,0.01091639,91.6054
NEG0010,negverify,limb_lymphedema,0,0,full,0.01091639,91.6054
NEG0010,negverify,visual,0,0,full,0.01091639,91.6054
NEG0011,negverify,cognition,0,0,full,0.01091639,91.6054
NEG0011,negverify,neuropathy,0,0,full,0.01091639,91.6054
NEG0011,negverify,fatigue,0,0,full,0.01091639,91.6054
NEG0011,negverify,pain,0,0,full,0.01091639,91.6054
NEG0011,negverify,physical_function,0,0,full,0.01091639,91.6054
NEG0011,negverify,swallowing,0,0,full,0.01091639,91.6054
NEG0011,negverify,speech_voice,0,0,full,0.01091639,91.6054
NEG0011,negverify,hearing,0,0,full,0.01091639,91.6054
NEG0011,negverify,respiratory,0,0,full,0.01091639,91.6054
NEG0011,negverify,bowel,0,0,full,0.01091639,91.6054
NEG0011,negverify,urinary,0,0,full,0.01091639,91.6054
NEG0011,negverify,sexual_reproductive,0,0,full,0.01091639,91.6054
NEG0011,negverify,limb_lymphedema,0,0,full,0.01091639,91.6054
NEG0011,negverify,visual,0,0,full,0.01091639,91.6054
NEG0012,negverify,cognition,0,0,full,0.01091639,91.6054
NEG0012,negverify,neuropathy,0,0,full,0.01091639,91.6054
NEG0012,negverify,fatigue,0,0,full,0.01091639,91.6054
NEG0012,negverify,pain,0,0,full,0.01091639,91.6054
NEG0012,negverify,physical_function,0,0,full,0.01091639,91.6054
NEG0012,negverify,swallowing,0,0,full,0.01091639,91.6054
NEG0012,negverify,speech_voice,0,0,full,0.01091639,91.6054
NEG0012,negverify,hearing,0,0,full,0.01091639,91.6054
NEG0012,negverify,respiratory,0,0,full,0.01091639,91.6054
NEG0012,negverify,bowel,0,0,full,0.01091639,91.6054
NEG0012,negverify,urinary,0,0,full,0.01091639,91.6054
NEG0012,negverify,sexual_reproductive,0,0,full,0.01091639,91.6054
NEG0012,negverify,limb_lymphedema,0,0,full,0.01091639,91.6054
NEG0012,negverify,visual,0,0,full,0.01091639,91.6054
NEG0013,negverify,cognition,0,0,full,0.01091639,91.6054
NEG0013,negverify,neuropathy,0,0,full,0.01091639,91.6054
NEG0013,negverify,fatigue,0,0,full,0.01091639,91.6054
NEG0013,negverify,pain,0,0,full,0.01091639,91.6054
NEG0013,negverify,physical_function,0,0,full,0.01091639,91.6054
NEG0013,negverify,swallowing,0,0,full,0.01091639,91.6054
NEG0013,negverify,speech_voice,0,0,full,0.01091639,91.6054
NEG0013,negverify,hearing,0,0,full,0.01091639,91.6054
NEG0013,negverify,respiratory,0,0,full,0.01091639,91.6054
NEG0013,negverify,bowel,0,0,full,0.01091639,91.6054
NEG0013,negverify,urinary,0,0,full,0.01091639,91.6054
NEG0013,negverify,sexual_reproductive,0,0,full,0.01091639,91.6054
NEG0013,negverify,limb_lymphedema,0,0,full,0.01091639,91.6054
NEG0013,negverify,visual,0,0,full,0.01091639,91.6054
NEG0014,negverify,cognition,0,0,full,0.01091639,91.6054
NEG0014,negverify,neuropathy,0,0,full,0.01091639,91.6054
NEG0014,negverify,fatigue,0,0,full,0.01091639,91.6054
NEG0014,negverify,pain,0,0,full,0.01091639,91.6054
NEG0014,negverify,physical_function,0,0,full,0.01091639,91.6054
NEG0014,negverify,swallowing,0,0,full,0.01091639,91.6054
NEG0014,negverify,speech_voice,0,0,full,0.01091639,91.6054
NEG0014,negverify,hearing,0,0,full,0.01091639,91.6054
NEG0014,negverify,respiratory,0,0,full,0.01091639,91.6054
NEG0014,negverify,bowel,0,0,full,0.01091639,91.6054
NEG0014,negverify,urinary,0,0,full,0.01091639,91.6054
NEG0014,negverify,sexual_reproductive,0,0,full,0.01091639,91.6054
NEG0014,negverify,limb_lymphedema,0,0,full,0.01091639,91.6054
NEG0014,negverify,visual,0,0,full,0.01091639,91.6054
NEG0015,negverify,cognition,0,0,full,0.01091639,91.6054
NEG0015,negverify,neuropathy,0,0,full,0.01091639,91.6054
NEG0015,negverify,fatigue,0,0,full,0.01091639,91.6054
NEG0015,negverify,pain,0,0,full,0.01091639,91.6054
NEG0015,negverify,physical_function,0,0,full,0.01091639,91.6054
NEG0015,negverify,swallowing,0,0,full,0.01091639,91.6054
NEG0015,negverify,speech_voice,0,0,full,0.01091639,91.6054
NEG0015,negverify,hearing,0,0,full,0.01091639,91.6054
NEG0015,negverify,respiratory,0,0,full,0.01091639,91.6054
NEG0015,negverify,bowel,0,0,full,0.01091639,91.6054
NEG0015,negverify,urinary,0,0,full,0.01091639,91.6054
NEG0015,negverify,sexual_reproductive,0,0,full,0.01091639,91.6054
NEG0015,negverify,limb_lymphedema,0,0,full,0.01091639,91.6054
NEG0015,negverify,visual,0,0,full,0.01091639,91.6054
NEG0016,negverify,cognition,0,0,full,0.01091639,91.6054
NEG0016,negverify,neuropathy,0,0,full,0.01091639,91.6054
NEG0016,negverify,fatigue,0,0,full,0.01091639,91.6054
NEG0016,negverify,pain,0,0,full,0.01091639,91.6054
NEG0016,negverify,physical_function,0,0,full,0.01091639,91.6054
NEG0016,negverify,swallowing,0,0,full,0.01091639,91.6054
NEG0016,negverify,speech_voice,0,0,full,0.01091639,91.6054
NEG0016,negverify,hearing,0,0,full,0.01091639,91.6054
NEG0016,negverify,respiratory,0,0,full,0.01091639,91.6054
NEG0016,negverify,bowel,0,0,full,0.01091639,91.6054
NEG0016,negverify,urinary,0,0,full,0.01091639,91.6054
NEG0016,negverify,sexual_reproductive,0,0,full,0.01091639,91.6054
NEG0016,negverify,limb_lymphedema,0,0,full,0.01091639,91.6054
NEG0016,negverify,visual,0,0,full,0.01091639,91.6054
NEG0017,negverify,cognition,0,0,full,0.01091639,91.6054
NEG0017,negverify,neuropathy,0,0,full,0.01091639,91.6054
NEG0017,negverify,fatigue,0,0,full,0.01091639,91.6054
NEG0017,negverify,pain,0,0,full,0.01091639,91.6054
NEG0017,negverify,physical_function,0,0,full,0.01091639,91.6054
NEG0017,negverify,swallowing,0,0,full,0.01091639,91.6054
NEG0017,negverify,speech_voice,0,0,full,0.01091639,91.6054
NEG0017,negverify,hearing,0,0,full,0.01091639,91.6054
NEG0017,negverify,respiratory,0,0,full,0.01091639,91.6054
NEG0017,negverify,bowel,0,0,full,0.01091639,91.6054
NEG0017,negverify,urinary,0,0,full,0.01091639,91.6054
NEG0017,negverify,sexual_reproductive,0,0,full,0.01091639,91.6054
NEG0017,negverify,limb_lymphedema,0,0,full,0.01091639,91.6054
NEG0017,negverify,visual,0,0,full,0.01091639,91.6054
NEG0018,negverify,cognition,0,0,truncated,0.01091639,91.6054
NEG0018,negverify,neuropathy,0,0,truncated,0.01091639,91.6054
NEG0018,negverify,fatigue,0,0,truncated,0.01091639,91.6054
NEG0018,negverify,pain,0,0,truncated,0.01091639,91.6054
NEG0018,negverify,physical_function,0,0,truncated,0.01091639,91.6054
NEG0018,negverify,swallowing,0,0,truncated,0.01091639,91.6054
NEG0018,negverify,speech_voice,0,0,truncated,0.01091639,91.6054
NEG0018,negverify,hearing,0,0,truncated,0.01091639,91.6054
NEG0018,negverify,respiratory,0,0,truncated,0.01091639,91.6054
NEG0018,negverify,bowel,0,0,truncated,0.01091639,91.6054
NEG0018,negverify,urinary,0,0,truncated,0.01091639,91.6054
NEG0018,negverify,sexual_reproductive,0,0,truncated,0.01091639,91.6054
NEG0018,negverify,limb_lymphedema,0,0,truncated,0.01091639,91.6054
NEG0018,negverify,visual,0,0,truncated,0.01091639,91.6054
NEG0019,negverify,cognition,0,0,full,0.01091639,91.6054
NEG0019,negverify,neuropathy,0,0,full,0.01091639,91.6054
NEG0019,negverify,fatigue,0,0,full,0.01091639,91.6054
NEG0019,negverify,pain,0,0,full,0.01091639,91.6054
NEG0019,negverify,physical_function,0,0,full,0.01091639,91.6054
NEG0019,negverify,swallowing,0,0,full,0.01091639,91.6054
NEG0019,negverify,speech_voice,0,0,full,0.01091639,91.6054
NEG0019,negverify,hearing,0,0,full,0.01091639,91.6054
NEG0019,negverify,respiratory,0,0,full,0.01091639,91.6054
NEG0019,negverify,bowel,0,0,full,0.01091639,91.6054
NEG0019,negverify,urinary,0,0,full,0.01091639,91.6054
NEG0019,negverify,sexual_reproductive,0,0,full,0.01091639,91.6054
NEG0019,negverify,limb_lymphedema,0,0,full,0.01091639,91.6054
NEG0019,negverify,visual,0,0,full,0.01091639,91.6054
NEG0020,negverify,cognition,0,0,full,0.01091639,91.6054
NEG0020,negverify,neuropathy,0,0,full,0.01091639,91.6054
NEG0020,negverify,fatigue,0,0,full,0.01091639,91.6054
NEG0020,negverify,pain,0,0,full,0.01091639,91.6054
NEG0020,negverify,physical_function,0,0,full,0.01091639,91.6054
NEG0020,negverify,swallowing,0,0,full,0.01091639,91.6054
NEG0020,negverify,speech_voice,0,0,full,0.01091639,91.6054
NEG0020,negverify,hearing,0,0,full,0.01091639,91.6054
NEG0020,negverify,respiratory,0,0,full,0.01091639,91.6054
NEG0020,negverify,bowel,0,0,full,0.01091639,91.6054
NEG0020,negverify,urinary,0,0,full,0.01091639,91.6054
NEG0020,negverify,sexual_reproductive,0,0,full,0.01091639,91.6054
NEG0020,negverify,limb_lymphedema,0,0,full,0.01091639,91.6054
NEG0020,negverify,visual,0,0,full,0.01091639,91.6054
NEG0021,negverify,cognition,0,0,full,0.01091639,91.6054
NEG0021,negverify,neuropathy,0,0,full,0.01091639,91.6054
NEG0021,negverify,fatigue,0,0,full,0.01091639,91.6054
NEG0021,negverify,pain,0,0,full,0.01091639,91.6054
NEG0021,negverify,physical_function,0,0,full,0.01091639,91.6054
NEG0021,negverify,swallowing,0,0,full,0.01091639,91.6054
NEG0021,negverify,speech_voice,0,0,full,0.01091639,91.6054
NEG0021,negverify,hearing,0,0,full,0.01091639,91.6054
NEG0021,negverify,respiratory,0,0,full,0.01091639,91.6054
NEG0021,negverify,bowel,0,0,full,0.01091639,91.6054
NEG0021,negverify,urinary,0,0,full,0.01091639,91.6054
NEG0021,negverify,sexual_reproductive,0,0,full,0.01091639,91.6054
NEG0021,negverify,limb_lymphedema,0,0,full,0.01091639,91.6054
NEG0021,negverify,visual,0,0,full,0.01091639,91.6054
NEG0022,negverify,cognition,0,0,full,0.01091639,91.6054
NEG0022,negverify,neuropathy,0,0,full,0.01091639,91.6054
NEG0022,negverify,fatigue,0,0,full,0.01091639,91.6054
NEG0022,negverify,pain,0,0,full,0.01091639,91.6054
NEG0022,negverify,physical_function,0,0,full,0.01091639,91.6054
NEG0022,negverify,swallowing,0,0,full,0.01091639,91.6054
NEG0022,negverify,speech_voice,0,0,full,0.01091639,91.6054
NEG0022,negverify,hearing,0,0,full,0.01091639,91.6054
NEG0022,negverify,respiratory,0,0,full,0.01091639,91.6054
NEG0022,negverify,bowel,0,0,full,0.01091639,91.6054
NEG0022,negverify,urinary,0,0,full,0.01091639,91.6054
NEG0022,negverify,sexual_reproductive,0,0,full,0.01091639,91.6054
NEG0022,negverify,limb_lymphedema,0,0,full,0.01091639,91.6054
NEG0022,negverify,visual,0,0,full,0.01091639,91.6054
NEG0023,negverify,cognition,0,0,full,0.01091639,91.6054
NEG0023,negverify,neuropathy,0,0,full,0.01091639,91.6054
NEG0023,negverify,fatigue,0,0,full,0.01091639,91.6054
NEG0023,negverify,pain,0,0,full,0.01091639,91.6054
NEG0023,negverify,physical_function,0,0,full,0.01091639,91.6054
NEG0023,negverify,swallowing,0,0,full,0.01091639,91.6054
NEG0023,negverify,speech_voice,0,0,full,0.01091639,91.6054
NEG0023,negverify,hearing,0,0,full,0.01091639,91.6054
NEG0023,negverify,respiratory,0,0,full,0.01091639,91.6054
NEG0023,negverify,bowel,0,0,full,0.01091639,91.6054
NEG0023,negverify,urinary,0,0,full,0.01091639,91.6054
NEG0023,negverify,sexual_reproductive,0,0,full,0.01091639,91.6054
NEG0023,negverify,limb_lymphedema,0,0,full,0.01091639,91.6054
NEG0023,negverify,visual,0,0,full,0.01091639,91.6054
NEG0024,negverify,cognition,0,0,full,0.01091639,91.6054
NEG0024,negverify,neuropathy,0,0,full,0.01091639,91.6054
NEG0024,negverify,fatigue,0,0,full,0.01091639,91.6054
NEG0024,negverify,pain,0,0,full,0.01091639,91.6054
NEG0024,negverify,physical_function,0,0,full,0.01091639,91.6054
NEG0024,negverify,swallowing,0,0,full,0.01091639,91.6054
NEG0024,negverify,speech_voice,0,0,full,0.01091639,91.6054
NEG0024,negverify,hearing,0,0,full,0.01091639,91.6054
NEG0024,negverify,respiratory,0,0,full,0.01091639,91.6054
NEG0024,negverify,bowel,0,0,full,0.01091639,91.6054
NEG0024,negverify,urinary,0,0,full,0.01091639,91.6054
NEG0024,negverify,sexual_reproductive,0,0,full,0.01091639,91.6054
NEG0024,negverify,limb_lymphedema,0,0,full,0.01091639,91.6054
NEG0024,negverify,visual,0,0,full,0.01091639,91.6054
NEG0025,negverify,cognition,0,0,full,0.01091639,91.6054
NEG0025,negverify,neuropathy,0,0,full,0.01091639,91.6054
NEG0025,negverify,fatigue,0,0,full,0.01091639,91.6054
NEG0025,negverify,pain,0,0,full,0.01091639,91.6054
NEG0025,negverify,physical_function,0,0,full,0.01091639,91.6054
NEG0025,negverify,swallowing,0,0,full,0.01091639,91.6054
NEG0025,negverify,speech_voice,0,0,full,0.01091639,91.6054
NEG0025,negverify,hearing,0,0,full,0.01091639,91.6054
NEG0025,negverify,respiratory,0,0,full,0.01091639,91.6054
NEG0025,negverify,bowel,0,0,full,0.01091639,91.6054
NEG0025,negverify,urinary,0,0,full,0.01091639,91.6054
NEG0025,negverify,sexual_reproductive,0,0,full,0.01091639,91.6054
NEG0025,negverify,limb_lymphedema,0,0,full,0.01091639,91.6054
NEG0025,negverify,visual,0,0,full,0.01091639,91.6054
NEG0026,negverify,cognition,0,0,full,0.01091639,91.6054
NEG0026,negverify,neuropathy,0,0,full,0.01091639,91.6054
NEG0026,negverify,fatigue,0,0,full,0.01091639,91.6054
NEG0026,negverify,pain,0,0,full,0.01091639,91.6054
NEG0026,negverify,physical_function,0,0,full,0.01091639,91.6054
NEG0026,negverify,swallowing,0,0,full,0.01091639,91.6054
NEG0026,negverify,speech_voice,0,0,full,0.01091639,91.6054
NEG0026,negverify,hearing,0,0,full,0.01091639,91.6054
NEG0026,negverify,respiratory,0,0,full,0.01091639,91.6054
NEG0026,negverify,bowel,0,0,full,0.01091639,91.6054
NEG0026,negverify,urinary,0,0,full,0.01091639,91.6054
NEG0026,negverify,sexual_reproductive,0,0,full,0.01091639,91.6054
NEG0026,negverify,limb_lymphedema,0,0,full,0.01091639,91.6054
NEG0026,negverify,visual,0,0,full,0.01091639,91.6054
NEG0027,negverify,cognition,0,0,full,0.01091639,91.6054
NEG0027,negverify,neuropathy,0,0,full,0.01091639,91.6054
NEG0027,negverify,fatigue,0,0,full,0.01091639,91.6054
NEG0027,negverify,pain,0,0,full,0.01091639,91.6054
NEG0027,negverify,physical_function,0,0,full,0.01091639,91.6054
NEG0027,negverify,swallowing,0,0,full,0.01091639,91.6054
NEG0027,negverify,speech_voice,0,0,full,0.01091639,91.6054
NEG0027,negverify,hearing,0,0,full,0.01091639,91.6054
NEG0027,negverify,respiratory,0,0,full,0.01091639,91.6054
NEG0027,negverify,bowel,0,0,full,0.01091639,91.6054
NEG0027,negverify,urinary,0,0,full,0.01091639,91.6054
NEG0027,negverify,sexual_reproductive,0,0,full,0.01091639,91.6054
NEG0027,negverify,limb_lymphedema,0,0,full,0.01091639,91.6054
NEG0027,negverify,visual,0,0,full,0.01091639,91.6054
NEG0028,negverify,cognition,0,0,full,0.01091639,91.6054
NEG0028,negverify,neuropathy,0,0,full,0.01091639,91.6054
NEG0028,negverify,fatigue,0,0,full,0.01091639,91.6054
NEG0028,negverify,pain,0,0,full,0.01091639,91.6054
NEG0028,negverify,physical_function,0,0,full,0.01091639,91.6054
NEG0028,negverify,swallowing,0,0,full,0.01091639,91.6054
NEG0028,negverify,speech_voice,0,0,full,0.01091639,91.6054
NEG0028,negverify,hearing,0,0,full,0.01091639,91.6054
NEG0028,negverify,respiratory,0,0,full,0.01091639,91.6054
NEG0028,negverify,bowel,0,0,full,0.01091639,91.6054
NEG0028,negverify,urinary,0,0,full,0.01091639,91.6054
NEG0028,negverify,sexual_reproductive,0,0,full,0.01091639,91.6054
NEG0028,negverify,limb_lymphedema,0,0,full,0.01091639,91.6054
NEG0028,negverify,visual,0,0,full,0.01091639,91.6054
NEG0029,negverify,cognition,0,0,truncated,0.01091639,91.6054
NEG0029,negverify,neuropathy,0,0,truncated,0.01091639,91.6054
NEG0029,negverify,fatigue,0,0,truncated,0.01091639,91.6054
NEG0029,negverify,pain,0,0,truncated,0.01091639,91.6054
NEG0029,negverify,physical_function,0,0,truncated,0.01091639,91.6054
NEG0029,negverify,swallowing,0,0,truncated,0.01091639,91.6054
NEG0029,negverify,speech_voice,0,0,truncated,0.01091639,91.6054
NEG0029,negverify,hearing,0,0,truncated,0.01091639,91.6054
NEG0029,negverify,respiratory,0,0,truncated,0.01091639,91.6054
NEG0029,negverify,bowel,0,0,truncated,0.01091639,91.6054
NEG0029,negverify,urinary,0,0,truncated,0.01091639,91.6054
NEG0029,negverify,sexual_reproductive,0,0,truncated,0.01091639,91.6054
NEG0029,negverify,limb_lymphedema,0,0,truncated,0.01091639,91.6054
NEG0029,negverify,visual,0,0,truncated,0.01091639,91.6054
NEG0030,negverify,cognition,0,0,full,0.01091639,91.6054
NEG0030,negverify,neuropathy,0,0,full,0.01091639,91.6054
NEG0030,negverify,fatigue,0,0,full,0.01091639,91.6054
NEG0030,negverify,pain,0,0,full,0.01091639,91.6054
NEG0030,negverify,physical_function,0,0,full,0.01091639,91.6054
NEG0030,negverify,swallowing,0,0,full,0.01091639,91.6054
NEG0030,negverify,speech_voice,0,0,full,0.01091639,91.6054
NEG0030,negverify,hearing,0,0,full,0.01091639,91.6054
NEG0030,negverify,respiratory,0,0,full,0.01091639,91.6054
NEG0030,negverify,bowel,0,0,full,0.01091639,91.6054
NEG0030,negverify,urinary,0,0,full,0.01091639,91.6054
NEG0030,negverify,sexual_reproductive,0,0,full,0.01091639,91.6054
NEG0030,negverify,limb_lymphedema,0,0,full,0.01091639,91.6054
NEG0030,negverify,visual,0,0,full,0.01091639,91.6054
NEG0031,negverify,cognition,0,0,truncated,0.01091639,91.6054
NEG0031,negverify,neuropathy,0,0,truncated,0.01091639,91.6054
NEG0031,negverify,fatigue,0,0,truncated,0.01091639,91.6054
NEG0031,negverify,pain,0,0,truncated,0.01091639,91.6054
NEG0031,negverify,physical_function,0,0,truncated,0.01091639,91.6054
NEG0031,negverify,swallowing,0,0,truncated,0.01091639,91.6054
NEG0031,negverify,speech_voice,0,0,truncated,0.01091639,91.6054
NEG0031,negverify,hearing,0,0,truncated,0.01091639,91.6054
NEG0031,negverify,respiratory,0,0,truncated,0.01091639,91.6054
NEG0031,negverify,bowel,0,0,truncated,0.01091639,91.6054
NEG0031,negverify,urinary,0,0,truncated,0.01091639,91.6054
NEG0031,negverify,sexual_reproductive,0,0,truncated,0.01091639,91.6054
NEG0031,negverify,limb_lymphedema,0,0,truncated,0.01091639,91.6054
NEG0031,negverify,visual,0,0,truncated,0.01091639,91.6054
NEG0032,negverify,cognition,0,0,full,0.01091639,91.6054
NEG0032,negverify,neuropathy,0,0,full,0.01091639,91.6054
NEG0032,negverify,fatigue,0,0,full,0.01091639,91.6054
NEG0032,negverify,pain,0,0,full,0.01091639,91.6054
NEG0032,negverify,physical_function,0,0,full,0.01091639,91.6054
NEG0032,negverify,swallowing,0,0,full,0.01091639,91.6054
NEG0032,negverify,speech_voice,0,0,full,0.01091639,91.6054
NEG0032,negverify,hearing,0,0,full,0.01091639,91.6054
NEG0032,negverify,respiratory,0,0,full,0.01091639,91.6054
NEG0032,negverify,bowel,0,0,full,0.01091639,91.6054
NEG0032,negverify,urinary,0,0,full,0.01091639,91.6054
NEG0032,negverify,sexual_reproductive,0,0,full,0.01091639,91.6054
NEG0032,negverify,limb_lymphedema,0,0,full,0.01091639,91.6054
NEG0032,negverify,visual,0,0,full,0.01091639,91.6054
NEG0033,negverify,cognition,0,0,full,0.01091639,91.6054
NEG0033,negverify,neuropathy,0,0,full,0.01091639,91.6054
NEG0033,negverify,fatigue,0,0,full,0.01091639,91.6054
NEG0033,negverify,pain,0,0,full,0.01091639,91.6054
NEG0033,negverify,physical_function,0,0,full,0.01091639,91.6054
NEG0033,negverify,swallowing,0,0,full,0.01091639,91.6054
NEG0033,negverify,speech_voice,0,0,full,0.01091639,91.6054
NEG0033,negverify,hearing,0,0,full,0.01091639,91.6054
NEG0033,negverify,respiratory,0,0,full,0.01091639,91.6054
NEG0033,negverify,bowel,0,0,full,0.01091639,91.6054
NEG0033,negverify,urinary,0,0,full,0.01091639,91.6054
NEG0033,negverify,sexual_reproductive,0,0,full,0.01091639,91.6054
NEG0033,negverify,limb_lymphedema,0,0,full,0.01091639,91.6054
NEG0033,negverify,visual,0,0,full,0.01091639,91.6054
NEG0034,negverify,cognition,0,0,full,0.01091639,91.6054
NEG0034,negverify,neuropathy,0,0,full,0.01091639,91.6054
NEG0034,negverify,fatigue,0,0,full,0.01091639,91.6054
NEG0034,negverify,pain,0,0,full,0.01091639,91.6054
NEG0034,negverify,physical_function,0,0,full,0.01091639,91.6054
NEG0034,negverify,swallowing,0,0,full,0.01091639,91.6054
NEG0034,negverify,speech_voice,0,0,full,0.01091639,91.6054
NEG0034,negverify,hearing,0,0,full,0.01091639,91.6054
NEG0034,negverify,respiratory,0,0,full,0.01091639,91.6054
NEG0034,negverify,bowel,0,0,full,0.01091639,91.6054
NEG0034,negverify,urinary,0,0,full,0.01091639,91.6054
NEG0034,negverify,sexual_reproductive,0,0,full,0.01091639,91.6054
NEG0034,negverify,limb_lymphedema,0,0,full,0.01091639,91.6054
NEG0034,negverify,visual,0,0,full,0.01091639,91.6054
NEG0035,negverify,cognition,0,0,full,0.01091639,91.6054
NEG0035,negverify,neuropathy,0,0,full,0.01091639,91.6054
NEG0035,negverify,fatigue,0,0,full,0.01091639,91.6054
NEG0035,negverify,pain,0,0,full,0.01091639,91.6054
NEG0035,negverify,physical_function,0,0,full,0.01091639,91.6054
NEG0035,negverify,swallowing,0,0,full,0.01091639,91.6054
NEG0035,negverify,speech_voice,0,0,full,0.01091639,91.6054
NEG0035,negverify,hearing,0,0,full,0.01091639,91.6054
NEG0035,negverify,respiratory,0,0,full,0.01091639,91.6054
NEG0035,negverify,bowel,0,0,full,0.01091639,91.6054
NEG0035,negverify,urinary,0,0,full,0.01091639,91.6054
NEG0035,negverify,sexual_reproductive,0,0,full,0.01091639,91.6054
NEG0035,negverify,limb_lymphedema,0,0,full,0.01091639,91.6054
NEG0035,negverify,visual,0,0,full,0.01091639,91.6054
NEG0036,negverify,cognition,0,0,full,0.01091639,91.6054
NEG0036,negverify,neuropathy,0,0,full,0.01091639,91.6054
NEG0036,negverify,fatigue,0,0,full,0.01091639,91.6054
NEG0036,negverify,pain,0,0,full,0.01091639,91.6054
NEG0036,negverify,physical_function,0,0,full,0.01091639,91.6054
NEG0036,negverify,swallowing,0,0,full,0.01091639,91.6054
NEG0036,negverify,speech_voice,0,0,full,0.01091639,91.6054
NEG0036,negverify,hearing,0,0,full,0.01091639,91.6054
NEG0036,negverify,respiratory,0,0,full,0.01091639,91.6054
NEG0036,negverify,bowel,0,0,full,0.01091639,91.6054
NEG0036,negverify,urinary,0,0,full,0.01091639,91.6054
NEG0036,negverify,sexual_reproductive,0,0,full,0.01091639,91.6054
NEG0036,negverify,limb_lymphedema,0,0,full,0.01091639,91.6054
NEG0036,negverify,visual,0,0,full,0.01091639,91.6054
NEG0037,negverify,cognition,0,0,full,0.01091639,91.6054
NEG0037,negverify,neuropathy,0,0,full,0.01091639,91.6054
NEG0037,negverify,fatigue,0,0,full,0.01091639,91.6054
NEG0037,negverify,pain,0,0,full,0.01091639,91.6054
NEG0037,negverify,physical_function,0,0,full,0.01091639,91.6054
NEG0037,negverify,swallowing,0,0,full,0.01091639,91.6054
NEG0037,negverify,speech_voice,0,0,full,0.01091639,91.6054
NEG0037,negverify,hearing,0,0,full,0.01091639,91.6054
NEG0037,negverify,respiratory,0,0,full,0.01091639,91.6054
NEG0037,negverify,bowel,0,0,full,0.01091639,91.6054
NEG0037,negverify,urinary,0,0,full,0.01091639,91.6054
NEG0037,negverify,sexual_reproductive,0,0,full,0.01091639,91.6054
NEG0037,negverify,limb_lymphedema,0,0,full,0.01091639,91.6054
NEG0037,negverify,visual,0,0,full,0.01091639,91.6054
NEG0038,negverify,cognition,0,0,full,0.01091639,91.6054
NEG0038,negverify,neuropathy,0,0,full,0.01091639,91.6054
NEG0038,negverify,fatigue,0,0,full,0.01091639,91.6054
NEG0038,negverify,pain,0,0,full,0.01091639,91.6054
NEG0038,negverify,physical_function,0,0,full,0.01091639,91.6054
NEG0038,negverify,swallowing,0,0,full,0.01091639,91.6054
NEG0038,negverify,speech_voice,0,0,full,0.01091639,91.6054
NEG0038,negverify,hearing,0,0,full,0.01091639,91.6054
NEG0038,negverify,respiratory,0,0,full,0.01091639,91.6054
NEG0038,negverify,bowel,0,0,full,0.01091639,91.6054
NEG0038,negverify,urinary,0,0,full,0.01091639,91.6054
NEG0038,negverify,sexual_reproductive,0,0,full,0.01091639,91.6054
NEG0038,negverify,limb_lymphedema,0,0,full,0.01091639,91.6054
NEG0038,negverify,visual,0,0,full,0.01091639,91.6054
NEG0039,negverify,cognition,0,0,truncated,0.01091639,91.6054
NEG0039,negverify,neuropathy,0,0,truncated,0.01091639,91.6054
NEG0039,negverify,fatigue,0,0,truncated,0.01091639,91.6054
NEG0039,negverify,pain,0,0,truncated,0.01091639,91.6054
NEG0039,negverify,physical_function,0,0,truncated,0.01091639,91.6054
NEG0039,negverify,swallowing,0,0,truncated,0.01091639,91.6054
NEG0039,negverify,speech_voice,0,0,truncated,0.01091639,91.6054
NEG0039,negverify,hearing,0,0,truncated,0.01091639,91.6054
NEG0039,negverify,respiratory,0,0,truncated,0.01091639,91.6054
NEG0039,negverify,bowel,0,0,truncated,0.01091639,91.6054
NEG0039,negverify,urinary,0,0,truncated,0.01091639,91.6054
NEG0039,negverify,sexual_reproductive,0,1,truncated,0.01091639,91.6054
NEG0039,negverify,limb_lymphedema,0,0,truncated,0.01091639,91.6054
NEG0039,negverify,visual,0,0,truncated,0.01091639,91.6054
NEG0040,negverify,cognition,0,0,full,0.01091639,91.6054
NEG0040,negverify,neuropathy,0,0,full,0.01091639,91.6054
NEG0040,negverify,fatigue,0,0,full,0.01091639,91.6054
NEG0040,negverify,pain,0,0,full,0.01091639,91.6054
NEG0040,negverify,physical_function,0,0,full,0.01091639,91.6054
NEG0040,negverify,swallowing,0,0,full,0.01091639,91.6054
NEG0040,negverify,speech_voice,0,0,full,0.01091639,91.6054
NEG0040,negverify,hearing,0,0,full,0.01091639,91.6054
NEG0040,negverify,respiratory,0,0,full,0.01091639,91.6054
NEG0040,negverify,bowel,0,0,full,0.01091639,91.6054
NEG0040,negverify,urinary,0,0,full,0.01091639,91.6054
NEG0040,negverify,sexual_reproductive,0,0,full,0.01091639,91.6054
NEG0040,negverify,limb_lymphedema,0,0,full,0.01091639,91.6054
NEG0040,negverify,visual,0,0,full,0.01091639,91.6054
NEG0041,negverify,cognition,0,0,full,0.01091639,91.6054
NEG0041,negverify,neuropathy,0,0,full,0.01091639,91.6054
NEG0041,negverify,fatigue,0,0,full,0.01091639,91.6054
NEG0041,negverify,pain,0,0,full,0.01091639,91.6054
NEG0041,negverify,physical_function,0,0,full,0.01091639,91.6054
NEG0041,negverify,swallowing,0,0,full,0.01091639,91.6054
NEG0041,negverify,speech_voice,0,0,full,0.01091639,91.6054
NEG0041,negverify,hearing,0,0,full,0.01091639,91.6054
NEG0041,negverify,respiratory,0,0,full,0.01091639,91.6054
NEG0041,negverify,bowel,0,0,full,0.01091639,91.6054
NEG0041,negverify,urinary,0,0,full,0.01091639,91.6054
NEG0041,negverify,sexual_reproductive,0,0,full,0.01091639,91.6054
NEG0041,negverify,limb_lymphedema,0,0,full,0.01091639,91.6054
NEG0041,negverify,visual,0,0,full,0.01091639,91.6054
NEG0042,negverify,cognition,0,0,full,0.01091639,91.6054
NEG0042,negverify,neuropathy,0,0,full,0.01091639,91.6054
NEG0042,negverify,fatigue,0,0,full,0.01091639,91.6054
NEG0042,negverify,pain,0,0,full,0.01091639,91.6054
NEG0042,negverify,physical_function,0,0,full,0.01091639,91.6054
NEG0042,negverify,swallowing,0,0,full,0.01091639,91.6054
NEG0042,negverify,speech_voice,0,0,full,0.01091639,91.6054
NEG0042,negverify,hearing,0,0,full,0.01091639,91.6054
NEG0042,negverify,respiratory,0,0,full,0.01091639,91.6054
NEG0042,negverify,bowel,0,0,full,0.01091639,91.6054
NEG0042,negverify,urinary,0,0,full,0.01091639,91.6054
NEG0042,negverify,sexual_reproductive,0,0,full,0.01091639,91.6054
NEG0042,negverify,limb_lymphedema,0,0,full,0.01091639,91.6054
NEG0042,negverify,visual,0,0,full,0.01091639,91.6054
NEG0043,negverify,cognition,0,0,full,0.01091639,91.6054
NEG0043,negverify,neuropathy,0,0,full,0.01091639,91.6054
NEG0043,negverify,fatigue,0,0,full,0.01091639,91.6054
NEG0043,negverify,pain,0,0,full,0.01091639,91.6054
NEG0043,negverify,physical_function,0,0,full,0.01091639,91.6054
NEG0043,negverify,swallowing,0,0,full,0.01091639,91.6054
NEG0043,negverify,speech_voice,0,0,full,0.01091639,91.6054
NEG0043,negverify,hearing,0,0,full,0.01091639,91.6054
NEG0043,negverify,respiratory,0,0,full,0.01091639,91.6054
NEG0043,negverify,bowel,0,0,full,0.01091639,91.6054
NEG0043,negverify,urinary,0,0,full,0.01091639,91.6054
NEG0043,negverify,sexual_reproductive,0,0,full,0.01091639,91.6054
NEG0043,negverify,limb_lymphedema,0,0,full,0.01091639,91.6054
NEG0043,negverify,visual,0,0,full,0.01091639,91.6054
NEG0044,negverify,cognition,0,0,full,0.01091639,91.6054
NEG0044,negverify,neuropathy,0,0,full,0.01091639,91.6054
NEG0044,negverify,fatigue,0,0,full,0.01091639,91.6054
NEG0044,negverify,pain,0,0,full,0.01091639,91.6054
NEG0044,negverify,physical_function,0,0,full,0.01091639,91.6054
NEG0044,negverify,swallowing,0,0,full,0.01091639,91.6054
NEG0044,negverify,speech_voice,0,0,full,0.01091639,91.6054
NEG0044,negverify,hearing,0,0,full,0.01091639,91.6054
NEG0044,negverify,respiratory,0,0,full,0.01091639,91.6054
NEG0044,negverify,bowel,0,0,full,0.01091639,91.6054
NEG0044,negverify,urinary,0,0,full,0.01091639,91.6054
NEG0044,negverify,sexual_reproductive,0,0,full,0.01091639,91.6054
NEG0044,negverify,limb_lymphedema,0,0,full,0.01091639,91.6054
NEG0044,negverify,visual,0,0,full,0.01091639,91.6054
NEG0045,negverify,cognition,0,0,full,0.01091639,91.6054
NEG0045,negverify,neuropathy,0,0,full,0.01091639,91.6054
NEG0045,negverify,fatigue,0,0,full,0.01091639,91.6054
NEG0045,negverify,pain,0,0,full,0.01091639,91.6054
NEG0045,negverify,physical_function,0,0,full,0.01091639,91.6054
NEG0045,negverify,swallowing,0,0,full,0.01091639,91.6054
NEG0045,negverify,speech_voice,0,0,full,0.01091639,91.6054
NEG0045,negverify,hearing,0,0,full,0.01091639,91.6054
NEG0045,negverify,respiratory,0,0,full,0.01091639,91.6054
NEG0045,negverify,bowel,0,0,full,0.01091639,91.6054
NEG0045,negverify,urinary,0,0,full,0.01091639,91.6054
NEG0045,negverify,sexual_reproductive,0,0,full,0.01091639,91.6054
NEG0045,negverify,limb_lymphedema,0,0,full,0.01091639,91.6054
NEG0045,negverify,visual,0,0,full,0.01091639,91.6054
NEG0046,negverify,cognition,0,0,full,0.01091639,91.6054
NEG0046,negverify,neuropathy,0,0,full,0.01091639,91.6054
NEG0046,negverify,fatigue,0,0,full,0.01091639,91.6054
NEG0046,negverify,pain,0,0,full,0.01091639,91.6054
NEG0046,negverify,physical_function,0,0,full,0.01091639,91.6054
NEG0046,negverify,swallowing,0,0,full,0.01091639,91.6054
NEG0046,negverify,speech_voice,0,0,full,0.01091639,91.6054
NEG0046,negverify,hearing,0,0,full,0.01091639,91.6054
NEG0046,negverify,respiratory,0,0,full,0.01091639,91.6054
NEG0046,negverify,bowel,0,0,full,0.01091639,91.6054
NEG0046,negverify,urinary,0,0,full,0.01091639,91.6054
NEG0046,negverify,sexual_reproductive,0,0,full,0.01091639,91.6054
NEG0046,negverify,limb_lymphedema,0,0,full,0.01091639,91.6054
NEG0046,negverify,visual,0,0,full,0.01091639,91.6054
NEG0047,negverify,cognition,0,0,full,0.01091639,91.6054
NEG0047,negverify,neuropathy,0,0,full,0.01091639,91.6054
NEG0047,negverify,fatigue,0,0,full,0.01091639,91.6054
NEG0047,negverify,pain,0,0,full,0.01091639,91.6054
NEG0047,negverify,physical_function,0,0,full,0.01091639,91.6054
NEG0047,negverify,swallowing,0,0,full,0.01091639,91.6054
NEG0047,negverify,speech_voice,0,0,full,0.01091639,91.6054
NEG0047,negverify,hearing,0,0,full,0.01091639,91.6054
NEG0047,negverify,respiratory,0,0,full,0.01091639,91.6054
NEG0047,negverify,bowel,0,0,full,0.01091639,91.6054
NEG0047,negverify,urinary,0,0,full,0.01091639,91.6054
NEG0047,negverify,sexual_reproductive,0,0,full,0.01091639,91.6054
NEG0047,negverify,limb_lymphedema,0,0,full,0.01091639,91.6054
NEG0047,negverify,visual,0,0,full,0.01091639,91.6054
NEG0048,negverify,cognition,0,0,full,0.01091639,91.6054
NEG0048,negverify,neuropathy,0,0,full,0.01091639,91.6054
NEG0048,negverify,fatigue,0,0,full,0.01091639,91.6054
NEG0048,negverify,pain,0,0,full,0.01091639,91.6054
NEG0048,negverify,physical_function,0,0,full,0.01091639,91.6054
NEG0048,negverify,swallowing,0,0,full,0.01091639,91.6054
NEG0048,negverify,speech_voice,0,0,full,0.01091639,91.6054
NEG0048,negverify,hearing,0,0,full,0.01091639,91.6054
NEG0048,negverify,respiratory,0,0,full,0.01091639,91.6054
NEG0048,negverify,bowel,0,0,full,0.01091639,91.6054
NEG0048,negverify,urinary,0,0,full,0.01091639,91.6054
NEG0048,negverify,sexual_reproductive,0,0,full,0.01091639,91.6054
NEG0048,negverify,limb_lymphedema,0,0,full,0.01091639,91.6054
NEG0048,negverify,visual,0,0,full,0.01091639,91.6054
NEG0049,negverify,cognition,0,0,full,0.01091639,91.6054
NEG0049,negverify,neuropathy,0,0,full,0.01091639,91.6054
NEG0049,negverify,fatigue,0,0,full,0.01091639,91.6054
NEG0049,negverify,pain,0,0,full,0.01091639,91.6054
NEG0049,negverify,physical_function,0,0,full,0.01091639,91.6054
NEG0049,negverify,swallowing,0,0,full,0.01091639,91.6054
NEG0049,negverify,speech_voice,0,0,full,0.01091639,91.6054
NEG0049,negverify,hearing,0,0,full,0.01091639,91.6054
NEG0049,negverify,respiratory,0,0,full,0.01091639,91.6054
NEG0049,negverify,bowel,0,0,full,0.01091639,91.6054
NEG0049,negverify,urinary,0,0,full,0.01091639,91.6054
NEG0049,negverify,sexual_reproductive,0,0,full,0.01091639,91.6054
NEG0049,negverify,limb_lymphedema,0,0,full,0.01091639,91.6054
NEG0049,negverify,visual,0,0,full,0.01091639,91.6054
NEG0050,negverify,cognition,0,0,full,0.01091639,91.6054
NEG0050,negverify,neuropathy,0,0,full,0.01091639,91.6054
NEG0050,negverify,fatigue,0,0,full,0.01091639,91.6054
NEG0050,negverify,pain,0,0,full,0.01091639,91.6054
NEG0050,negverify,physical_function,0,0,full,0.01091639,91.6054
NEG0050,negverify,swallowing,0,0,full,0.01091639,91.6054
NEG0050,negverify,speech_voice,0,0,full,0.01091639,91.6054
NEG0050,negverify,hearing,0,0,full,0.01091639,91.6054
NEG0050,negverify,respiratory,0,0,full,0.01091639,91.6054
NEG0050,negverify,bowel,0,0,full,0.01091639,91.6054
NEG0050,negverify,urinary,0,0,full,0.01091639,91.6054
NEG0050,negverify,sexual_reproductive,0,0,full,0.01091639,91.6054
NEG0050,negverify,limb_lymphedema,0,0,full,0.01091639,91.6054
NEG0050,negverify,visual,0,0,full,0.01091639,91.6054
NEG0051,negverify,cognition,0,0,full,0.01091639,91.6054
NEG0051,negverify,neuropathy,0,0,full,0.01091639,91.6054
NEG0051,negverify,fatigue,0,0,full,0.01091639,91.6054
NEG0051,negverify,pain,0,0,full,0.01091639,91.6054
NEG0051,negverify,physical_function,0,0,full,0.01091639,91.6054
NEG0051,negverify,swallowing,0,0,full,0.01091639,91.6054
NEG0051,negverify,speech_voice,0,0,full,0.01091639,91.6054
NEG0051,negverify,hearing,0,0,full,0.01091639,91.6054
NEG0051,negverify,respiratory,0,0,full,0.01091639,91.6054
NEG0051,negverify,bowel,0,0,full,0.01091639,91.6054
NEG0051,negverify,urinary,0,0,full,0.01091639,91.6054
NEG0051,negverify,sexual_reproductive,0,0,full,0.01091639,91.6054
NEG0051,negverify,limb_lymphedema,0,0,full,0.01091639,91.6054
NEG0051,negverify,visual,0,0,full,0.01091639,91.6054
NEG0052,negverify,cognition,0,0,truncated,0.01091639,91.6054
NEG0052,negverify,neuropathy,0,0,truncated,0.01091639,91.6054
NEG0052,negverify,fatigue,0,0,truncated,0.01091639,91.6054
NEG0052,negverify,pain,0,0,truncated,0.01091639,91.6054
NEG0052,negverify,physical_function,0,0,truncated,0.01091639,91.6054
NEG0052,negverify,swallowing,0,0,truncated,0.01091639,91.6054
NEG0052,negverify,speech_voice,0,0,truncated,0.01091639,91.6054
NEG0052,negverify,hearing,0,0,truncated,0.01091639,91.6054
NEG0052,negverify,respiratory,0,0,truncated,0.01091639,91.6054
NEG0052,negverify,bowel,0,0,truncated,0.01091639,91.6054
NEG0052,negverify,urinary,0,0,truncated,0.01091639,91.6054
NEG0052,negverify,sexual_reproductive,0,0,truncated,0.01091639,91.6054
NEG0052,negverify,limb_lymphedema,0,0,truncated,0.01091639,91.6054
NEG0052,negverify,visual,0,0,truncated,0.01091639,91.6054
NEG0053,negverify,cognition,0,0,full,0.01091639,91.6054
NEG0053,negverify,neuropathy,0,0,full,0.01091639,91.6054
NEG0053,negverify,fatigue,0,0,full,0.01091639,91.6054
NEG0053,negverify,pain,0,0,full,0.01091639,91.6054
NEG0053,negverify,physical_function,0,0,full,0.01091639,91.6054
NEG0053,negverify,swallowing,0,0,full,0.01091639,91.6054
NEG0053,negverify,speech_voice,0,0,full,0.01091639,91.6054
NEG0053,negverify,hearing,0,0,full,0.01091639,91.6054
NEG0053,negverify,respiratory,0,0,full,0.01091639,91.6054
NEG0053,negverify,bowel,0,0,full,0.01091639,91.6054
NEG0053,negverify,urinary,0,0,full,0.01091639,91.6054
NEG0053,negverify,sexual_reproductive,0,0,full,0.01091639,91.6054
NEG0053,negverify,limb_lymphedema,0,0,full,0.01091639,91.6054
NEG0053,negverify,visual,0,0,full,0.01091639,91.6054
NEG0054,negverify,cognition,0,0,full,0.01091639,91.6054
NEG0054,negverify,neuropathy,0,0,full,0.01091639,91.6054
NEG0054,negverify,fatigue,0,0,full,0.01091639,91.6054
NEG0054,negverify,pain,0,0,full,0.01091639,91.6054
NEG0054,negverify,physical_function,0,0,full,0.01091639,91.6054
NEG0054,negverify,swallowing,0,0,full,0.01091639,91.6054
NEG0054,negverify,speech_voice,0,0,full,0.01091639,91.6054
NEG0054,negverify,hearing,0,0,full,0.01091639,91.6054
NEG0054,negverify,respiratory,0,0,full,0.01091639,91.6054
NEG0054,negverify,bowel,0,0,full,0.01091639,91.6054
NEG0054,negverify,urinary,0,0,full,0.01091639,91.6054
NEG0054,negverify,sexual_reproductive,0,0,full,0.01091639,91.6054
NEG0054,negverify,limb_lymphedema,0,0,full,0.01091639,91.6054
NEG0054,negverify,visual,0,0,full,0.01091639,91.6054
NEG0055,negverify,cognition,0,0,full,0.01091639,91.6054
NEG0055,negverify,neuropathy,0,0,full,0.01091639,91.6054
NEG0055,negverify,fatigue,0,0,full,0.01091639,91.6054
NEG0055,negverify,pain,0,0,full,0.01091639,91.6054
NEG0055,negverify,physical_function,0,0,full,0.01091639,91.6054
NEG0055,negverify,swallowing,0,0,full,0.01091639,91.6054
NEG0055,negverify,speech_voice,0,0,full,0.01091639,91.6054
NEG0055,negverify,hearing,0,0,full,0.01091639,91.6054
NEG0055,negverify,respiratory,0,0,full,0.01091639,91.6054
NEG0055,negverify,bowel,0,0,full,0.01091639,91.6054
NEG0055,negverify,urinary,0,0,full,0.01091639,91.6054
NEG0055,negverify,sexual_reproductive,0,0,full,0.01091639,91.6054
NEG0055,negverify,limb_lymphedema,0,0,full,0.01091639,91.6054
NEG0055,negverify,visual,0,0,full,0.01091639,91.6054
NEG0056,negverify,cognition,0,0,full,0.01091639,91.6054
NEG0056,negverify,neuropathy,0,0,full,0.01091639,91.6054
NEG0056,negverify,fatigue,0,0,full,0.01091639,91.6054
NEG0056,negverify,pain,0,0,full,0.01091639,91.6054
NEG0056,negverify,physical_function,0,0,full,0.01091639,91.6054
NEG0056,negverify,swallowing,0,0,full,0.01091639,91.6054
NEG0056,negverify,speech_voice,0,0,full,0.01091639,91.6054
NEG0056,negverify,hearing,0,0,full,0.01091639,91.6054
NEG0056,negverify,respiratory,0,0,full,0.01091639,91.6054
NEG0056,negverify,bowel,0,0,full,0.01091639,91.6054
NEG0056,negverify,urinary,0,0,full,0.01091639,91.6054
NEG0056,negverify,sexual_reproductive,0,0,full,0.01091639,91.6054
NEG0056,negverify,limb_lymphedema,0,0,full,0.01091639,91.6054
NEG0056,negverify,visual,0,0,full,0.01091639,91.6054
NEG0057,negverify,cognition,0,0,full,0.01091639,91.6054
NEG0057,negverify,neuropathy,0,0,full,0.01091639,91.6054
NEG0057,negverify,fatigue,0,0,full,0.01091639,91.6054
NEG0057,negverify,pain,0,0,full,0.01091639,91.6054
NEG0057,negverify,physical_function,0,0,full,0.01091639,91.6054
NEG0057,negverify,swallowing,0,0,full,0.01091639,91.6054
NEG0057,negverify,speech_voice,0,0,full,0.01091639,91.6054
NEG0057,negverify,hearing,0,0,full,0.01091639,91.6054
NEG0057,negverify,respiratory,0,0,full,0.01091639,91.6054
NEG0057,negverify,bowel,0,0,full,0.01091639,91.6054
NEG0057,negverify,urinary,0,0,full,0.01091639,91.6054
NEG0057,negverify,sexual_reproductive,0,0,full,0.01091639,91.6054
NEG0057,negverify,limb_lymphedema,0,0,full,0.01091639,91.6054
NEG0057,negverify,visual,0,0,full,0.01091639,91.6054
NEG0058,negverify,cognition,0,0,full,0.01091639,91.6054
NEG0058,negverify,neuropathy,0,0,full,0.01091639,91.6054
NEG0058,negverify,fatigue,0,0,full,0.01091639,91.6054
NEG0058,negverify,pain,0,0,full,0.01091639,91.6054
NEG0058,negverify,physical_function,0,0,full,0.01091639,91.6054
NEG0058,negverify,swallowing,0,0,full,0.01091639,91.6054
NEG0058,negverify,speech_voice,0,0,full,0.01091639,91.6054
NEG0058,negverify,hearing,0,0,full,0.01091639,91.6054
NEG0058,negverify,respiratory,0,0,full,0.01091639,91.6054
NEG0058,negverify,bowel,0,0,full,0.01091639,91.6054
NEG0058,negverify,urinary,0,0,full,0.01091639,91.6054
NEG0058,negverify,sexual_reproductive,0,0,full,0.01091639,91.6054
NEG0058,negverify,limb_lymphedema,0,0,full,0.01091639,91.6054
NEG0058,negverify,visual,0,0,full,0.01091639,91.6054
NEG0059,negverify,cognition,0,0,full,0.01091639,91.6054
NEG0059,negverify,neuropathy,0,0,full,0.01091639,91.6054
NEG0059,negverify,fatigue,0,0,full,0.01091639,91.6054
NEG0059,negverify,pain,0,0,full,0.01091639,91.6054
NEG0059,negverify,physical_function,0,0,full,0.01091639,91.6054
NEG0059,negverify,swallowing,0,0,full,0.01091639,91.6054
NEG0059,negverify,speech_voice,0,0,full,0.01091639,91.6054
NEG0059,negverify,hearing,0,0,full,0.01091639,91.6054
NEG0059,negverify,respiratory,0,0,full,0.01091639,91.6054
NEG0059,negverify,bowel,0,0,full,0.01091639,91.6054
NEG0059,negverify,urinary,0,0,full,0.01091639,91.6054
NEG0059,negverify,sexual_reproductive,0,0,full,0.01091639,91.6054
NEG0059,negverify,limb_lymphedema,0,0,full,0.01091639,91.6054
NEG0059,negverify,visual,0,0,full,0.01091639,91.6054
NEG0060,negverify,cognition,0,0,full,0.01091639,91.6054
NEG0060,negverify,neuropathy,0,0,full,0.01091639,91.6054
NEG0060,negverify,fatigue,0,0,full,0.01091639,91.6054
NEG0060,negverify,pain,0,0,full,0.01091639,91.6054
NEG0060,negverify,physical_function,0,0,full,0.01091639,91.6054
NEG0060,negverify,swallowing,0,0,full,0.01091639,91.6054
NEG0060,negverify,speech_voice,0,0,full,0.01091639,91.6054
NEG0060,negverify,hearing,0,0,full,0.01091639,91.6054
NEG0060,negverify,respiratory,0,0,full,0.01091639,91.6054
NEG0060,negverify,bowel,0,0,full,0.01091639,91.6054
NEG0060,negverify,urinary,0,0,full,0.01091639,91.6054
NEG0060,negverify,sexual_reproductive,0,0,full,0.01091639,91.6054
NEG0060,negverify,limb_lymphedema,0,0,full,0.01091639,91.6054
NEG0060,negverify,visual,0,0,full,0.01091639,91.6054
NEG0061,negverify,cognition,0,0,full,0.01091639,91.6054
NEG0061,negverify,neuropathy,0,0,full,0.01091639,91.6054
NEG0061,negverify,fatigue,0,0,full,0.01091639,91.6054
NEG0061,negverify,pain,0,0,full,0.01091639,91.6054
NEG0061,negverify,physical_function,0,0,full,0.01091639,91.6054
NEG0061,negverify,swallowing,0,0,full,0.01091639,91.6054
NEG0061,negverify,speech_voice,0,0,full,0.01091639,91.6054
NEG0061,negverify,hearing,0,0,full,0.01091639,91.6054
NEG0061,negverify,respiratory,0,0,full,0.01091639,91.6054
NEG0061,negverify,bowel,0,0,full,0.01091639,91.6054
NEG0061,negverify,urinary,0,0,full,0.01091639,91.6054
NEG0061,negverify,sexual_reproductive,0,0,full,0.01091639,91.6054
NEG0061,negverify,limb_lymphedema,0,0,full,0.01091639,91.6054
NEG0061,negverify,visual,0,0,full,0.01091639,91.6054
NEG0062,negverify,cognition,0,0,truncated,0.01091639,91.6054
NEG0062,negverify,neuropathy,0,0,truncated,0.01091639,91.6054
NEG0062,negverify,fatigue,0,0,truncated,0.01091639,91.6054
NEG0062,negverify,pain,0,0,truncated,0.01091639,91.6054
NEG0062,negverify,physical_function,0,0,truncated,0.01091639,91.6054
NEG0062,negverify,swallowing,0,0,truncated,0.01091639,91.6054
NEG0062,negverify,speech_voice,0,0,truncated,0.01091639,91.6054
NEG0062,negverify,hearing,0,0,truncated,0.01091639,91.6054
NEG0062,negverify,respiratory,0,0,truncated,0.01091639,91.6054
NEG0062,negverify,bowel,0,0,truncated,0.01091639,91.6054
NEG0062,negverify,urinary,0,0,truncated,0.01091639,91.6054
NEG0062,negverify,sexual_reproductive,0,0,truncated,0.01091639,91.6054
NEG0062,negverify,limb_lymphedema,0,0,truncated,0.01091639,91.6054
NEG0062,negverify,visual,0,0,truncated,0.01091639,91.6054
NEG0063,negverify,cognition,0,0,truncated,0.01091639,91.6054
NEG0063,negverify,neuropathy,0,0,truncated,0.01091639,91.6054
NEG0063,negverify,fatigue,0,0,truncated,0.01091639,91.6054
NEG0063,negverify,pain,0,0,truncated,0.01091639,91.6054
NEG0063,negverify,physical_function,0,0,truncated,0.01091639,91.6054
NEG0063,negverify,swallowing,0,0,truncated,0.01091639,91.6054
NEG0063,negverify,speech_voice,0,0,truncated,0.01091639,91.6054
NEG0063,negverify,hearing,0,0,truncated,0.01091639,91.6054
NEG0063,negverify,respiratory,0,0,truncated,0.01091639,91.6054
NEG0063,negverify,bowel,0,0,truncated,0.01091639,91.6054
NEG0063,negverify,urinary,0,0,truncated,0.01091639,91.6054
NEG0063,negverify,sexual_reproductive,0,0,truncated,0.01091639,91.6054
NEG0063,negverify,limb_lymphedema,0,0,truncated,0.01091639,91.6054
NEG0063,negverify,visual,0,0,truncated,0.01091639,91.6054
NEG0064,negverify,cognition,0,0,full,0.01091639,91.6054
NEG0064,negverify,neuropathy,0,0,full,0.01091639,91.6054
NEG0064,negverify,fatigue,0,0,full,0.01091639,91.6054
NEG0064,negverify,pain,0,0,full,0.01091639,91.6054
NEG0064,negverify,physical_function,0,0,full,0.01091639,91.6054
NEG0064,negverify,swallowing,0,0,full,0.01091639,91.6054
NEG0064,negverify,speech_voice,0,0,full,0.01091639,91.6054
NEG0064,negverify,hearing,0,0,full,0.01091639,91.6054
NEG0064,negverify,respiratory,0,0,full,0.01091639,91.6054
NEG0064,negverify,bowel,0,0,full,0.01091639,91.6054
NEG0064,negverify,urinary,0,0,full,0.01091639,91.6054
NEG0064,negverify,sexual_reproductive,0,0,full,0.01091639,91.6054
NEG0064,negverify,limb_lymphedema,0,0,full,0.01091639,91.6054
NEG0064,negverify,visual,0,0,full,0.01091639,91.6054
NEG0065,negverify,cognition,0,0,full,0.01091639,91.6054
NEG0065,negverify,neuropathy,0,0,full,0.01091639,91.6054
NEG0065,negverify,fatigue,0,0,full,0.01091639,91.6054
NEG0065,negverify,pain,0,0,full,0.01091639,91.6054
NEG0065,negverify,physical_function,0,0,full,0.01091639,91.6054
NEG0065,negverify,swallowing,0,0,full,0.01091639,91.6054
NEG0065,negverify,speech_voice,0,0,full,0.01091639,91.6054
NEG0065,negverify,hearing,0,0,full,0.01091639,91.6054
NEG0065,negverify,respiratory,0,0,full,0.01091639,91.6054
NEG0065,negverify,bowel,0,0,full,0.01091639,91.6054
NEG0065,negverify,urinary,0,0,full,0.01091639,91.6054
NEG0065,negverify,sexual_reproductive,0,0,full,0.01091639,91.6054
NEG0065,negverify,limb_lymphedema,0,0,full,0.01091639,91.6054
NEG0065,negverify,visual,0,0,full,0.01091639,91.6054
NEG0066,negverify,cognition,0,0,full,0.01091639,91.6054
NEG0066,negverify,neuropathy,0,0,full,0.01091639,91.6054
NEG0066,negverify,fatigue,0,0,full,0.01091639,91.6054
NEG0066,negverify,pain,0,0,full,0.01091639,91.6054
NEG0066,negverify,physical_function,0,0,full,0.01091639,91.6054
NEG0066,negverify,swallowing,0,0,full,0.01091639,91.6054
NEG0066,negverify,speech_voice,0,0,full,0.01091639,91.6054
NEG0066,negverify,hearing,0,0,full,0.01091639,91.6054
NEG0066,negverify,respiratory,0,0,full,0.01091639,91.6054
NEG0066,negverify,bowel,0,0,full,0.01091639,91.6054
NEG0066,negverify,urinary,0,0,full,0.01091639,91.6054
NEG0066,negverify,sexual_reproductive,0,0,full,0.01091639,91.6054
NEG0066,negverify,limb_lymphedema,0,0,full,0.01091639,91.6054
NEG0066,negverify,visual,0,0,full,0.01091639,91.6054
NEG0067,negverify,cognition,0,0,full,0.01091639,91.6054
NEG0067,negverify,neuropathy,0,0,full,0.01091639,91.6054
NEG0067,negverify,fatigue,0,0,full,0.01091639,91.6054
NEG0067,negverify,pain,0,0,full,0.01091639,91.6054
NEG0067,negverify,physical_function,0,0,full,0.01091639,91.6054
NEG0067,negverify,swallowing,0,0,full,0.01091639,91.6054
NEG0067,negverify,speech_voice,0,0,full,0.01091639,91.6054
NEG0067,negverify,hearing,0,0,full,0.01091639,91.6054
NEG0067,negverify,respiratory,0,0,full,0.01091639,91.6054
NEG0067,negverify,bowel,0,0,full,0.01091639,91.6054
NEG0067,negverify,urinary,0,0,full,0.01091639,91.6054
NEG0067,negverify,sexual_reproductive,0,0,full,0.01091639,91.6054
NEG0067,negverify,limb_lymphedema,0,0,full,0.01091639,91.6054
NEG0067,negverify,visual,0,0,full,0.01091639,91.6054
NEG0068,negverify,cognition,0,0,full,0.01091639,91.6054
NEG0068,negverify,neuropathy,0,0,full,0.01091639,91.6054
NEG0068,negverify,fatigue,0,0,full,0.01091639,91.6054
NEG0068,negverify,pain,0,0,full,0.01091639,91.6054
NEG0068,negverify,physical_function,0,0,full,0.01091639,91.6054
NEG0068,negverify,swallowing,0,0,full,0.01091639,91.6054
NEG0068,negverify,speech_voice,0,0,full,0.01091639,91.6054
NEG0068,negverify,hearing,0,0,full,0.01091639,91.6054
NEG0068,negverify,respiratory,0,0,full,0.01091639,91.6054
NEG0068,negverify,bowel,0,0,full,0.01091639,91.6054
NEG0068,negverify,urinary,0,0,full,0.01091639,91.6054
NEG0068,negverify,sexual_reproductive,0,0,full,0.01091639,91.6054
NEG0068,negverify,limb_lymphedema,0,0,full,0.01091639,91.6054
NEG0068,negverify,visual,0,0,full,0.01091639,91.6054
NEG0069,negverify,cognition,0,0,full,0.01091639,91.6054
NEG0069,negverify,neuropathy,0,0,full,0.01091639,91.6054
NEG0069,negverify,fatigue,0,0,full,0.01091639,91.6054
NEG0069,negverify,pain,0,0,full,0.01091639,91.6054
NEG0069,negverify,physical_function,0,0,full,0.01091639,91.6054
NEG0069,negverify,swallowing,0,0,full,0.01091639,91.6054
NEG0069,negverify,speech_voice,0,0,full,0.01091639,91.6054
NEG0069,negverify,hearing,0,0,full,0.01091639,91.6054
NEG0069,negverify,respiratory,0,0,full,0.01091639,91.6054
NEG0069,negverify,bowel,0,0,full,0.01091639,91.6054
NEG0069,negverify,urinary,0,0,full,0.01091639,91.6054
NEG0069,negverify,sexual_reproductive,0,0,full,0.01091639,91.6054
NEG0069,negverify,limb_lymphedema,0,0,full,0.01091639,91.6054
NEG0069,negverify,visual,0,0,full,0.01091639,91.6054
NEG0070,negverify,cognition,0,0,full,0.01091639,91.6054
NEG0070,negverify,neuropathy,0,0,full,0.01091639,91.6054
NEG0070,negverify,fatigue,0,0,full,0.01091639,91.6054
NEG0070,negverify,pain,0,0,full,0.01091639,91.6054
NEG0070,negverify,physical_function,0,0,full,0.01091639,91.6054
NEG0070,negverify,swallowing,0,0,full,0.01091639,91.6054
NEG0070,negverify,speech_voice,0,0,full,0.01091639,91.6054
NEG0070,negverify,hearing,0,0,full,0.01091639,91.6054
NEG0070,negverify,respiratory,0,0,full,0.01091639,91.6054
NEG0070,negverify,bowel,0,0,full,0.01091639,91.6054
NEG0070,negverify,urinary,0,0,full,0.01091639,91.6054
NEG0070,negverify,sexual_reproductive,0,0,full,0.01091639,91.6054
NEG0070,negverify,limb_lymphedema,0,0,full,0.01091639,91.6054
NEG0070,negverify,visual,0,0,full,0.01091639,91.6054
NEG0071,negverify,cognition,0,0,full,0.01091639,91.6054
NEG0071,negverify,neuropathy,0,0,full,0.01091639,91.6054
NEG0071,negverify,fatigue,0,0,full,0.01091639,91.6054
NEG0071,negverify,pain,0,0,full,0.01091639,91.6054
NEG0071,negverify,physical_function,0,0,full,0.01091639,91.6054
NEG0071,negverify,swallowing,0,0,full,0.01091639,91.6054
NEG0071,negverify,speech_voice,0,0,full,0.01091639,91.6054
NEG0071,negverify,hearing,0,0,full,0.01091639,91.6054
NEG0071,negverify,respiratory,0,0,full,0.01091639,91.6054
NEG0071,negverify,bowel,0,0,full,0.01091639,91.6054
NEG0071,negverify,urinary,0,0,full,0.01091639,91.6054
NEG0071,negverify,sexual_reproductive,0,0,full,0.01091639,91.6054
NEG0071,negverify,limb_lymphedema,0,0,full,0.01091639,91.6054
NEG0071,negverify,visual,0,0,full,0.01091639,91.6054
NEG0072,negverify,cognition,0,0,full,0.01091639,91.6054
NEG0072,negverify,neuropathy,0,0,full,0.01091639,91.6054
NEG0072,negverify,fatigue,0,0,full,0.01091639,91.6054
NEG0072,negverify,pain,0,0,full,0.01091639,91.6054
NEG0072,negverify,physical_function,0,0,full,0.01091639,91.6054
NEG0072,negverify,swallowing,0,0,full,0.01091639,91.6054
NEG0072,negverify,speech_voice,0,0,full,0.01091639,91.6054
NEG0072,negverify,hearing,0,0,full,0.01091639,91.6054
NEG0072,negverify,respiratory,0,0,full,0.01091639,91.6054
NEG0072,negverify,bowel,0,0,full,0.01091639,91.6054
NEG0072,negverify,urinary,0,0,full,0.01091639,91.6054
NEG0072,negverify,sexual_reproductive,0,0,full,0.01091639,91.6054
NEG0072,negverify,limb_lymphedema,0,0,full,0.01091639,91.6054
NEG0072,negverify,visual,0,0,full,0.01091639,91.6054
NEG0073,negverify,cognition,0,0,full,0.01091639,91.6054
NEG0073,negverify,neuropathy,0,0,full,0.01091639,91.6054
NEG0073,negverify,fatigue,0,0,full,0.01091639,91.6054
NEG0073,negverify,pain,0,0,full,0.01091639,91.6054
NEG0073,negverify,physical_function,0,0,full,0.01091639,91.6054
NEG0073,negverify,swallowing,0,0,full,0.01091639,91.6054
NEG0073,negverify,speech_voice,0,0,full,0.01091639,91.6054
NEG0073,negverify,hearing,0,0,full,0.01091639,91.6054
NEG0073,negverify,respiratory,0,0,full,0.01091639,91.6054
NEG0073,negverify,bowel,0,0,full,0.01091639,91.6054
NEG0073,negverify,urinary,0,0,full,0.01091639,91.6054
NEG0073,negverify,sexual_reproductive,0,0,full,0.01091639,91.6054
NEG0073,negverify,limb_lymphedema,0,0,full,0.01091639,91.6054
NEG0073,negverify,visual,0,0,full,0.01091639,91.6054
NEG0074,negverify,cognition,0,0,full,0.01091639,91.6054
NEG0074,negverify,neuropathy,0,0,full,0.01091639,91.6054
NEG0074,negverify,fatigue,0,0,full,0.01091639,91.6054
NEG0074,negverify,pain,0,0,full,0.01091639,91.6054
NEG0074,negverify,physical_function,0,0,full,0.01091639,91.6054
NEG0074,negverify,swallowing,0,0,full,0.01091639,91.6054
NEG0074,negverify,speech_voice,0,0,full,0.01091639,91.6054
NEG0074,negverify,hearing,0,0,full,0.01091639,91.6054
NEG0074,negverify,respiratory,0,0,full,0.01091639,91.6054
NEG0074,negverify,bowel,0,0,full,0.01091639,91.6054
NEG0074,negverify,urinary,0,0,full,0.01091639,91.6054
NEG0074,negverify,sexual_reproductive,0,0,full,0.01091639,91.6054
NEG0074,negverify,limb_lymphedema,0,0,full,0.01091639,91.6054
NEG0074,negverify,visual,0,0,full,0.01091639,91.6054
NEG0075,negverify,cognition,0,0,truncated,0.01091639,91.6054
NEG0075,negverify,neuropathy,0,0,truncated,0.01091639,91.6054
NEG0075,negverify,fatigue,0,0,truncated,0.01091639,91.6054
NEG0075,negverify,pain,0,0,truncated,0.01091639,91.6054
NEG0075,negverify,physical_function,0,0,truncated,0.01091639,91.6054
NEG0075,negverify,swallowing,0,0,truncated,0.01091639,91.6054
NEG0075,negverify,speech_voice,0,0,truncated,0.01091639,91.6054
NEG0075,negverify,hearing,0,0,truncated,0.01091639,91.6054
NEG0075,negverify,respiratory,0,0,truncated,0.01091639,91.6054
NEG0075,negverify,bowel,0,0,truncated,0.01091639,91.6054
NEG0075,negverify,urinary,0,0,truncated,0.01091639,91.6054
NEG0075,negverify,sexual_reproductive,0,0,truncated,0.01091639,91.6054
NEG0075,negverify,limb_lymphedema,0,0,truncated,0.01091639,91.6054
NEG0075,negverify,visual,0,0,truncated,0.01091639,91.6054
NEG0076,negverify,cognition,0,0,full,0.01091639,91.6054
NEG0076,negverify,neuropathy,0,0,full,0.01091639,91.6054
NEG0076,negverify,fatigue,0,0,full,0.01091639,91.6054
NEG0076,negverify,pain,0,0,full,0.01091639,91.6054
NEG0076,negverify,physical_function,0,0,full,0.01091639,91.6054
NEG0076,negverify,swallowing,0,0,full,0.01091639,91.6054
NEG0076,negverify,speech_voice,0,0,full,0.01091639,91.6054
NEG0076,negverify,hearing,0,0,full,0.01091639,91.6054
NEG0076,negverify,respiratory,0,0,full,0.01091639,91.6054
NEG0076,negverify,bowel,0,0,full,0.01091639,91.6054
NEG0076,negverify,urinary,0,0,full,0.01091639,91.6054
NEG0076,negverify,sexual_reproductive,0,0,full,0.01091639,91.6054
NEG0076,negverify,limb_lymphedema,0,0,full,0.01091639,91.6054
NEG0076,negverify,visual,0,0,full,0.01091639,91.6054
NEG0077,negverify,cognition,0,0,full,0.01091639,91.6054
NEG0077,negverify,neuropathy,0,0,full,0.01091639,91.6054
NEG0077,negverify,fatigue,0,0,full,0.01091639,91.6054
NEG0077,negverify,pain,0,0,full,0.01091639,91.6054
NEG0077,negverify,physical_function,0,0,full,0.01091639,91.6054
NEG0077,negverify,swallowing,0,0,full,0.01091639,91.6054
NEG0077,negverify,speech_voice,0,0,full,0.01091639,91.6054
NEG0077,negverify,hearing,0,0,full,0.01091639,91.6054
NEG0077,negverify,respiratory,0,0,full,0.01091639,91.6054
NEG0077,negverify,bowel,0,0,full,0.01091639,91.6054
NEG0077,negverify,urinary,0,0,full,0.01091639,91.6054
NEG0077,negverify,sexual_reproductive,0,0,full,0.01091639,91.6054
NEG0077,negverify,limb_lymphedema,0,0,full,0.01091639,91.6054
NEG0077,negverify,visual,0,0,full,0.01091639,91.6054
NEG0078,negverify,cognition,0,0,full,0.01091639,91.6054
NEG0078,negverify,neuropathy,0,0,full,0.01091639,91.6054
NEG0078,negverify,fatigue,0,0,full,0.01091639,91.6054
NEG0078,negverify,pain,0,0,full,0.01091639,91.6054
NEG0078,negverify,physical_function,0,0,full,0.01091639,91.6054
NEG0078,negverify,swallowing,0,0,full,0.01091639,91.6054
NEG0078,negverify,speech_voice,0,0,full,0.01091639,91.6054
NEG0078,negverify,hearing,0,0,full,0.01091639,91.6054
NEG0078,negverify,respiratory,0,0,full,0.01091639,91.6054
NEG0078,negverify,bowel,0,0,full,0.01091639,91.6054
NEG0078,negverify,urinary,0,0,full,0.01091639,91.6054
NEG0078,negverify,sexual_reproductive,0,1,full,0.01091639,91.6054
NEG0078,negverify,limb_lymphedema,0,0,full,0.01091639,91.6054
NEG0078,negverify,visual,0,0,full,0.01091639,91.6054
NEG0079,negverify,cognition,0,0,full,0.01091639,91.6054
NEG0079,negverify,neuropathy,0,0,full,0.01091639,91.6054
NEG0079,negverify,fatigue,0,0,full,0.01091639,91.6054
NEG0079,negverify,pain,0,0,full,0.01091639,91.6054
NEG0079,negverify,physical_function,0,0,full,0.01091639,91.6054
NEG0079,negverify,swallowing,0,0,full,0.01091639,91.6054
NEG0079,negverify,speech_voice,0,0,full,0.01091639,91.6054
NEG0079,negverify,hearing,0,0,full,0.01091639,91.6054
NEG0079,negverify,respiratory,0,0,full,0.01091639,91.6054
NEG0079,negverify,bowel,0,0,full,0.01091639,91.6054
NEG0079,negverify,urinary,0,0,full,0.01091639,91.6054
NEG0079,negverify,sexual_reproductive,0,0,full,0.01091639,91.6054
NEG0079,negverify,limb_lymphedema,0,0,full,0.01091639,91.6054
NEG0079,negverify,visual,0,0,full,0.01091639,91.6054
NEG0080,negverify,cognition,0,0,full,0.01091639,91.6054
NEG0080,negverify,neuropathy,0,0,full,0.01091639,91.6054
NEG0080,negverify,fatigue,0,0,full,0.01091639,91.6054
NEG0080,negverify,pain,0,0,full,0.01091639,91.6054
NEG0080,negverify,physical_function,0,0,full,0.01091639,91.6054
NEG0080,negverify,swallowing,0,0,full,0.01091639,91.6054
NEG0080,negverify,speech_voice,0,0,full,0.01091639,91.6054
NEG0080,negverify,hearing,0,0,full,0.01091639,91.6054
NEG0080,negverify,respiratory,0,0,full,0.01091639,91.6054
NEG0080,negverify,bowel,0,0,full,0.01091639,91.6054
NEG0080,negverify,urinary,0,0,full,0.01091639,91.6054
NEG0080,negverify,sexual_reproductive,0,0,full,0.01091639,91.6054
NEG0080,negverify,limb_lymphedema,0,0,full,0.01091639,91.6054
NEG0080,negverify,visual,0,0,full,0.01091639,91.6054
NEG0081,negverify,cognition,0,0,truncated,0.01091639,91.6054
NEG0081,negverify,neuropathy,0,0,truncated,0.01091639,91.6054
NEG0081,negverify,fatigue,0,0,truncated,0.01091639,91.6054
NEG0081,negverify,pain,0,0,truncated,0.01091639,91.6054
NEG0081,negverify,physical_function,0,0,truncated,0.01091639,91.6054
NEG0081,negverify,swallowing,0,0,truncated,0.01091639,91.6054
NEG0081,negverify,speech_voice,0,0,truncated,0.01091639,91.6054
NEG0081,negverify,hearing,0,0,truncated,0.01091639,91.6054
NEG0081,negverify,respiratory,0,0,truncated,0.01091639,91.6054
NEG0081,negverify,bowel,0,0,truncated,0.01091639,91.6054
NEG0081,negverify,urinary,0,0,truncated,0.01091639,91.6054
NEG0081,negverify,sexual_reproductive,0,0,truncated,0.01091639,91.6054
NEG0081,negverify,limb_lymphedema,0,0,truncated,0.01091639,91.6054
NEG0081,negverify,visual,0,0,truncated,0.01091639,91.6054
NEG0082,negverify,cognition,0,0,full,0.01091639,91.6054
NEG0082,negverify,neuropathy,0,0,full,0.01091639,91.6054
NEG0082,negverify,fatigue,0,0,full,0.01091639,91.6054
NEG0082,negverify,pain,0,0,full,0.01091639,91.6054
NEG0082,negverify,physical_function,0,0,full,0.01091639,91.6054
NEG0082,negverify,swallowing,0,0,full,0.01091639,91.6054
NEG0082,negverify,speech_voice,0,0,full,0.01091639,91.6054
NEG0082,negverify,hearing,0,0,full,0.01091639,91.6054
NEG0082,negverify,respiratory,0,0,full,0.01091639,91.6054
NEG0082,negverify,bowel,0,0,full,0.01091639,91.6054
NEG0082,negverify,urinary,0,0,full,0.01091639,91.6054
NEG0082,negverify,sexual_reproductive,0,0,full,0.01091639,91.6054
NEG0082,negverify,limb_lymphedema,0,0,full,0.01091639,91.6054
NEG0082,negverify,visual,0,0,full,0.01091639,91.6054
NEG0083,negverify,cognition,0,0,full,0.01091639,91.6054
NEG0083,negverify,neuropathy,0,0,full,0.01091639,91.6054
NEG0083,negverify,fatigue,0,0,full,0.01091639,91.6054
NEG0083,negverify,pain,0,0,full,0.01091639,91.6054
NEG0083,negverify,physical_function,0,0,full,0.01091639,91.6054
NEG0083,negverify,swallowing,0,0,full,0.01091639,91.6054
NEG0083,negverify,speech_voice,0,0,full,0.01091639,91.6054
NEG0083,negverify,hearing,0,0,full,0.01091639,91.6054
NEG0083,negverify,respiratory,0,0,full,0.01091639,91.6054
NEG0083,negverify,bowel,0,0,full,0.01091639,91.6054
NEG0083,negverify,urinary,0,0,full,0.01091639,91.6054
NEG0083,negverify,sexual_reproductive,0,0,full,0.01091639,91.6054
NEG0083,negverify,limb_lymphedema,0,0,full,0.01091639,91.6054
NEG0083,negverify,visual,0,0,full,0.01091639,91.6054
NEG0084,negverify,cognition,0,0,full,0.01091639,91.6054
NEG0084,negverify,neuropathy,0,0,full,0.01091639,91.6054
NEG0084,negverify,fatigue,0,0,full,0.01091639,91.6054
NEG0084,negverify,pain,0,0,full,0.01091639,91.6054
NEG0084,negverify,physical_function,0,0,full,0.01091639,91.6054
NEG0084,negverify,swallowing,0,0,full,0.01091639,91.6054
NEG0084,negverify,speech_voice,0,0,full,0.01091639,91.6054
NEG0084,negverify,hearing,0,0,full,0.01091639,91.6054
NEG0084,negverify,respiratory,0,0,full,0.01091639,91.6054
NEG0084,negverify,bowel,0,0,full,0.01091639,91.6054
NEG0084,negverify,urinary,0,0,full,0.01091639,91.6054
NEG0084,negverify,sexual_reproductive,0,0,full,0.01091639,91.6054
NEG0084,negverify,limb_lymphedema,0,0,full,0.01091639,91.6054
NEG0084,negverify,visual,0,0,full,0.01091639,91.6054
NEG0085,negverify,cognition,0,0,full,0.01091639,91.6054
NEG0085,negverify,neuropathy,0,0,full,0.01091639,91.6054
NEG0085,negverify,fatigue,0,0,full,0.01091639,91.6054
NEG0085,negverify,pain,0,0,full,0.01091639,91.6054
NEG0085,negverify,physical_function,0,0,full,0.01091639,91.6054
NEG0085,negverify,swallowing,0,0,full,0.01091639,91.6054
NEG0085,negverify,speech_voice,0,0,full,0.01091639,91.6054
NEG0085,negverify,hearing,0,0,full,0.01091639,91.6054
NEG0085,negverify,respiratory,0,0,full,0.01091639,91.6054
NEG0085,negverify,bowel,0,0,full,0.01091639,91.6054
NEG0085,negverify,urinary,0,0,full,0.01091639,91.6054
NEG0085,negverify,sexual_reproductive,0,0,full,0.01091639,91.6054
NEG0085,negverify,limb_lymphedema,0,0,full,0.01091639,91.6054
NEG0085,negverify,visual,0,0,full,0.01091639,91.6054
NEG0086,negverify,cognition,0,0,full,0.01091639,91.6054
NEG0086,negverify,neuropathy,0,0,full,0.01091639,91.6054
NEG0086,negverify,fatigue,0,0,full,0.01091639,91.6054
NEG0086,negverify,pain,0,0,full,0.01091639,91.6054
NEG0086,negverify,physical_function,0,0,full,0.01091639,91.6054
NEG0086,negverify,swallowing,0,0,full,0.01091639,91.6054
NEG0086,negverify,speech_voice,0,0,full,0.01091639,91.6054
NEG0086,negverify,hearing,0,0,full,0.01091639,91.6054
NEG0086,negverify,respiratory,0,0,full,0.01091639,91.6054
NEG0086,negverify,bowel,0,0,full,0.01091639,91.6054
NEG0086,negverify,urinary,0,0,full,0.01091639,91.6054
NEG0086,negverify,sexual_reproductive,0,0,full,0.01091639,91.6054
NEG0086,negverify,limb_lymphedema,0,0,full,0.01091639,91.6054
NEG0086,negverify,visual,0,0,full,0.01091639,91.6054
NEG0087,negverify,cognition,0,0,full,0.01091639,91.6054
NEG0087,negverify,neuropathy,0,0,full,0.01091639,91.6054
NEG0087,negverify,fatigue,0,0,full,0.01091639,91.6054
NEG0087,negverify,pain,0,0,full,0.01091639,91.6054
NEG0087,negverify,physical_function,0,0,full,0.01091639,91.6054
NEG0087,negverify,swallowing,0,0,full,0.01091639,91.6054
NEG0087,negverify,speech_voice,0,0,full,0.01091639,91.6054
NEG0087,negverify,hearing,0,0,full,0.01091639,91.6054
NEG0087,negverify,respiratory,0,0,full,0.01091639,91.6054
NEG0087,negverify,bowel,0,0,full,0.01091639,91.6054
NEG0087,negverify,urinary,0,0,full,0.01091639,91.6054
NEG0087,negverify,sexual_reproductive,0,0,full,0.01091639,91.6054
NEG0087,negverify,limb_lymphedema,0,0,full,0.01091639,91.6054
NEG0087,negverify,visual,0,0,full,0.01091639,91.6054
NEG0088,negverify,cognition,0,0,truncated,0.01091639,91.6054
NEG0088,negverify,neuropathy,0,0,truncated,0.01091639,91.6054
NEG0088,negverify,fatigue,0,0,truncated,0.01091639,91.6054
NEG0088,negverify,pain,0,0,truncated,0.01091639,91.6054
NEG0088,negverify,physical_function,0,0,truncated,0.01091639,91.6054
NEG0088,negverify,swallowing,0,0,truncated,0.01091639,91.6054
NEG0088,negverify,speech_voice,0,0,truncated,0.01091639,91.6054
NEG0088,negverify,hearing,0,0,truncated,0.01091639,91.6054
NEG0088,negverify,respiratory,0,0,truncated,0.01091639,91.6054
NEG0088,negverify,bowel,0,0,truncated,0.01091639,91.6054
NEG0088,negverify,urinary,0,0,truncated,0.01091639,91.6054
NEG0088,negverify,sexual_reproductive,0,0,truncated,0.01091639,91.6054
NEG0088,negverify,limb_lymphedema,0,0,truncated,0.01091639,91.6054
NEG0088,negverify,visual,0,0,truncated,0.01091639,91.6054
NEG0089,negverify,cognition,0,0,full,0.01091639,91.6054
NEG0089,negverify,neuropathy,0,0,full,0.01091639,91.6054
NEG0089,negverify,fatigue,0,0,full,0.01091639,91.6054
NEG0089,negverify,pain,0,0,full,0.01091639,91.6054
NEG0089,negverify,physical_function,0,0,full,0.01091639,91.6054
NEG0089,negverify,swallowing,0,0,full,0.01091639,91.6054
NEG0089,negverify,speech_voice,0,0,full,0.01091639,91.6054
NEG0089,negverify,hearing,0,0,full,0.01091639,91.6054
NEG0089,negverify,respiratory,0,0,full,0.01091639,91.6054
NEG0089,negverify,bowel,0,0,full,0.01091639,91.6054
NEG0089,negverify,urinary,0,0,full,0.01091639,91.6054
NEG0089,negverify,sexual_reproductive,0,0,full,0.01091639,91.6054
NEG0089,negverify,limb_lymphedema,0,0,full,0.01091639,91.6054
NEG0089,negverify,visual,0,0,full,0.01091639,91.6054
NEG0090,negverify,cognition,0,0,full,0.01091639,91.6054
NEG0090,negverify,neuropathy,0,0,full,0.01091639,91.6054
NEG0090,negverify,fatigue,0,0,full,0.01091639,91.6054
NEG0090,negverify,pain,0,0,full,0.01091639,91.6054
NEG0090,negverify,physical_function,0,0,full,0.01091639,91.6054
NEG0090,negverify,swallowing,0,0,full,0.01091639,91.6054
NEG0090,negverify,speech_voice,0,0,full,0.01091639,91.6054
NEG0090,negverify,hearing,0,0,full,0.01091639,91.6054
NEG0090,negverify,respiratory,0,0,full,0.01091639,91.6054
NEG0090,negverify,bowel,0,0,full,0.01091639,91.6054
NEG0090,negverify,urinary,0,0,full,0.01091639,91.6054
NEG0090,negverify,sexual_reproductive,0,0,full,0.01091639,91.6054
NEG0090,negverify,limb_lymphedema,0,0,full,0.01091639,91.6054
NEG0090,negverify,visual,0,0,full,0.01091639,91.6054
NEG0091,negverify,cognition,0,0,full,0.01091639,91.6054
NEG0091,negverify,neuropathy,0,0,full,0.01091639,91.6054
NEG0091,negverify,fatigue,0,0,full,0.01091639,91.6054
NEG0091,negverify,pain,0,0,full,0.01091639,91.6054
NEG0091,negverify,physical_function,0,1,full,0.01091639,91.6054
NEG0091,negverify,swallowing,0,0,full,0.01091639,91.6054
NEG0091,negverify,speech_voice,0,0,full,0.01091639,91.6054
NEG0091,negverify,hearing,0,0,full,0.01091639,91.6054
NEG0091,negverify,respiratory,0,0,full,0.01091639,91.6054
NEG0091,negverify,bowel,0,0,full,0.01091639,91.6054
NEG0091,negverify,urinary,0,0,full,0.01091639,91.6054
NEG0091,negverify,sexual_reproductive,0,0,full,0.01091639,91.6054
NEG0091,negverify,limb_lymphedema,0,0,full,0.01091639,91.6054
NEG0091,negverify,visual,0,0,full,0.01091639,91.6054
NEG0092,negverify,cognition,0,0,full,0.01091639,91.6054
NEG0092,negverify,neuropathy,0,0,full,0.01091639,91.6054
NEG0092,negverify,fatigue,0,0,full,0.01091639,91.6054
NEG0092,negverify,pain,0,0,full,0.01091639,91.6054
NEG0092,negverify,physical_function,0,0,full,0.01091639,91.6054
NEG0092,negverify,swallowing,0,0,full,0.01091639,91.6054
NEG0092,negverify,speech_voice,0,0,full,0.01091639,91.6054
NEG0092,negverify,hearing,0,0,full,0.01091639,91.6054
NEG0092,negverify,respiratory,0,0,full,0.01091639,91.6054
NEG0092,negverify,bowel,0,0,full,0.01091639,91.6054
NEG0092,negverify,urinary,0,0,full,0.01091639,91.6054
NEG0092,negverify,sexual_reproductive,0,0,full,0.01091639,91.6054
NEG0092,negverify,limb_lymphedema,0,0,full,0.01091639,91.6054
NEG0092,negverify,visual,0,0,full,0.01091639,91.6054
NEG0093,negverify,cognition,0,0,full,0.01091639,91.6054
NEG0093,negverify,neuropathy,0,0,full,0.01091639,91.6054
NEG0093,negverify,fatigue,0,0,full,0.01091639,91.6054
NEG0093,negverify,pain,0,0,full,0.01091639,91.6054
NEG0093,negverify,physical_function,0,0,full,0.01091639,91.6054
NEG0093,negverify,swallowing,0,0,full,0.01091639,91.6054
NEG0093,negverify,speech_voice,0,0,full,0.01091639,91.6054
NEG0093,negverify,hearing,0,0,full,0.01091639,91.6054
NEG0093,negverify,respiratory,0,0,full,0.01091639,91.6054
NEG0093,negverify,bowel,0,0,full,0.01091639,91.6054
NEG0093,negverify,urinary,0,0,full,0.01091639,91.6054
NEG0093,negverify,sexual_reproductive,0,0,full,0.01091639,91.6054
NEG0093,negverify,limb_lymphedema,0,0,full,0.01091639,91.6054
NEG0093,negverify,visual,0,0,full,0.01091639,91.6054
NEG0094,negverify,cognition,0,0,full,0.01091639,91.6054
NEG0094,negverify,neuropathy,0,0,full,0.01091639,91.6054
NEG0094,negverify,fatigue,0,0,full,0.01091639,91.6054
NEG0094,negverify,pain,0,0,full,0.01091639,91.6054
NEG0094,negverify,physical_function,0,0,full,0.01091639,91.6054
NEG0094,negverify,swallowing,0,0,full,0.01091639,91.6054
NEG0094,negverify,speech_voice,0,0,full,0.01091639,91.6054
NEG0094,negverify,hearing,0,0,full,0.01091639,91.6054
NEG0094,negverify,respiratory,0,0,full,0.01091639,91.6054
NEG0094,negverify,bowel,0,0,full,0.01091639,91.6054
NEG0094,negverify,urinary,0,0,full,0.01091639,91.6054
NEG0094,negverify,sexual_reproductive,0,0,full,0.01091639,91.6054
NEG0094,negverify,limb_lymphedema,0,0,full,0.01091639,91.6054
NEG0094,negverify,visual,0,0,full,0.01091639,91.6054
NEG0095,negverify,cognition,0,0,full,0.01091639,91.6054
NEG0095,negverify,neuropathy,0,0,full,0.01091639,91.6054
NEG0095,negverify,fatigue,0,0,full,0.01091639,91.6054
NEG0095,negverify,pain,0,0,full,0.01091639,91.6054
NEG0095,negverify,physical_function,0,0,full,0.01091639,91.6054
NEG0095,negverify,swallowing,0,0,full,0.01091639,91.6054
NEG0095,negverify,speech_voice,0,0,full,0.01091639,91.6054
NEG0095,negverify,hearing,0,0,full,0.01091639,91.6054
NEG0095,negverify,respiratory,0,0,full,0.01091639,91.6054
NEG0095,negverify,bowel,0,0,full,0.01091639,91.6054
NEG0095,negverify,urinary,0,0,full,0.01091639,91.6054
NEG0095,negverify,sexual_reproductive,0,0,full,0.01091639,91.6054
NEG0095,negverify,limb_lymphedema,0,0,full,0.01091639,91.6054
NEG0095,negverify,visual,0,0,full,0.01091639,91.6054
NEG0096,negverify,cognition,0,0,truncated,0.01091639,91.6054
NEG0096,negverify,neuropathy,0,0,truncated,0.01091639,91.6054
NEG0096,negverify,fatigue,0,0,truncated,0.01091639,91.6054
NEG0096,negverify,pain,0,0,truncated,0.01091639,91.6054
NEG0096,negverify,physical_function,0,0,truncated,0.01091639,91.6054
NEG0096,negverify,swallowing,0,0,truncated,0.01091639,91.6054
NEG0096,negverify,speech_voice,0,0,truncated,0.01091639,91.6054
NEG0096,negverify,hearing,0,0,truncated,0.01091639,91.6054
NEG0096,negverify,respiratory,0,0,truncated,0.01091639,91.6054
NEG0096,negverify,bowel,0,0,truncated,0.01091639,91.6054
NEG0096,negverify,urinary,0,0,truncated,0.01091639,91.6054
NEG0096,negverify,sexual_reproductive,0,0,truncated,0.01091639,91.6054
NEG0096,negverify,limb_lymphedema,0,0,truncated,0.01091639,91.6054
NEG0096,negverify,visual,0,0,truncated,0.01091639,91.6054
NEG0097,negverify,cognition,0,0,full,0.01091639,91.6054
NEG0097,negverify,neuropathy,0,0,full,0.01091639,91.6054
NEG0097,negverify,fatigue,0,0,full,0.01091639,91.6054
NEG0097,negverify,pain,0,0,full,0.01091639,91.6054
NEG0097,negverify,physical_function,0,0,full,0.01091639,91.6054
NEG0097,negverify,swallowing,0,0,full,0.01091639,91.6054
NEG0097,negverify,speech_voice,0,0,full,0.01091639,91.6054
NEG0097,negverify,hearing,0,0,full,0.01091639,91.6054
NEG0097,negverify,respiratory,0,0,full,0.01091639,91.6054
NEG0097,negverify,bowel,0,0,full,0.01091639,91.6054
NEG0097,negverify,urinary,0,0,full,0.01091639,91.6054
NEG0097,negverify,sexual_reproductive,0,0,full,0.01091639,91.6054
NEG0097,negverify,limb_lymphedema,0,0,full,0.01091639,91.6054
NEG0097,negverify,visual,0,0,full,0.01091639,91.6054
NEG0098,negverify,cognition,0,0,full,0.01091639,91.6054
NEG0098,negverify,neuropathy,0,0,full,0.01091639,91.6054
NEG0098,negverify,fatigue,0,0,full,0.01091639,91.6054
NEG0098,negverify,pain,0,0,full,0.01091639,91.6054
NEG0098,negverify,physical_function,0,0,full,0.01091639,91.6054
NEG0098,negverify,swallowing,0,0,full,0.01091639,91.6054
NEG0098,negverify,speech_voice,0,0,full,0.01091639,91.6054
NEG0098,negverify,hearing,0,0,full,0.01091639,91.6054
NEG0098,negverify,respiratory,0,0,full,0.01091639,91.6054
NEG0098,negverify,bowel,0,0,full,0.01091639,91.6054
NEG0098,negverify,urinary,0,0,full,0.01091639,91.6054
NEG0098,negverify,sexual_reproductive,0,0,full,0.01091639,91.6054
NEG0098,negverify,limb_lymphedema,0,0,full,0.01091639,91.6054
NEG0098,negverify,visual,0,0,full,0.01091639,91.6054
NEG0099,negverify,cognition,0,0,truncated,0.01091639,91.6054
NEG0099,negverify,neuropathy,0,0,truncated,0.01091639,91.6054
NEG0099,negverify,fatigue,0,0,truncated,0.01091639,91.6054
NEG0099,negverify,pain,0,0,truncated,0.01091639,91.6054
NEG0099,negverify,physical_function,0,0,truncated,0.01091639,91.6054
NEG0099,negverify,swallowing,0,0,truncated,0.01091639,91.6054
NEG0099,negverify,speech_voice,0,0,truncated,0.01091639,91.6054
NEG0099,negverify,hearing,0,0,truncated,0.01091639,91.6054
NEG0099,negverify,respiratory,0,0,truncated,0.01091639,91.6054
NEG0099,negverify,bowel,0,0,truncated,0.01091639,91.6054
NEG0099,negverify,urinary,0,0,truncated,0.01091639,91.6054
NEG0099,negverify,sexual_reproductive,0,0,truncated,0.01091639,91.6054
NEG0099,negverify,limb_lymphedema,0,0,truncated,0.01091639,91.6054
NEG0099,negverify,visual,0,0,truncated,0.01091639,91.6054
NEG0100,negverify,cognition,0,0,full,0.01091639,91.6054
NEG0100,negverify,neuropathy,0,0,full,0.01091639,91.6054
NEG0100,negverify,fatigue,0,0,full,0.01091639,91.6054
NEG0100,negverify,pain,0,0,full,0.01091639,91.6054
NEG0100,negverify,physical_function,0,0,full,0.01091639,91.6054
NEG0100,negverify,swallowing,0,0,full,0.01091639,91.6054
NEG0100,negverify,speech_voice,0,0,full,0.01091639,91.6054
NEG0100,negverify,hearing,0,0,full,0.01091639,91.6054
NEG0100,negverify,respiratory,0,0,full,0.01091639,91.6054
NEG0100,negverify,bowel,0,0,full,0.01091639,91.6054
NEG0100,negverify,urinary,0,0,full,0.01091639,91.6054
NEG0100,negverify,sexual_reproductive,0,0,full,0.01091639,91.6054
NEG0100,negverify,limb_lymphedema,0,0,full,0.01091639,91.6054
NEG0100,negverify,visual,0,0,full,0.01091639,91.6054
NEG0101,negverify,cognition,0,0,full,0.01091639,91.6054
NEG0101,negverify,neuropathy,0,0,full,0.01091639,91.6054
NEG0101,negverify,fatigue,0,0,full,0.01091639,91.6054
NEG0101,negverify,pain,0,0,full,0.01091639,91.6054
NEG0101,negverify,physical_function,0,0,full,0.01091639,91.6054
NEG0101,negverify,swallowing,0,0,full,0.01091639,91.6054
NEG0101,negverify,speech_voice,0,0,full,0.01091639,91.6054
NEG0101,negverify,hearing,0,0,full,0.01091639,91.6054
NEG0101,negverify,respiratory,0,0,full,0.01091639,91.6054
NEG0101,negverify,bowel,0,0,full,0.01091639,91.6054
NEG0101,negverify,urinary,0,0,full,0.01091639,91.6054
NEG0101,negverify,sexual_reproductive,0,0,full,0.01091639,91.6054
NEG0101,negverify,limb_lymphedema,0,0,full,0.01091639,91.6054
NEG0101,negverify,visual,0,0,full,0.01091639,91.6054
NEG0102,negverify,cognition,0,0,truncated,0.01091639,91.6054
NEG0102,negverify,neuropathy,0,0,truncated,0.01091639,91.6054
NEG0102,negverify,fatigue,0,0,truncated,0.01091639,91.6054
NEG0102,negverify,pain,0,0,truncated,0.01091639,91.6054
NEG0102,negverify,physical_function,0,0,truncated,0.01091639,91.6054
NEG0102,negverify,swallowing,0,0,truncated,0.01091639,91.6054
NEG0102,negverify,speech_voice,0,0,truncated,0.01091639,91.6054
NEG0102,negverify,hearing,0,0,truncated,0.01091639,91.6054
NEG0102,negverify,respiratory,0,0,truncated,0.01091639,91.6054
NEG0102,negverify,bowel,0,0,truncated,0.01091639,91.6054
NEG0102,negverify,urinary,0,0,truncated,0.01091639,91.6054
NEG0102,negverify,sexual_reproductive,0,0,truncated,0.01091639,91.6054
NEG0102,negverify,limb_lymphedema,0,0,truncated,0.01091639,91.6054
NEG0102,negverify,visual,0,0,truncated,0.01091639,91.6054
NEG0103,negverify,cognition,0,0,full,0.01091639,91.6054
NEG0103,negverify,neuropathy,0,0,full,0.01091639,91.6054
NEG0103,negverify,fatigue,0,0,full,0.01091639,91.6054
NEG0103,negverify,pain,0,0,full,0.01091639,91.6054
NEG0103,negverify,physical_function,0,0,full,0.01091639,91.6054
NEG0103,negverify,swallowing,0,0,full,0.01091639,91.6054
NEG0103,negverify,speech_voice,0,0,full,0.01091639,91.6054
NEG0103,negverify,hearing,0,0,full,0.01091639,91.6054
NEG0103,negverify,respiratory,0,0,full,0.01091639,91.6054
NEG0103,negverify,bowel,0,0,full,0.01091639,91.6054
NEG0103,negverify,urinary,0,0,full,0.01091639,91.6054
NEG0103,negverify,sexual_reproductive,0,0,full,0.01091639,91.6054
NEG0103,negverify,limb_lymphedema,0,0,full,0.01091639,91.6054
NEG0103,negverify,visual,0,0,full,0.01091639,91.6054
NEG0104,negverify,cognition,0,0,full,0.01091639,91.6054
NEG0104,negverify,neuropathy,0,0,full,0.01091639,91.6054
NEG0104,negverify,fatigue,0,0,full,0.01091639,91.6054
NEG0104,negverify,pain,0,0,full,0.01091639,91.6054
NEG0104,negverify,physical_function,0,0,full,0.01091639,91.6054
NEG0104,negverify,swallowing,0,0,full,0.01091639,91.6054
NEG0104,negverify,speech_voice,0,0,full,0.01091639,91.6054
NEG0104,negverify,hearing,0,0,full,0.01091639,91.6054
NEG0104,negverify,respiratory,0,0,full,0.01091639,91.6054
NEG0104,negverify,bowel,0,0,full,0.01091639,91.6054
NEG0104,negverify,urinary,0,0,full,0.01091639,91.6054
NEG0104,negverify,sexual_reproductive,0,1,full,0.01091639,91.6054
NEG0104,negverify,limb_lymphedema,0,0,full,0.01091639,91.6054
NEG0104,negverify,visual,0,0,full,0.01091639,91.6054
NEG0105,negverify,cognition,0,0,full,0.01091639,91.6054
NEG0105,negverify,neuropathy,0,0,full,0.01091639,91.6054
NEG0105,negverify,fatigue,0,0,full,0.01091639,91.6054
NEG0105,negverify,pain,0,0,full,0.01091639,91.6054
NEG0105,negverify,physical_function,0,0,full,0.01091639,91.6054
NEG0105,negverify,swallowing,0,0,full,0.01091639,91.6054
NEG0105,negverify,speech_voice,0,0,full,0.01091639,91.6054
NEG0105,negverify,hearing,0,0,full,0.01091639,91.6054
NEG0105,negverify,respiratory,0,0,full,0.01091639,91.6054
NEG0105,negverify,bowel,0,0,full,0.01091639,91.6054
NEG0105,negverify,urinary,0,0,full,0.01091639,91.6054
NEG0105,negverify,sexual_reproductive,0,0,full,0.01091639,91.6054
NEG0105,negverify,limb_lymphedema,0,0,full,0.01091639,91.6054
NEG0105,negverify,visual,0,0,full,0.01091639,91.6054
NEG0106,negverify,cognition,0,0,full,0.01091639,91.6054
NEG0106,negverify,neuropathy,0,0,full,0.01091639,91.6054
NEG0106,negverify,fatigue,0,0,full,0.01091639,91.6054
NEG0106,negverify,pain,0,0,full,0.01091639,91.6054
NEG0106,negverify,physical_function,0,0,full,0.01091639,91.6054
NEG0106,negverify,swallowing,0,0,full,0.01091639,91.6054
NEG0106,negverify,speech_voice,0,0,full,0.01091639,91.6054
NEG0106,negverify,hearing,0,0,full,0.01091639,91.6054
NEG0106,negverify,respiratory,0,0,full,0.01091639,91.6054
NEG0106,negverify,bowel,0,0,full,0.01091639,91.6054
NEG0106,negverify,urinary,0,0,full,0.01091639,91.6054
NEG0106,negverify,sexual_reproductive,0,0,full,0.01091639,91.6054
NEG0106,negverify,limb_lymphedema,0,0,full,0.01091639,91.6054
NEG0106,negverify,visual,0,0,full,0.01091639,91.6054
NEG0107,negverify,cognition,0,0,full,0.01091639,91.6054
NEG0107,negverify,neuropathy,0,0,full,0.01091639,91.6054
NEG0107,negverify,fatigue,0,0,full,0.01091639,91.6054
NEG0107,negverify,pain,0,0,full,0.01091639,91.6054
NEG0107,negverify,physical_function,0,0,full,0.01091639,91.6054
NEG0107,negverify,swallowing,0,0,full,0.01091639,91.6054
NEG0107,negverify,speech_voice,0,0,full,0.01091639,91.6054
NEG0107,negverify,hearing,0,0,full,0.01091639,91.6054
NEG0107,negverify,respiratory,0,0,full,0.01091639,91.6054
NEG0107,negverify,bowel,0,0,full,0.01091639,91.6054
NEG0107,negverify,urinary,0,0,full,0.01091639,91.6054
NEG0107,negverify,sexual_reproductive,0,0,full,0.01091639,91.6054
NEG0107,negverify,limb_lymphedema,0,0,full,0.01091639,91.6054
NEG0107,negverify,visual,0,0,full,0.01091639,91.6054
NEG0108,negverify,cognition,0,0,truncated,0.01091639,91.6054
NEG0108,negverify,neuropathy,0,0,truncated,0.01091639,91.6054
NEG0108,negverify,fatigue,0,0,truncated,0.01091639,91.6054
NEG0108,negverify,pain,0,0,truncated,0.01091639,91.6054
NEG0108,negverify,physical_function,0,0,truncated,0.01091639,91.6054
NEG0108,negverify,swallowing,0,0,truncated,0.01091639,91.6054
NEG0108,negverify,speech_voice,0,0,truncated,0.01091639,91.6054
NEG0108,negverify,hearing,0,0,truncated,0.01091639,91.6054
NEG0108,negverify,respiratory,0,0,truncated,0.01091639,91.6054
NEG0108,negverify,bowel,0,0,truncated,0.01091639,91.6054
NEG0108,negverify,urinary,0,0,truncated,0.01091639,91.6054
NEG0108,negverify,sexual_reproductive,0,0,truncated,0.01091639,91.6054
NEG0108,negverify,limb_lymphedema,0,0,truncated,0.01091639,91.6054
NEG0108,negverify,visual,0,0,truncated,0.01091639,91.6054
NEG0109,negverify,cognition,0,0,full,0.01091639,91.6054
NEG0109,negverify,neuropathy,0,0,full,0.01091639,91.6054
NEG0109,negverify,fatigue,0,0,full,0.01091639,91.6054
NEG0109,negverify,pain,0,0,full,0.01091639,91.6054
NEG0109,negverify,physical_function,0,0,full,0.01091639,91.6054
NEG0109,negverify,swallowing,0,0,full,0.01091639,91.6054
NEG0109,negverify,speech_voice,0,0,full,0.01091639,91.6054
NEG0109,negverify,hearing,0,0,full,0.01091639,91.6054
NEG0109,negverify,respiratory,0,0,full,0.01091639,91.6054
NEG0109,negverify,bowel,0,0,full,0.01091639,91.6054
NEG0109,negverify,urinary,0,0,full,0.01091639,91.6054
NEG0109,negverify,sexual_reproductive,0,0,full,0.01091639,91.6054
NEG0109,negverify,limb_lymphedema,0,0,full,0.01091639,91.6054
NEG0109,negverify,visual,0,0,full,0.01091639,91.6054
NEG0110,negverify,cognition,0,0,full,0.01091639,91.6054
NEG0110,negverify,neuropathy,0,0,full,0.01091639,91.6054
NEG0110,negverify,fatigue,0,0,full,0.01091639,91.6054
NEG0110,negverify,pain,0,0,full,0.01091639,91.6054
NEG0110,negverify,physical_function,0,0,full,0.01091639,91.6054
NEG0110,negverify,swallowing,0,0,full,0.01091639,91.6054
NEG0110,negverify,speech_voice,0,0,full,0.01091639,91.6054
NEG0110,negverify,hearing,0,0,full,0.01091639,91.6054
NEG0110,negverify,respiratory,0,0,full,0.01091639,91.6054
NEG0110,negverify,bowel,0,0,full,0.01091639,91.6054
NEG0110,negverify,urinary,0,0,full,0.01091639,91.6054
NEG0110,negverify,sexual_reproductive,0,0,full,0.01091639,91.6054
NEG0110,negverify,limb_lymphedema,0,0,full,0.01091639,91.6054
NEG0110,negverify,visual,0,0,full,0.01091639,91.6054
NEG0111,negverify,cognition,0,0,full,0.01091639,91.6054
NEG0111,negverify,neuropathy,0,0,full,0.01091639,91.6054
NEG0111,negverify,fatigue,0,0,full,0.01091639,91.6054
NEG0111,negverify,pain,0,0,full,0.01091639,91.6054
NEG0111,negverify,physical_function,0,0,full,0.01091639,91.6054
NEG0111,negverify,swallowing,0,0,full,0.01091639,91.6054
NEG0111,negverify,speech_voice,0,0,full,0.01091639,91.6054
NEG0111,negverify,hearing,0,0,full,0.01091639,91.6054
NEG0111,negverify,respiratory,0,0,full,0.01091639,91.6054
NEG0111,negverify,bowel,0,0,full,0.01091639,91.6054
NEG0111,negverify,urinary,0,0,full,0.01091639,91.6054
NEG0111,negverify,sexual_reproductive,0,0,full,0.01091639,91.6054
NEG0111,negverify,limb_lymphedema,0,0,full,0.01091639,91.6054
NEG0111,negverify,visual,0,0,full,0.01091639,91.6054
NEG0112,negverify,cognition,0,0,truncated,0.01091639,91.6054
NEG0112,negverify,neuropathy,0,0,truncated,0.01091639,91.6054
NEG0112,negverify,fatigue,0,0,truncated,0.01091639,91.6054
NEG0112,negverify,pain,0,0,truncated,0.01091639,91.6054
NEG0112,negverify,physical_function,0,0,truncated,0.01091639,91.6054
NEG0112,negverify,swallowing,0,0,truncated,0.01091639,91.6054
NEG0112,negverify,speech_voice,0,0,truncated,0.01091639,91.6054
NEG0112,negverify,hearing,0,0,truncated,0.01091639,91.6054
NEG0112,negverify,respiratory,0,0,truncated,0.01091639,91.6054
NEG0112,negverify,bowel,0,0,truncated,0.01091639,91.6054
NEG0112,negverify,urinary,0,0,truncated,0.01091639,91.6054
NEG0112,negverify,sexual_reproductive,0,0,truncated,0.01091639,91.6054
NEG0112,negverify,limb_lymphedema,0,0,truncated,0.01091639,91.6054
NEG0112,negverify,visual,0,0,truncated,0.01091639,91.6054
NEG0113,negverify,cognition,0,0,full,0.01091639,91.6054
NEG0113,negverify,neuropathy,0,0,full,0.01091639,91.6054
NEG0113,negverify,fatigue,0,0,full,0.01091639,91.6054
NEG0113,negverify,pain,0,0,full,0.01091639,91.6054
NEG0113,negverify,physical_function,0,0,full,0.01091639,91.6054
NEG0113,negverify,swallowing,0,0,full,0.01091639,91.6054
NEG0113,negverify,speech_voice,0,0,full,0.01091639,91.6054
NEG0113,negverify,hearing,0,0,full,0.01091639,91.6054
NEG0113,negverify,respiratory,0,0,full,0.01091639,91.6054
NEG0113,negverify,bowel,0,0,full,0.01091639,91.6054
NEG0113,negverify,urinary,0,0,full,0.01091639,91.6054
NEG0113,negverify,sexual_reproductive,0,0,full,0.01091639,91.6054
NEG0113,negverify,limb_lymphedema,0,0,full,0.01091639,91.6054
NEG0113,negverify,visual,0,0,full,0.01091639,91.6054
NEG0114,negverify,cognition,0,0,full,0.01091639,91.6054
NEG0114,negverify,neuropathy,0,0,full,0.01091639,91.6054
NEG0114,negverify,fatigue,0,0,full,0.01091639,91.6054
NEG0114,negverify,pain,0,0,full,0.01091639,91.6054
NEG0114,negverify,physical_function,0,0,full,0.01091639,91.6054
NEG0114,negverify,swallowing,0,0,full,0.01091639,91.6054
NEG0114,negverify,speech_voice,0,0,full,0.01091639,91.6054
NEG0114,negverify,hearing,0,0,full,0.01091639,91.6054
NEG0114,negverify,respiratory,0,0,full,0.01091639,91.6054
NEG0114,negverify,bowel,0,0,full,0.01091639,91.6054
NEG0114,negverify,urinary,0,0,full,0.01091639,91.6054
NEG0114,negverify,sexual_reproductive,0,0,full,0.01091639,91.6054
NEG0114,negverify,limb_lymphedema,0,0,full,0.01091639,91.6054
NEG0114,negverify,visual,0,0,full,0.01091639,91.6054
NEG0115,negverify,cognition,0,0,full,0.01091639,91.6054
NEG0115,negverify,neuropathy,0,0,full,0.01091639,91.6054
NEG0115,negverify,fatigue,0,0,full,0.01091639,91.6054
NEG0115,negverify,pain,0,0,full,0.01091639,91.6054
NEG0115,negverify,physical_function,0,0,full,0.01091639,91.6054
NEG0115,negverify,swallowing,0,0,full,0.01091639,91.6054
NEG0115,negverify,speech_voice,0,0,full,0.01091639,91.6054
NEG0115,negverify,hearing,0,0,full,0.01091639,91.6054
NEG0115,negverify,respiratory,0,0,full,0.01091639,91.6054
NEG0115,negverify,bowel,0,0,full,0.01091639,91.6054
NEG0115,negverify,urinary,0,0,full,0.01091639,91.6054
NEG0115,negverify,sexual_reproductive,0,0,full,0.01091639,91.6054
NEG0115,negverify,limb_lymphedema,0,0,full,0.01091639,91.6054
NEG0115,negverify,visual,0,0,full,0.01091639,91.6054
NEG0116,negverify,cognition,0,0,truncated,0.01091639,91.6054
NEG0116,negverify,neuropathy,0,0,truncated,0.01091639,91.6054
NEG0116,negverify,fatigue,0,0,truncated,0.01091639,91.6054
NEG0116,negverify,pain,0,0,truncated,0.01091639,91.6054
NEG0116,negverify,physical_function,0,0,truncated,0.01091639,91.6054
NEG0116,negverify,swallowing,0,0,truncated,0.01091639,91.6054
NEG0116,negverify,speech_voice,0,0,truncated,0.01091639,91.6054
NEG0116,negverify,hearing,0,0,truncated,0.01091639,91.6054
NEG0116,negverify,respiratory,0,0,truncated,0.01091639,91.6054
NEG0116,negverify,bowel,0,0,truncated,0.01091639,91.6054
NEG0116,negverify,urinary,0,0,truncated,0.01091639,91.6054
NEG0116,negverify,sexual_reproductive,0,0,truncated,0.01091639,91.6054
NEG0116,negverify,limb_lymphedema,0,0,truncated,0.01091639,91.6054
NEG0116,negverify,visual,0,0,truncated,0.01091639,91.6054
NEG0117,negverify,cognition,0,0,full,0.01091639,91.6054
NEG0117,negverify,neuropathy,0,0,full,0.01091639,91.6054
NEG0117,negverify,fatigue,0,0,full,0.01091639,91.6054
NEG0117,negverify,pain,0,0,full,0.01091639,91.6054
NEG0117,negverify,physical_function,0,0,full,0.01091639,91.6054
NEG0117,negverify,swallowing,0,0,full,0.01091639,91.6054
NEG0117,negverify,speech_voice,0,0,full,0.01091639,91.6054
NEG0117,negverify,hearing,0,0,full,0.01091639,91.6054
NEG0117,negverify,respiratory,0,0,full,0.01091639,91.6054
NEG0117,negverify,bowel,0,0,full,0.01091639,91.6054
NEG0117,negverify,urinary,0,0,full,0.01091639,91.6054
NEG0117,negverify,sexual_reproductive,0,0,full,0.01091639,91.6054
NEG0117,negverify,limb_lymphedema,0,0,full,0.01091639,91.6054
NEG0117,negverify,visual,0,0,full,0.01091639,91.6054
NEG0118,negverify,cognition,0,0,full,0.01091639,91.6054
NEG0118,negverify,neuropathy,0,0,full,0.01091639,91.6054
NEG0118,negverify,fatigue,0,0,full,0.01091639,91.6054
NEG0118,negverify,pain,0,0,full,0.01091639,91.6054
NEG0118,negverify,physical_function,0,0,full,0.01091639,91.6054
NEG0118,negverify,swallowing,0,0,full,0.01091639,91.6054
NEG0118,negverify,speech_voice,0,0,full,0.01091639,91.6054
NEG0118,negverify,hearing,0,0,full,0.01091639,91.6054
NEG0118,negverify,respiratory,0,0,full,0.01091639,91.6054
NEG0118,negverify,bowel,0,0,full,0.01091639,91.6054
NEG0118,negverify,urinary,0,0,full,0.01091639,91.6054
NEG0118,negverify,sexual_reproductive,0,0,full,0.01091639,91.6054
NEG0118,negverify,limb_lymphedema,0,0,full,0.01091639,91.6054
NEG0118,negverify,visual,0,0,full,0.01091639,91.6054
NEG0119,negverify,cognition,0,0,truncated,0.01091639,91.6054
NEG0119,negverify,neuropathy,0,0,truncated,0.01091639,91.6054
NEG0119,negverify,fatigue,0,0,truncated,0.01091639,91.6054
NEG0119,negverify,pain,0,0,truncated,0.01091639,91.6054
NEG0119,negverify,physical_function,0,0,truncated,0.01091639,91.6054
NEG0119,negverify,swallowing,0,0,truncated,0.01091639,91.6054
NEG0119,negverify,speech_voice,0,0,truncated,0.01091639,91.6054
NEG0119,negverify,hearing,0,0,truncated,0.01091639,91.6054
NEG0119,negverify,respiratory,0,0,truncated,0.01091639,91.6054
NEG0119,negverify,bowel,0,0,truncated,0.01091639,91.6054
NEG0119,negverify,urinary,0,0,truncated,0.01091639,91.6054
NEG0119,negverify,sexual_reproductive,0,0,truncated,0.01091639,91.6054
NEG0119,negverify,limb_lymphedema,0,0,truncated,0.01091639,91.6054
NEG0119,negverify,visual,0,0,truncated,0.01091639,91.6054
NEG0120,negverify,cognition,0,0,full,0.01091639,91.6054
NEG0120,negverify,neuropathy,0,0,full,0.01091639,91.6054
NEG0120,negverify,fatigue,0,0,full,0.01091639,91.6054
NEG0120,negverify,pain,0,0,full,0.01091639,91.6054
NEG0120,negverify,physical_function,0,0,full,0.01091639,91.6054
NEG0120,negverify,swallowing,0,0,full,0.01091639,91.6054
NEG0120,negverify,speech_voice,0,0,full,0.01091639,91.6054
NEG0120,negverify,hearing,0,0,full,0.01091639,91.6054
NEG0120,negverify,respiratory,0,0,full,0.01091639,91.6054
NEG0120,negverify,bowel,0,0,full,0.01091639,91.6054
NEG0120,negverify,urinary,0,0,full,0.01091639,91.6054
NEG0120,negverify,sexual_reproductive,0,0,full,0.01091639,91.6054
NEG0120,negverify,limb_lymphedema,0,0,full,0.01091639,91.6054
NEG0120,negverify,visual,0,0,full,0.01091639,91.6054
NEG0121,negverify,cognition,0,0,full,0.01091639,91.6054
NEG0121,negverify,neuropathy,0,0,full,0.01091639,91.6054
NEG0121,negverify,fatigue,0,0,full,0.01091639,91.6054
NEG0121,negverify,pain,0,0,full,0.01091639,91.6054
NEG0121,negverify,physical_function,0,0,full,0.01091639,91.6054
NEG0121,negverify,swallowing,0,0,full,0.01091639,91.6054
NEG0121,negverify,speech_voice,0,0,full,0.01091639,91.6054
NEG0121,negverify,hearing,0,0,full,0.01091639,91.6054
NEG0121,negverify,respiratory,0,0,full,0.01091639,91.6054
NEG0121,negverify,bowel,0,0,full,0.01091639,91.6054
NEG0121,negverify,urinary,0,0,full,0.01091639,91.6054
NEG0121,negverify,sexual_reproductive,0,0,full,0.01091639,91.6054
NEG0121,negverify,limb_lymphedema,0,0,full,0.01091639,91.6054
NEG0121,negverify,visual,0,0,full,0.01091639,91.6054
NEG0122,negverify,cognition,0,0,truncated,0.01091639,91.6054
NEG0122,negverify,neuropathy,0,0,truncated,0.01091639,91.6054
NEG0122,negverify,fatigue,0,0,truncated,0.01091639,91.6054
NEG0122,negverify,pain,0,0,truncated,0.01091639,91.6054
NEG0122,negverify,physical_function,0,0,truncated,0.01091639,91.6054
NEG0122,negverify,swallowing,0,0,truncated,0.01091639,91.6054
NEG0122,negverify,speech_voice,0,0,truncated,0.01091639,91.6054
NEG0122,negverify,hearing,0,0,truncated,0.01091639,91.6054
NEG0122,negverify,respiratory,0,0,truncated,0.01091639,91.6054
NEG0122,negverify,bowel,0,0,truncated,0.01091639,91.6054
NEG0122,negverify,urinary,0,0,truncated,0.01091639,91.6054
NEG0122,negverify,sexual_reproductive,0,0,truncated,0.01091639,91.6054
NEG0122,negverify,limb_lymphedema,0,0,truncated,0.01091639,91.6054
NEG0122,negverify,visual,0,0,truncated,0.01091639,91.6054
NEG0123,negverify,cognition,0,0,full,0.01091639,91.6054
NEG0123,negverify,neuropathy,0,0,full,0.01091639,91.6054
NEG0123,negverify,fatigue,0,0,full,0.01091639,91.6054
NEG0123,negverify,pain,0,0,full,0.01091639,91.6054
NEG0123,negverify,physical_function,0,0,full,0.01091639,91.6054
NEG0123,negverify,swallowing,0,0,full,0.01091639,91.6054
NEG0123,negverify,speech_voice,0,0,full,0.01091639,91.6054
NEG0123,negverify,hearing,0,0,full,0.01091639,91.6054
NEG0123,negverify,respiratory,0,0,full,0.01091639,91.6054
NEG0123,negverify,bowel,0,0,full,0.01091639,91.6054
NEG0123,negverify,urinary,0,0,full,0.01091639,91.6054
NEG0123,negverify,sexual_reproductive,0,0,full,0.01091639,91.6054
NEG0123,negverify,limb_lymphedema,0,0,full,0.01091639,91.6054
NEG0123,negverify,visual,0,0,full,0.01091639,91.6054
NEG0124,negverify,cognition,0,0,full,0.01091639,91.6054
NEG0124,negverify,neuropathy,0,0,full,0.01091639,91.6054
NEG0124,negverify,fatigue,0,0,full,0.01091639,91.6054
NEG0124,negverify,pain,0,0,full,0.01091639,91.6054
NEG0124,negverify,physical_function,0,0,full,0.01091639,91.6054
NEG0124,negverify,swallowing,0,0,full,0.01091639,91.6054
NEG0124,negverify,speech_voice,0,0,full,0.01091639,91.6054
NEG0124,negverify,hearing,0,0,full,0.01091639,91.6054
NEG0124,negverify,respiratory,0,0,full,0.01091639,91.6054
NEG0124,negverify,bowel,0,0,full,0.01091639,91.6054
NEG0124,negverify,urinary,0,0,full,0.01091639,91.6054
NEG0124,negverify,sexual_reproductive,0,0,full,0.01091639,91.6054
NEG0124,negverify,limb_lymphedema,0,0,full,0.01091639,91.6054
NEG0124,negverify,visual,0,0,full,0.01091639,91.6054
NEG0125,negverify,cognition,0,0,full,0.01091639,91.6054
NEG0125,negverify,neuropathy,0,0,full,0.01091639,91.6054
NEG0125,negverify,fatigue,0,0,full,0.01091639,91.6054
NEG0125,negverify,pain,0,0,full,0.01091639,91.6054
NEG0125,negverify,physical_function,0,0,full,0.01091639,91.6054
NEG0125,negverify,swallowing,0,0,full,0.01091639,91.6054
NEG0125,negverify,speech_voice,0,0,full,0.01091639,91.6054
NEG0125,negverify,hearing,0,0,full,0.01091639,91.6054
NEG0125,negverify,respiratory,0,0,full,0.01091639,91.6054
NEG0125,negverify,bowel,0,0,full,0.01091639,91.6054
NEG0125,negverify,urinary,0,0,full,0.01091639,91.6054
NEG0125,negverify,sexual_reproductive,0,0,full,0.01091639,91.6054
NEG0125,negverify,limb_lymphedema,0,0,full,0.01091639,91.6054
NEG0125,negverify,visual,0,0,full,0.01091639,91.6054
NEG0126,negverify,cognition,0,0,full,0.01091639,91.6054
NEG0126,negverify,neuropathy,0,0,full,0.01091639,91.6054
NEG0126,negverify,fatigue,0,0,full,0.01091639,91.6054
NEG0126,negverify,pain,0,0,full,0.01091639,91.6054
NEG0126,negverify,physical_function,0,0,full,0.01091639,91.6054
NEG0126,negverify,swallowing,0,0,full,0.01091639,91.6054
NEG0126,negverify,speech_voice,0,0,full,0.01091639,91.6054
NEG0126,negverify,hearing,0,0,full,0.01091639,91.6054
NEG0126,negverify,respiratory,0,0,full,0.01091639,91.6054
NEG0126,negverify,bowel,0,0,full,0.01091639,91.6054
NEG0126,negverify,urinary,0,0,full,0.01091639,91.6054
NEG0126,negverify,sexual_reproductive,0,0,full,0.01091639,91.6054
NEG0126,negverify,limb_lymphedema,0,0,full,0.01091639,91.6054
NEG0126,negverify,visual,0,0,full,0.01091639,91.6054
NEG0127,negverify,cognition,0,0,full,0.01091639,91.6054
NEG0127,negverify,neuropathy,0,0,full,0.01091639,91.6054
NEG0127,negverify,fatigue,0,0,full,0.01091639,91.6054
NEG0127,negverify,pain,0,0,full,0.01091639,91.6054
NEG0127,negverify,physical_function,0,0,full,0.01091639,91.6054
NEG0127,negverify,swallowing,0,0,full,0.01091639,91.6054
NEG0127,negverify,speech_voice,0,0,full,0.01091639,91.6054
NEG0127,negverify,hearing,0,0,full,0.01091639,91.6054
NEG0127,negverify,respiratory,0,0,full,0.01091639,91.6054
NEG0127,negverify,bowel,0,0,full,0.01091639,91.6054
NEG0127,negverify,urinary,0,0,full,0.01091639,91.6054
NEG0127,negverify,sexual_reproductive,0,0,full,0.01091639,91.6054
NEG0127,negverify,limb_lymphedema,0,0,full,0.01091639,91.6054
NEG0127,negverify,visual,0,0,full,0.01091639,91.6054
NEG0128,negverify,cognition,0,0,full,0.01091639,91.6054
NEG0128,negverify,neuropathy,0,0,full,0.01091639,91.6054
NEG0128,negverify,fatigue,0,0,full,0.01091639,91.6054
NEG0128,negverify,pain,0,1,full,0.01091639,91.6054
NEG0128,negverify,physical_function,0,0,full,0.01091639,91.6054
NEG0128,negverify,swallowing,0,0,full,0.01091639,91.6054
NEG0128,negverify,speech_voice,0,0,full,0.01091639,91.6054
NEG0128,negverify,hearing,0,0,full,0.01091639,91.6054
NEG0128,negverify,respiratory,0,0,full,0.01091639,91.6054
NEG0128,negverify,bowel,0,0,full,0.01091639,91.6054
NEG0128,negverify,urinary,0,0,full,0.01091639,91.6054
NEG0128,negverify,sexual_reproductive,0,0,full,0.01091639,91.6054
NEG0128,negverify,limb_lymphedema,0,0,full,0.01091639,91.6054
NEG0128,negverify,visual,0,0,full,0.01091639,91.6054
NEG0129,negverify,cognition,0,0,full,0.01091639,91.6054
NEG0129,negverify,neuropathy,0,0,full,0.01091639,91.6054
NEG0129,negverify,fatigue,0,0,full,0.01091639,91.6054
NEG0129,negverify,pain,0,0,full,0.01091639,91.6054
NEG0129,negverify,physical_function,0,0,full,0.01091639,91.6054
NEG0129,negverify,swallowing,0,0,full,0.01091639,91.6054
NEG0129,negverify,speech_voice,0,0,full,0.01091639,91.6054
NEG0129,negverify,hearing,0,0,full,0.01091639,91.6054
NEG0129,negverify,respiratory,0,0,full,0.01091639,91.6054
NEG0129,negverify,bowel,0,0,full,0.01091639,91.6054
NEG0129,negverify,urinary,0,0,full,0.01091639,91.6054
NEG0129,negverify,sexual_reproductive,0,0,full,0.01091639,91.6054
NEG0129,negverify,limb_lymphedema,0,0,full,0.01091639,91.6054
NEG0129,negverify,visual,0,0,full,0.01091639,91.6054
NEG0130,negverify,cognition,0,0,full,0.01091639,91.6054
NEG0130,negverify,neuropathy,0,0,full,0.01091639,91.6054
NEG0130,negverify,fatigue,0,0,full,0.01091639,91.6054
NEG0130,negverify,pain,0,0,full,0.01091639,91.6054
NEG0130,negverify,physical_function,0,0,full,0.01091639,91.6054
NEG0130,negverify,swallowing,0,0,full,0.01091639,91.6054
NEG0130,negverify,speech_voice,0,0,full,0.01091639,91.6054
NEG0130,negverify,hearing,0,0,full,0.01091639,91.6054
NEG0130,negverify,respiratory,0,0,full,0.01091639,91.6054
NEG0130,negverify,bowel,0,0,full,0.01091639,91.6054
NEG0130,negverify,urinary,0,0,full,0.01091639,91.6054
NEG0130,negverify,sexual_reproductive,0,0,full,0.01091639,91.6054
NEG0130,negverify,limb_lymphedema,0,0,full,0.01091639,91.6054
NEG0130,negverify,visual,0,0,full,0.01091639,91.6054
NEG0131,negverify,cognition,0,0,full,0.01091639,91.6054
NEG0131,negverify,neuropathy,0,0,full,0.01091639,91.6054
NEG0131,negverify,fatigue,0,0,full,0.01091639,91.6054
NEG0131,negverify,pain,0,0,full,0.01091639,91.6054
NEG0131,negverify,physical_function,0,0,full,0.01091639,91.6054
NEG0131,negverify,swallowing,0,0,full,0.01091639,91.6054
NEG0131,negverify,speech_voice,0,0,full,0.01091639,91.6054
NEG0131,negverify,hearing,0,0,full,0.01091639,91.6054
NEG0131,negverify,respiratory,0,0,full,0.01091639,91.6054
NEG0131,negverify,bowel,0,0,full,0.01091639,91.6054
NEG0131,negverify,urinary,0,0,full,0.01091639,91.6054
NEG0131,negverify,sexual_reproductive,0,0,full,0.01091639,91.6054
NEG0131,negverify,limb_lymphedema,0,0,full,0.01091639,91.6054
NEG0131,negverify,visual,0,0,full,0.01091639,91.6054
NEG0132,negverify,cognition,0,0,full,0.01091639,91.6054
NEG0132,negverify,neuropathy,0,0,full,0.01091639,91.6054
NEG0132,negverify,fatigue,0,0,full,0.01091639,91.6054
NEG0132,negverify,pain,0,0,full,0.01091639,91.6054
NEG0132,negverify,physical_function,0,0,full,0.01091639,91.6054
NEG0132,negverify,swallowing,0,0,full,0.01091639,91.6054
NEG0132,negverify,speech_voice,0,0,full,0.01091639,91.6054
NEG0132,negverify,hearing,0,0,full,0.01091639,91.6054
NEG0132,negverify,respiratory,0,0,full,0.01091639,91.6054
NEG0132,negverify,bowel,0,0,full,0.01091639,91.6054
NEG0132,negverify,urinary,0,0,full,0.01091639,91.6054
NEG0132,negverify,sexual_reproductive,0,0,full,0.01091639,91.6054
NEG0132,negverify,limb_lymphedema,0,0,full,0.01091639,91.6054
NEG0132,negverify,visual,0,0,full,0.01091639,91.6054
NEG0133,negverify,cognition,0,0,full,0.01091639,91.6054
NEG0133,negverify,neuropathy,0,0,full,0.01091639,91.6054
NEG0133,negverify,fatigue,0,0,full,0.01091639,91.6054
NEG0133,negverify,pain,0,0,full,0.01091639,91.6054
NEG0133,negverify,physical_function,0,0,full,0.01091639,91.6054
NEG0133,negverify,swallowing,0,0,full,0.01091639,91.6054
NEG0133,negverify,speech_voice,0,0,full,0.01091639,91.6054
NEG0133,negverify,hearing,0,0,full,0.01091639,91.6054
NEG0133,negverify,respiratory,0,0,full,0.01091639,91.6054
NEG0133,negverify,bowel,0,0,full,0.01091639,91.6054
NEG0133,negverify,urinary,0,0,full,0.01091639,91.6054
NEG0133,negverify,sexual_reproductive,0,0,full,0.01091639,91.6054
NEG0133,negverify,limb_lymphedema,0,0,full,0.01091639,91.6054
NEG0133,negverify,visual,0,0,full,0.01091639,91.6054
NEG0134,negverify,cognition,0,0,full,0.01091639,91.6054
NEG0134,negverify,neuropathy,0,0,full,0.01091639,91.6054
NEG0134,negverify,fatigue,0,0,full,0.01091639,91.6054
NEG0134,negverify,pain,0,0,full,0.01091639,91.6054
NEG0134,negverify,physical_function,0,0,full,0.01091639,91.6054
NEG0134,negverify,swallowing,0,0,full,0.01091639,91.6054
NEG0134,negverify,speech_voice,0,0,full,0.01091639,91.6054
NEG0134,negverify,hearing,0,0,full,0.01091639,91.6054
NEG0134,negverify,respiratory,0,0,full,0.01091639,91.6054
NEG0134,negverify,bowel,0,0,full,0.01091639,91.6054
NEG0134,negverify,urinary,0,0,full,0.01091639,91.6054
NEG0134,negverify,sexual_reproductive,0,0,full,0.01091639,91.6054
NEG0134,negverify,limb_lymphedema,0,0,full,0.01091639,91.6054
NEG0134,negverify,visual,0,0,full,0.01091639,91.6054
NEG0135,negverify,cognition,0,0,full,0.01091639,91.6054
NEG0135,negverify,neuropathy,0,0,full,0.01091639,91.6054
NEG0135,negverify,fatigue,0,0,full,0.01091639,91.6054
NEG0135,negverify,pain,0,0,full,0.01091639,91.6054
NEG0135,negverify,physical_function,0,0,full,0.01091639,91.6054
NEG0135,negverify,swallowing,0,0,full,0.01091639,91.6054
NEG0135,negverify,speech_voice,0,0,full,0.01091639,91.6054
NEG0135,negverify,hearing,0,0,full,0.01091639,91.6054
NEG0135,negverify,respiratory,0,0,full,0.01091639,91.6054
NEG0135,negverify,bowel,0,0,full,0.01091639,91.6054
NEG0135,negverify,urinary,0,0,full,0.01091639,91.6054
NEG0135,negverify,sexual_reproductive,0,0,full,0.01091639,91.6054
NEG0135,negverify,limb_lymphedema,0,0,full,0.01091639,91.6054
NEG0135,negverify,visual,0,0,full,0.01091639,91.6054
NEG0136,negverify,cognition,0,0,full,0.01091639,91.6054
NEG0136,negverify,neuropathy,0,0,full,0.01091639,91.6054
NEG0136,negverify,fatigue,0,0,full,0.01091639,91.6054
NEG0136,negverify,pain,0,0,full,0.01091639,91.6054
NEG0136,negverify,physical_function,0,0,full,0.01091639,91.6054
NEG0136,negverify,swallowing,0,0,full,0.01091639,91.6054
NEG0136,negverify,speech_voice,0,0,full,0.01091639,91.6054
NEG0136,negverify,hearing,0,0,full,0.01091639,91.6054
NEG0136,negverify,respiratory,0,0,full,0.01091639,91.6054
NEG0136,negverify,bowel,0,0,full,0.01091639,91.6054
NEG0136,negverify,urinary,0,0,full,0.01091639,91.6054
NEG0136,negverify,sexual_reproductive,0,0,full,0.01091639,91.6054
NEG0136,negverify,limb_lymphedema,0,0,full,0.01091639,91.6054
NEG0136,negverify,visual,0,0,full,0.01091639,91.6054
NEG0137,negverify,cognition,0,0,full,0.01091639,91.6054
NEG0137,negverify,neuropathy,0,0,full,0.01091639,91.6054
NEG0137,negverify,fatigue,0,0,full,0.01091639,91.6054
NEG0137,negverify,pain,0,0,full,0.01091639,91.6054
NEG0137,negverify,physical_function,0,0,full,0.01091639,91.6054
NEG0137,negverify,swallowing,0,0,full,0.01091639,91.6054
NEG0137,negverify,speech_voice,0,0,full,0.01091639,91.6054
NEG0137,negverify,hearing,0,0,full,0.01091639,91.6054
NEG0137,negverify,respiratory,0,0,full,0.01091639,91.6054
NEG0137,negverify,bowel,0,0,full,0.01091639,91.6054
NEG0137,negverify,urinary,0,0,full,0.01091639,91.6054
NEG0137,negverify,sexual_reproductive,0,0,full,0.01091639,91.6054
NEG0137,negverify,limb_lymphedema,0,0,full,0.01091639,91.6054
NEG0137,negverify,visual,0,0,full,0.01091639,91.6054
NEG0138,negverify,cognition,0,0,full,0.01091639,91.6054
NEG0138,negverify,neuropathy,0,0,full,0.01091639,91.6054
NEG0138,negverify,fatigue,0,0,full,0.01091639,91.6054
NEG0138,negverify,pain,0,0,full,0.01091639,91.6054
NEG0138,negverify,physical_function,0,0,full,0.01091639,91.6054
NEG0138,negverify,swallowing,0,0,full,0.01091639,91.6054
NEG0138,negverify,speech_voice,0,0,full,0.01091639,91.6054
NEG0138,negverify,hearing,0,0,full,0.01091639,91.6054
NEG0138,negverify,respiratory,0,0,full,0.01091639,91.6054
NEG0138,negverify,bowel,0,0,full,0.01091639,91.6054
NEG0138,negverify,urinary,0,0,full,0.01091639,91.6054
NEG0138,negverify,sexual_reproductive,0,0,full,0.01091639,91.6054
NEG0138,negverify,limb_lymphedema,0,0,full,0.01091639,91.6054
NEG0138,negverify,visual,0,0,full,0.01091639,91.6054
NEG0139,negverify,cognition,0,0,full,0.01091639,91.6054
NEG0139,negverify,neuropathy,0,0,full,0.01091639,91.6054
NEG0139,negverify,fatigue,0,0,full,0.01091639,91.6054
NEG0139,negverify,pain,0,0,full,0.01091639,91.6054
NEG0139,negverify,physical_function,0,0,full,0.01091639,91.6054
NEG0139,negverify,swallowing,0,0,full,0.01091639,91.6054
NEG0139,negverify,speech_voice,0,0,full,0.01091639,91.6054
NEG0139,negverify,hearing,0,0,full,0.01091639,91.6054
NEG0139,negverify,respiratory,0,0,full,0.01091639,91.6054
NEG0139,negverify,bowel,0,0,full,0.01091639,91.6054
NEG0139,negverify,urinary,0,0,full,0.01091639,91.6054
NEG0139,negverify,sexual_reproductive,0,0,full,0.01091639,91.6054
NEG0139,negverify,limb_lymphedema,0,0,full,0.01091639,91.6054
NEG0139,negverify,visual,0,0,full,0.01091639,91.6054
NEG0140,negverify,cognition,0,0,full,0.01091639,91.6054
NEG0140,negverify,neuropathy,0,0,full,0.01091639,91.6054
NEG0140,negverify,fatigue,0,0,full,0.01091639,91.6054
NEG0140,negverify,pain,0,0,full,0.01091639,91.6054
NEG0140,negverify,physical_function,0,0,full,0.01091639,91.6054
NEG0140,negverify,swallowing,0,0,full,0.01091639,91.6054
NEG0140,negverify,speech_voice,0,0,full,0.01091639,91.6054
NEG0140,negverify,hearing,0,0,full,0.01091639,91.6054
NEG0140,negverify,respiratory,0,0,full,0.01091639,91.6054
NEG0140,negverify,bowel,0,0,full,0.01091639,91.6054
NEG0140,negverify,urinary,0,0,full,0.01091639,91.6054
NEG0140,negverify,sexual_reproductive,0,0,full,0.01091639,91.6054
NEG0140,negverify,limb_lymphedema,0,0,full,0.01091639,91.6054
NEG0140,negverify,visual,0,0,full,0.01091639,91.6054
NEG0141,negverify,cognition,0,0,full,0.01091639,91.6054
NEG0141,negverify,neuropathy,0,0,full,0.01091639,91.6054
NEG0141,negverify,fatigue,0,0,full,0.01091639,91.6054
NEG0141,negverify,pain,0,0,full,0.01091639,91.6054
NEG0141,negverify,physical_function,0,0,full,0.01091639,91.6054
NEG0141,negverify,swallowing,0,0,full,0.01091639,91.6054
NEG0141,negverify,speech_voice,0,0,full,0.01091639,91.6054
NEG0141,negverify,hearing,0,0,full,0.01091639,91.6054
NEG0141,negverify,respiratory,0,0,full,0.01091639,91.6054
NEG0141,negverify,bowel,0,0,full,0.01091639,91.6054
NEG0141,negverify,urinary,0,0,full,0.01091639,91.6054
NEG0141,negverify,sexual_reproductive,0,0,full,0.01091639,91.6054
NEG0141,negverify,limb_lymphedema,0,0,full,0.01091639,91.6054
NEG0141,negverify,visual,0,0,full,0.01091639,91.6054
NEG0142,negverify,cognition,0,0,full,0.01091639,91.6054
NEG0142,negverify,neuropathy,0,0,full,0.01091639,91.6054
NEG0142,negverify,fatigue,0,0,full,0.01091639,91.6054
NEG0142,negverify,pain,0,0,full,0.01091639,91.6054
NEG0142,negverify,physical_function,0,0,full,0.01091639,91.6054
NEG0142,negverify,swallowing,0,0,full,0.01091639,91.6054
NEG0142,negverify,speech_voice,0,0,full,0.01091639,91.6054
NEG0142,negverify,hearing,0,0,full,0.01091639,91.6054
NEG0142,negverify,respiratory,0,0,full,0.01091639,91.6054
NEG0142,negverify,bowel,0,0,full,0.01091639,91.6054
NEG0142,negverify,urinary,0,0,full,0.01091639,91.6054
NEG0142,negverify,sexual_reproductive,0,0,full,0.01091639,91.6054
NEG0142,negverify,limb_lymphedema,0,0,full,0.01091639,91.6054
NEG0142,negverify,visual,0,0,full,0.01091639,91.6054
NEG0143,negverify,cognition,0,0,full,0.01091639,91.6054
NEG0143,negverify,neuropathy,0,0,full,0.01091639,91.6054
NEG0143,negverify,fatigue,0,0,full,0.01091639,91.6054
NEG0143,negverify,pain,0,0,full,0.01091639,91.6054
NEG0143,negverify,physical_function,0,0,full,0.01091639,91.6054
NEG0143,negverify,swallowing,0,0,full,0.01091639,91.6054
NEG0143,negverify,speech_voice,0,0,full,0.01091639,91.6054
NEG0143,negverify,hearing,0,0,full,0.01091639,91.6054
NEG0143,negverify,respiratory,0,0,full,0.01091639,91.6054
NEG0143,negverify,bowel,0,0,full,0.01091639,91.6054
NEG0143,negverify,urinary,0,0,full,0.01091639,91.6054
NEG0143,negverify,sexual_reproductive,0,0,full,0.01091639,91.6054
NEG0143,negverify,limb_lymphedema,0,0,full,0.01091639,91.6054
NEG0143,negverify,visual,0,0,full,0.01091639,91.6054
NEG0144,negverify,cognition,0,0,full,0.01091639,91.6054
NEG0144,negverify,neuropathy,0,0,full,0.01091639,91.6054
NEG0144,negverify,fatigue,0,0,full,0.01091639,91.6054
NEG0144,negverify,pain,0,0,full,0.01091639,91.6054
NEG0144,negverify,physical_function,0,0,full,0.01091639,91.6054
NEG0144,negverify,swallowing,0,0,full,0.01091639,91.6054
NEG0144,negverify,speech_voice,0,0,full,0.01091639,91.6054
NEG0144,negverify,hearing,0,0,full,0.01091639,91.6054
NEG0144,negverify,respiratory,0,0,full,0.01091639,91.6054
NEG0144,negverify,bowel,0,0,full,0.01091639,91.6054
NEG0144,negverify,urinary,0,0,full,0.01091639,91.6054
NEG0144,negverify,sexual_reproductive,0,0,full,0.01091639,91.6054
NEG0144,negverify,limb_lymphedema,0,0,full,0.01091639,91.6054
NEG0144,negverify,visual,0,0,full,0.01091639,91.6054
NEG0145,negverify,cognition,0,0,full,0.01091639,91.6054
NEG0145,negverify,neuropathy,0,0,full,0.01091639,91.6054
NEG0145,negverify,fatigue,0,0,full,0.01091639,91.6054
NEG0145,negverify,pain,0,0,full,0.01091639,91.6054
NEG0145,negverify,physical_function,0,0,full,0.01091639,91.6054
NEG0145,negverify,swallowing,0,0,full,0.01091639,91.6054
NEG0145,negverify,speech_voice,0,0,full,0.01091639,91.6054
NEG0145,negverify,hearing,0,0,full,0.01091639,91.6054
NEG0145,negverify,respiratory,0,0,full,0.01091639,91.6054
NEG0145,negverify,bowel,0,0,full,0.01091639,91.6054
NEG0145,negverify,urinary,0,0,full,0.01091639,91.6054
NEG0145,negverify,sexual_reproductive,0,0,full,0.01091639,91.6054
NEG0145,negverify,limb_lymphedema,0,0,full,0.01091639,91.6054
NEG0145,negverify,visual,0,0,full,0.01091639,91.6054
NEG0146,negverify,cognition,0,0,full,0.01091639,91.6054
NEG0146,negverify,neuropathy,0,0,full,0.01091639,91.6054
NEG0146,negverify,fatigue,0,0,full,0.01091639,91.6054
NEG0146,negverify,pain,0,0,full,0.01091639,91.6054
NEG0146,negverify,physical_function,0,0,full,0.01091639,91.6054
NEG0146,negverify,swallowing,0,0,full,0.01091639,91.6054
NEG0146,negverify,speech_voice,0,0,full,0.01091639,91.6054
NEG0146,negverify,hearing,0,0,full,0.01091639,91.6054
NEG0146,negverify,respiratory,0,0,full,0.01091639,91.6054
NEG0146,negverify,bowel,0,0,full,0.01091639,91.6054
NEG0146,negverify,urinary,0,0,full,0.01091639,91.6054
NEG0146,negverify,sexual_reproductive,0,0,full,0.01091639,91.6054
NEG0146,negverify,limb_lymphedema,0,0,full,0.01091639,91.6054
NEG0146,negverify,visual,0,0,full,0.01091639,91.6054
NEG0147,negverify,cognition,0,0,full,0.01091639,91.6054
NEG0147,negverify,neuropathy,0,0,full,0.01091639,91.6054
NEG0147,negverify,fatigue,0,0,full,0.01091639,91.6054
NEG0147,negverify,pain,0,0,full,0.01091639,91.6054
NEG0147,negverify,physical_function,0,0,full,0.01091639,91.6054
NEG0147,negverify,swallowing,0,0,full,0.01091639,91.6054
NEG0147,negverify,speech_voice,0,0,full,0.01091639,91.6054
NEG0147,negverify,hearing,0,0,full,0.01091639,91.6054
NEG0147,negverify,respiratory,0,0,full,0.01091639,91.6054
NEG0147,negverify,bowel,0,0,full,0.01091639,91.6054
NEG0147,negverify,urinary,0,0,full,0.01091639,91.6054
NEG0147,negverify,sexual_reproductive,0,0,full,0.01091639,91.6054
NEG0147,negverify,limb_lymphedema,0,0,full,0.01091639,91.6054
NEG0147,negverify,visual,0,0,full,0.01091639,91.6054
NEG0148,negverify,cognition,0,0,full,0.01091639,91.6054
NEG0148,negverify,neuropathy,0,0,full,0.01091639,91.6054
NEG0148,negverify,fatigue,0,0,full,0.01091639,91.6054
NEG0148,negverify,pain,0,0,full,0.01091639,91.6054
NEG0148,negverify,physical_function,0,0,full,0.01091639,91.6054
NEG0148,negverify,swallowing,0,0,full,0.01091639,91.6054
NEG0148,negverify,speech_voice,0,0,full,0.01091639,91.6054
NEG0148,negverify,hearing,0,0,full,0.01091639,91.6054
NEG0148,negverify,respiratory,0,0,full,0.01091639,91.6054
NEG0148,negverify,bowel,0,0,full,0.01091639,91.6054
NEG0148,negverify,urinary,0,0,full,0.01091639,91.6054
NEG0148,negverify,sexual_reproductive,0,0,full,0.01091639,91.6054
NEG0148,negverify,limb_lymphedema,0,0,full,0.01091639,91.6054
NEG0148,negverify,visual,0,0,full,0.01091639,91.6054
NEG0149,negverify,cognition,0,0,full,0.01091639,91.6054
NEG0149,negverify,neuropathy,0,0,full,0.01091639,91.6054
NEG0149,negverify,fatigue,0,0,full,0.01091639,91.6054
NEG0149,negverify,pain,0,0,full,0.01091639,91.6054
NEG0149,negverify,physical_function,0,0,full,0.01091639,91.6054
NEG0149,negverify,swallowing,0,0,full,0.01091639,91.6054
NEG0149,negverify,speech_voice,0,0,full,0.01091639,91.6054
NEG0149,negverify,hearing,0,0,full,0.01091639,91.6054
NEG0149,negverify,respiratory,0,0,full,0.01091639,91.6054
NEG0149,negverify,bowel,0,0,full,0.01091639,91.6054
NEG0149,negverify,urinary,0,0,full,0.01091639,91.6054
NEG0149,negverify,sexual_reproductive,0,0,full,0.01091639,91.6054
NEG0149,negverify,limb_lymphedema,0,0,full,0.01091639,91.6054
NEG0149,negverify,visual,0,0,full,0.01091639,91.6054
NEG0150,negverify,cognition,0,0,full,0.01091639,91.6054
NEG0150,negverify,neuropathy,0,0,full,0.01091639,91.6054
NEG0150,negverify,fatigue,0,0,full,0.01091639,91.6054
NEG0150,negverify,pain,0,0,full,0.01091639,91.6054
NEG0150,negverify,physical_function,0,0,full,0.01091639,91.6054
NEG0150,negverify,swallowing,0,0,full,0.01091639,91.6054
NEG0150,negverify,speech_voice,0,0,full,0.01091639,91.6054
NEG0150,negverify,hearing,0,0,full,0.01091639,91.6054
NEG0150,negverify,respiratory,0,0,full,0.01091639,91.6054
NEG0150,negverify,bowel,0,0,full,0.01091639,91.6054
NEG0150,negverify,urinary,0,0,full,0.01091639,91.6054
NEG0150,negverify,sexual_reproductive,0,0,full,0.01091639,91.6054
NEG0150,negverify,limb_lymphedema,0,0,full,0.01091639,91.6054
NEG0150,negverify,visual,0,0,full,0.01091639,91.6054
NEG0151,negverify,cognition,0,0,full,0.01091639,91.6054
NEG0151,negverify,neuropathy,0,0,full,0.01091639,91.6054
NEG0151,negverify,fatigue,0,0,full,0.01091639,91.6054
NEG0151,negverify,pain,0,0,full,0.01091639,91.6054
NEG0151,negverify,physical_function,0,0,full,0.01091639,91.6054
NEG0151,negverify,swallowing,0,0,full,0.01091639,91.6054
NEG0151,negverify,speech_voice,0,0,full,0.01091639,91.6054
NEG0151,negverify,hearing,0,0,full,0.01091639,91.6054
NEG0151,negverify,respiratory,0,0,full,0.01091639,91.6054
NEG0151,negverify,bowel,0,0,full,0.01091639,91.6054
NEG0151,negverify,urinary,0,0,full,0.01091639,91.6054
NEG0151,negverify,sexual_reproductive,0,0,full,0.01091639,91.6054
NEG0151,negverify,limb_lymphedema,0,0,full,0.01091639,91.6054
NEG0151,negverify,visual,0,0,full,0.01091639,91.6054
NEG0152,negverify,cognition,0,0,truncated,0.01091639,91.6054
NEG0152,negverify,neuropathy,0,0,truncated,0.01091639,91.6054
NEG0152,negverify,fatigue,0,0,truncated,0.01091639,91.6054
NEG0152,negverify,pain,0,0,truncated,0.01091639,91.6054
NEG0152,negverify,physical_function,0,0,truncated,0.01091639,91.6054
NEG0152,negverify,swallowing,0,0,truncated,0.01091639,91.6054
NEG0152,negverify,speech_voice,0,0,truncated,0.01091639,91.6054
NEG0152,negverify,hearing,0,0,truncated,0.01091639,91.6054
NEG0152,negverify,respiratory,0,0,truncated,0.01091639,91.6054
NEG0152,negverify,bowel,0,0,truncated,0.01091639,91.6054
NEG0152,negverify,urinary,0,0,truncated,0.01091639,91.6054
NEG0152,negverify,sexual_reproductive,0,0,truncated,0.01091639,91.6054
NEG0152,negverify,limb_lymphedema,0,0,truncated,0.01091639,91.6054
NEG0152,negverify,visual,0,0,truncated,0.01091639,91.6054
NEG0153,negverify,cognition,0,0,full,0.01091639,91.6054
NEG0153,negverify,neuropathy,0,0,full,0.01091639,91.6054
NEG0153,negverify,fatigue,0,0,full,0.01091639,91.6054
NEG0153,negverify,pain,0,0,full,0.01091639,91.6054
NEG0153,negverify,physical_function,0,0,full,0.01091639,91.6054
NEG0153,negverify,swallowing,0,0,full,0.01091639,91.6054
NEG0153,negverify,speech_voice,0,0,full,0.01091639,91.6054
NEG0153,negverify,hearing,0,0,full,0.01091639,91.6054
NEG0153,negverify,respiratory,0,0,full,0.01091639,91.6054
NEG0153,negverify,bowel,0,0,full,0.01091639,91.6054
NEG0153,negverify,urinary,0,0,full,0.01091639,91.6054
NEG0153,negverify,sexual_reproductive,0,1,full,0.01091639,91.6054
NEG0153,negverify,limb_lymphedema,0,0,full,0.01091639,91.6054
NEG0153,negverify,visual,0,0,full,0.01091639,91.6054
NEG0154,negverify,cognition,0,0,full,0.01091639,91.6054
NEG0154,negverify,neuropathy,0,0,full,0.01091639,91.6054
NEG0154,negverify,fatigue,0,0,full,0.01091639,91.6054
NEG0154,negverify,pain,0,0,full,0.01091639,91.6054
NEG0154,negverify,physical_function,0,0,full,0.01091639,91.6054
NEG0154,negverify,swallowing,0,0,full,0.01091639,91.6054
NEG0154,negverify,speech_voice,0,0,full,0.01091639,91.6054
NEG0154,negverify,hearing,0,0,full,0.01091639,91.6054
NEG0154,negverify,respiratory,0,0,full,0.01091639,91.6054
NEG0154,negverify,bowel,0,0,full,0.01091639,91.6054
NEG0154,negverify,urinary,0,0,full,0.01091639,91.6054
NEG0154,negverify,sexual_reproductive,0,0,full,0.01091639,91.6054
NEG0154,negverify,limb_lymphedema,0,0,full,0.01091639,91.6054
NEG0154,negverify,visual,0,0,full,0.01091639,91.6054
NEG0155,negverify,cognition,0,0,full,0.01091639,91.6054
NEG0155,negverify,neuropathy,0,0,full,0.01091639,91.6054
NEG0155,negverify,fatigue,0,0,full,0.01091639,91.6054
NEG0155,negverify,pain,0,0,full,0.01091639,91.6054
NEG0155,negverify,physical_function,0,0,full,0.01091639,91.6054
NEG0155,negverify,swallowing,0,0,full,0.01091639,91.6054
NEG0155,negverify,speech_voice,0,0,full,0.01091639,91.6054
NEG0155,negverify,hearing,0,0,full,0.01091639,91.6054
NEG0155,negverify,respiratory,0,0,full,0.01091639,91.6054
NEG0155,negverify,bowel,0,0,full,0.01091639,91.6054
NEG0155,negverify,urinary,0,0,full,0.01091639,91.6054
NEG0155,negverify,sexual_reproductive,0,0,full,0.01091639,91.6054
NEG0155,negverify,limb_lymphedema,0,0,full,0.01091639,91.6054
NEG0155,negverify,visual,0,0,full,0.01091639,91.6054
NEG0156,negverify,cognition,0,0,full,0.01091639,91.6054
NEG0156,negverify,neuropathy,0,0,full,0.01091639,91.6054
NEG0156,negverify,fatigue,0,0,full,0.01091639,91.6054
NEG0156,negverify,pain,0,0,full,0.01091639,91.6054
NEG0156,negverify,physical_function,0,0,full,0.01091639,91.6054
NEG0156,negverify,swallowing,0,0,full,0.01091639,91.6054
NEG0156,negverify,speech_voice,0,0,full,0.01091639,91.6054
NEG0156,negverify,hearing,0,0,full,0.01091639,91.6054
NEG0156,negverify,respiratory,0,0,full,0.01091639,91.6054
NEG0156,negverify,bowel,0,0,full,0.01091639,91.6054
NEG0156,negverify,urinary,0,0,full,0.01091639,91.6054
NEG0156,negverify,sexual_reproductive,0,0,full,0.01091639,91.6054
NEG0156,negverify,limb_lymphedema,0,0,full,0.01091639,91.6054
NEG0156,negverify,visual,0,0,full,0.01091639,91.6054
NEG0157,negverify,cognition,0,0,full,0.01091639,91.6054
NEG0157,negverify,neuropathy,0,0,full,0.01091639,91.6054
NEG0157,negverify,fatigue,0,0,full,0.01091639,91.6054
NEG0157,negverify,pain,0,0,full,0.01091639,91.6054
NEG0157,negverify,physical_function,0,0,full,0.01091639,91.6054
NEG0157,negverify,swallowing,0,0,full,0.01091639,91.6054
NEG0157,negverify,speech_voice,0,0,full,0.01091639,91.6054
NEG0157,negverify,hearing,0,0,full,0.01091639,91.6054
NEG0157,negverify,respiratory,0,0,full,0.01091639,91.6054
NEG0157,negverify,bowel,0,0,full,0.01091639,91.6054
NEG0157,negverify,urinary,0,0,full,0.01091639,91.6054
NEG0157,negverify,sexual_reproductive,0,0,full,0.01091639,91.6054
NEG0157,negverify,limb_lymphedema,0,0,full,0.01091639,91.6054
NEG0157,negverify,visual,0,0,full,0.01091639,91.6054
NEG0158,negverify,cognition,0,0,full,0.01091639,91.6054
NEG0158,negverify,neuropathy,0,0,full,0.01091639,91.6054
NEG0158,negverify,fatigue,0,0,full,0.01091639,91.6054
NEG0158,negverify,pain,0,0,full,0.01091639,91.6054
NEG0158,negverify,physical_function,0,0,full,0.01091639,91.6054
NEG0158,negverify,swallowing,0,0,full,0.01091639,91.6054
NEG0158,negverify,speech_voice,0,0,full,0.01091639,91.6054
NEG0158,negverify,hearing,0,0,full,0.01091639,91.6054
NEG0158,negverify,respiratory,0,0,full,0.01091639,91.6054
NEG0158,negverify,bowel,0,0,full,0.01091639,91.6054
NEG0158,negverify,urinary,0,0,full,0.01091639,91.6054
NEG0158,negverify,sexual_reproductive,0,0,full,0.01091639,91.6054
NEG0158,negverify,limb_lymphedema,0,0,full,0.01091639,91.6054
NEG0158,negverify,visual,0,0,full,0.01091639,91.6054
NEG0159,negverify,cognition,0,0,truncated,0.01091639,91.6054
NEG0159,negverify,neuropathy,0,0,truncated,0.01091639,91.6054
NEG0159,negverify,fatigue,0,0,truncated,0.01091639,91.6054
NEG0159,negverify,pain,0,0,truncated,0.01091639,91.6054
NEG0159,negverify,physical_function,0,0,truncated,0.01091639,91.6054
NEG0159,negverify,swallowing,0,0,truncated,0.01091639,91.6054
NEG0159,negverify,speech_voice,0,0,truncated,0.01091639,91.6054
NEG0159,negverify,hearing,0,0,truncated,0.01091639,91.6054
NEG0159,negverify,respiratory,0,0,truncated,0.01091639,91.6054
NEG0159,negverify,bowel,0,0,truncated,0.01091639,91.6054
NEG0159,negverify,urinary,0,0,truncated,0.01091639,91.6054
NEG0159,negverify,sexual_reproductive,0,0,truncated,0.01091639,91.6054
NEG0159,negverify,limb_lymphedema,0,0,truncated,0.01091639,91.6054
NEG0159,negverify,visual,0,0,truncated,0.01091639,91.6054
NEG0160,negverify,cognition,0,0,full,0.01091639,91.6054
NEG0160,negverify,neuropathy,0,0,full,0.01091639,91.6054
NEG0160,negverify,fatigue,0,0,full,0.01091639,91.6054
NEG0160,negverify,pain,0,0,full,0.01091639,91.6054
NEG0160,negverify,physical_function,0,0,full,0.01091639,91.6054
NEG0160,negverify,swallowing,0,0,full,0.01091639,91.6054
NEG0160,negverify,speech_voice,0,0,full,0.01091639,91.6054
NEG0160,negverify,hearing,0,0,full,0.01091639,91.6054
NEG0160,negverify,respiratory,0,0,full,0.01091639,91.6054
NEG0160,negverify,bowel,0,0,full,0.01091639,91.6054
NEG0160,negverify,urinary,0,0,full,0.01091639,91.6054
NEG0160,negverify,sexual_reproductive,0,0,full,0.01091639,91.6054
NEG0160,negverify,limb_lymphedema,0,0,full,0.01091639,91.6054
NEG0160,negverify,visual,0,0,full,0.01091639,91.6054
NEG0161,negverify,cognition,0,0,full,0.01091639,91.6054
NEG0161,negverify,neuropathy,0,0,full,0.01091639,91.6054
NEG0161,negverify,fatigue,0,0,full,0.01091639,91.6054
NEG0161,negverify,pain,0,0,full,0.01091639,91.6054
NEG0161,negverify,physical_function,0,0,full,0.01091639,91.6054
NEG0161,negverify,swallowing,0,0,full,0.01091639,91.6054
NEG0161,negverify,speech_voice,0,0,full,0.01091639,91.6054
NEG0161,negverify,hearing,0,0,full,0.01091639,91.6054
NEG0161,negverify,respiratory,0,0,full,0.01091639,91.6054
NEG0161,negverify,bowel,0,0,full,0.01091639,91.6054
NEG0161,negverify,urinary,0,0,full,0.01091639,91.6054
NEG0161,negverify,sexual_reproductive,0,0,full,0.01091639,91.6054
NEG0161,negverify,limb_lymphedema,0,0,full,0.01091639,91.6054
NEG0161,negverify,visual,0,0,full,0.01091639,91.6054
NEG0162,negverify,cognition,0,0,full,0.01091639,91.6054
NEG0162,negverify,neuropathy,0,0,full,0.01091639,91.6054
NEG0162,negverify,fatigue,0,0,full,0.01091639,91.6054
NEG0162,negverify,pain,0,0,full,0.01091639,91.6054
NEG0162,negverify,physical_function,0,0,full,0.01091639,91.6054
NEG0162,negverify,swallowing,0,0,full,0.01091639,91.6054
NEG0162,negverify,speech_voice,0,0,full,0.01091639,91.6054
NEG0162,negverify,hearing,0,0,full,0.01091639,91.6054
NEG0162,negverify,respiratory,0,0,full,0.01091639,91.6054
NEG0162,negverify,bowel,0,0,full,0.01091639,91.6054
NEG0162,negverify,urinary,0,0,full,0.01091639,91.6054
NEG0162,negverify,sexual_reproductive,0,0,full,0.01091639,91.6054
NEG0162,negverify,limb_lymphedema,0,0,full,0.01091639,91.6054
NEG0162,negverify,visual,0,0,full,0.01091639,91.6054
NEG0163,negverify,cognition,0,0,full,0.01091639,91.6054
NEG0163,negverify,neuropathy,0,0,full,0.01091639,91.6054
NEG0163,negverify,fatigue,0,0,full,0.01091639,91.6054
NEG0163,negverify,pain,0,0,full,0.01091639,91.6054
NEG0163,negverify,physical_function,0,0,full,0.01091639,91.6054
NEG0163,negverify,swallowing,0,0,full,0.01091639,91.6054
NEG0163,negverify,speech_voice,0,0,full,0.01091639,91.6054
NEG0163,negverify,hearing,0,0,full,0.01091639,91.6054
NEG0163,negverify,respiratory,0,0,full,0.01091639,91.6054
NEG0163,negverify,bowel,0,0,full,0.01091639,91.6054
NEG0163,negverify,urinary,0,0,full,0.01091639,91.6054
NEG0163,negverify,sexual_reproductive,0,0,full,0.01091639,91.6054
NEG0163,negverify,limb_lymphedema,0,0,full,0.01091639,91.6054
NEG0163,negverify,visual,0,0,full,0.01091639,91.6054
NEG0164,negverify,cognition,0,0,full,0.01091639,91.6054
NEG0164,negverify,neuropathy,0,0,full,0.01091639,91.6054
NEG0164,negverify,fatigue,0,0,full,0.01091639,91.6054
NEG0164,negverify,pain,0,0,full,0.01091639,91.6054
NEG0164,negverify,physical_function,0,0,full,0.01091639,91.6054
NEG0164,negverify,swallowing,0,0,full,0.01091639,91.6054
NEG0164,negverify,speech_voice,0,0,full,0.01091639,91.6054
NEG0164,negverify,hearing,0,0,full,0.01091639,91.6054
NEG0164,negverify,respiratory,0,0,full,0.01091639,91.6054
NEG0164,negverify,bowel,0,0,full,0.01091639,91.6054
NEG0164,negverify,urinary,0,0,full,0.01091639,91.6054
NEG0164,negverify,sexual_reproductive,0,0,full,0.01091639,91.6054
NEG0164,negverify,limb_lymphedema,0,0,full,0.01091639,91.6054
NEG0164,negverify,visual,0,0,full,0.01091639,91.6054
NEG0165,negverify,cognition,0,0,truncated,0.01091639,91.6054
NEG0165,negverify,neuropathy,0,0,truncated,0.01091639,91.6054
NEG0165,negverify,fatigue,0,0,truncated,0.01091639,91.6054
NEG0165,negverify,pain,0,0,truncated,0.01091639,91.6054
NEG0165,negverify,physical_function,0,0,truncated,0.01091639,91.6054
NEG0165,negverify,swallowing,0,0,truncated,0.01091639,91.6054
NEG0165,negverify,speech_voice,0,0,truncated,0.01091639,91.6054
NEG0165,negverify,hearing,0,0,truncated,0.01091639,91.6054
NEG0165,negverify,respiratory,0,0,truncated,0.01091639,91.6054
NEG0165,negverify,bowel,0,0,truncated,0.01091639,91.6054
NEG0165,negverify,urinary,0,0,truncated,0.01091639,91.6054
NEG0165,negverify,sexual_reproductive,0,0,truncated,0.01091639,91.6054
NEG0165,negverify,limb_lymphedema,0,0,truncated,0.01091639,91.6054
NEG0165,negverify,visual,0,0,truncated,0.01091639,91.6054
NEG0166,negverify,cognition,0,0,truncated,0.01091639,91.6054
NEG0166,negverify,neuropathy,0,0,truncated,0.01091639,91.6054
NEG0166,negverify,fatigue,0,0,truncated,0.01091639,91.6054
NEG0166,negverify,pain,0,0,truncated,0.01091639,91.6054
NEG0166,negverify,physical_function,0,0,truncated,0.01091639,91.6054
NEG0166,negverify,swallowing,0,0,truncated,0.01091639,91.6054
NEG0166,negverify,speech_voice,0,0,truncated,0.01091639,91.6054
NEG0166,negverify,hearing,0,0,truncated,0.01091639,91.6054
NEG0166,negverify,respiratory,0,0,truncated,0.01091639,91.6054
NEG0166,negverify,bowel,0,0,truncated,0.01091639,91.6054
NEG0166,negverify,urinary,0,0,truncated,0.01091639,91.6054
NEG0166,negverify,sexual_reproductive,0,0,truncated,0.01091639,91.6054
NEG0166,negverify,limb_lymphedema,0,0,truncated,0.01091639,91.6054
NEG0166,negverify,visual,0,0,truncated,0.01091639,91.6054
NEG0167,negverify,cognition,0,0,full,0.01091639,91.6054
NEG0167,negverify,neuropathy,0,0,full,0.01091639,91.6054
NEG0167,negverify,fatigue,0,0,full,0.01091639,91.6054
NEG0167,negverify,pain,0,0,full,0.01091639,91.6054
NEG0167,negverify,physical_function,0,0,full,0.01091639,91.6054
NEG0167,negverify,swallowing,0,0,full,0.01091639,91.6054
NEG0167,negverify,speech_voice,0,0,full,0.01091639,91.6054
NEG0167,negverify,hearing,0,0,full,0.01091639,91.6054
NEG0167,negverify,respiratory,0,0,full,0.01091639,91.6054
NEG0167,negverify,bowel,0,0,full,0.01091639,91.6054
NEG0167,negverify,urinary,0,0,full,0.01091639,91.6054
NEG0167,negverify,sexual_reproductive,0,0,full,0.01091639,91.6054
NEG0167,negverify,limb_lymphedema,0,0,full,0.01091639,91.6054
NEG0167,negverify,visual,0,0,full,0.01091639,91.6054
NEG0168,negverify,cognition,0,0,truncated,0.01091639,91.6054
NEG0168,negverify,neuropathy,0,0,truncated,0.01091639,91.6054
NEG0168,negverify,fatigue,0,0,truncated,0.01091639,91.6054
NEG0168,negverify,pain,0,0,truncated,0.01091639,91.6054
NEG0168,negverify,physical_function,0,0,truncated,0.01091639,91.6054
NEG0168,negverify,swallowing,0,0,truncated,0.01091639,91.6054
NEG0168,negverify,speech_voice,0,0,truncated,0.01091639,91.6054
NEG0168,negverify,hearing,0,0,truncated,0.01091639,91.6054
NEG0168,negverify,respiratory,0,0,truncated,0.01091639,91.6054
NEG0168,negverify,bowel,0,0,truncated,0.01091639,91.6054
NEG0168,negverify,urinary,0,0,truncated,0.01091639,91.6054
NEG0168,negverify,sexual_reproductive,0,0,truncated,0.01091639,91.6054
NEG0168,negverify,limb_lymphedema,0,0,truncated,0.01091639,91.6054
NEG0168,negverify,visual,0,0,truncated,0.01091639,91.6054
NEG0169,negverify,cognition,0,0,full,0.01091639,91.6054
NEG0169,negverify,neuropathy,0,0,full,0.01091639,91.6054
NEG0169,negverify,fatigue,0,0,full,0.01091639,91.6054
NEG0169,negverify,pain,0,0,full,0.01091639,91.6054
NEG0169,negverify,physical_function,0,0,full,0.01091639,91.6054
NEG0169,negverify,swallowing,0,0,full,0.01091639,91.6054
NEG0169,negverify,speech_voice,0,0,full,0.01091639,91.6054
NEG0169,negverify,hearing,0,0,full,0.01091639,91.6054
NEG0169,negverify,respiratory,0,0,full,0.01091639,91.6054
NEG0169,negverify,bowel,0,0,full,0.01091639,91.6054
NEG0169,negverify,urinary,0,0,full,0.01091639,91.6054
NEG0169,negverify,sexual_reproductive,0,0,full,0.01091639,91.6054
NEG0169,negverify,limb_lymphedema,0,0,full,0.01091639,91.6054
NEG0169,negverify,visual,0,0,full,0.01091639,91.6054
NEG0170,negverify,cognition,0,0,full,0.01091639,91.6054
NEG0170,negverify,neuropathy,0,0,full,0.01091639,91.6054
NEG0170,negverify,fatigue,0,0,full,0.01091639,91.6054
NEG0170,negverify,pain,0,0,full,0.01091639,91.6054
NEG0170,negverify,physical_function,0,0,full,0.01091639,91.6054
NEG0170,negverify,swallowing,0,0,full,0.01091639,91.6054
NEG0170,negverify,speech_voice,0,0,full,0.01091639,91.6054
NEG0170,negverify,hearing,0,0,full,0.01091639,91.6054
NEG0170,negverify,respiratory,0,0,full,0.01091639,91.6054
NEG0170,negverify,bowel,0,0,full,0.01091639,91.6054
NEG0170,negverify,urinary,0,0,full,0.01091639,91.6054
NEG0170,negverify,sexual_reproductive,0,0,full,0.01091639,91.6054
NEG0170,negverify,limb_lymphedema,0,0,full,0.01091639,91.6054
NEG0170,negverify,visual,0,0,full,0.01091639,91.6054
NEG0171,negverify,cognition,0,0,full,0.01091639,91.6054
NEG0171,negverify,neuropathy,0,0,full,0.01091639,91.6054
NEG0171,negverify,fatigue,0,0,full,0.01091639,91.6054
NEG0171,negverify,pain,0,0,full,0.01091639,91.6054
NEG0171,negverify,physical_function,0,0,full,0.01091639,91.6054
NEG0171,negverify,swallowing,0,0,full,0.01091639,91.6054
NEG0171,negverify,speech_voice,0,0,full,0.01091639,91.6054
NEG0171,negverify,hearing,0,0,full,0.01091639,91.6054
NEG0171,negverify,respiratory,0,0,full,0.01091639,91.6054
NEG0171,negverify,bowel,0,0,full,0.01091639,91.6054
NEG0171,negverify,urinary,0,0,full,0.01091639,91.6054
NEG0171,negverify,sexual_reproductive,0,0,full,0.01091639,91.6054
NEG0171,negverify,limb_lymphedema,0,0,full,0.01091639,91.6054
NEG0171,negverify,visual,0,0,full,0.01091639,91.6054
NEG0172,negverify,cognition,0,0,full,0.01091639,91.6054
NEG0172,negverify,neuropathy,0,0,full,0.01091639,91.6054
NEG0172,negverify,fatigue,0,0,full,0.01091639,91.6054
NEG0172,negverify,pain,0,0,full,0.01091639,91.6054
NEG0172,negverify,physical_function,0,0,full,0.01091639,91.6054
NEG0172,negverify,swallowing,0,0,full,0.01091639,91.6054
NEG0172,negverify,speech_voice,0,0,full,0.01091639,91.6054
NEG0172,negverify,hearing,0,0,full,0.01091639,91.6054
NEG0172,negverify,respiratory,0,0,full,0.01091639,91.6054
NEG0172,negverify,bowel,0,0,full,0.01091639,91.6054
NEG0172,negverify,urinary,0,0,full,0.01091639,91.6054
NEG0172,negverify,sexual_reproductive,0,0,full,0.01091639,91.6054
NEG0172,negverify,limb_lymphedema,0,0,full,0.01091639,91.6054
NEG0172,negverify,visual,0,0,full,0.01091639,91.6054
NEG0173,negverify,cognition,0,0,truncated,0.01091639,91.6054
NEG0173,negverify,neuropathy,0,0,truncated,0.01091639,91.6054
NEG0173,negverify,fatigue,0,0,truncated,0.01091639,91.6054
NEG0173,negverify,pain,0,0,truncated,0.01091639,91.6054
NEG0173,negverify,physical_function,0,0,truncated,0.01091639,91.6054
NEG0173,negverify,swallowing,0,0,truncated,0.01091639,91.6054
NEG0173,negverify,speech_voice,0,0,truncated,0.01091639,91.6054
NEG0173,negverify,hearing,0,0,truncated,0.01091639,91.6054
NEG0173,negverify,respiratory,0,0,truncated,0.01091639,91.6054
NEG0173,negverify,bowel,0,0,truncated,0.01091639,91.6054
NEG0173,negverify,urinary,0,0,truncated,0.01091639,91.6054
NEG0173,negverify,sexual_reproductive,0,0,truncated,0.01091639,91.6054
NEG0173,negverify,limb_lymphedema,0,0,truncated,0.01091639,91.6054
NEG0173,negverify,visual,0,0,truncated,0.01091639,91.6054
NEG0174,negverify,cognition,0,0,full,0.01091639,91.6054
NEG0174,negverify,neuropathy,0,0,full,0.01091639,91.6054
NEG0174,negverify,fatigue,0,0,full,0.01091639,91.6054
NEG0174,negverify,pain,0,0,full,0.01091639,91.6054
NEG0174,negverify,physical_function,0,0,full,0.01091639,91.6054
NEG0174,negverify,swallowing,0,0,full,0.01091639,91.6054
NEG0174,negverify,speech_voice,0,0,full,0.01091639,91.6054
NEG0174,negverify,hearing,0,0,full,0.01091639,91.6054
NEG0174,negverify,respiratory,0,0,full,0.01091639,91.6054
NEG0174,negverify,bowel,0,0,full,0.01091639,91.6054
NEG0174,negverify,urinary,0,0,full,0.01091639,91.6054
NEG0174,negverify,sexual_reproductive,0,0,full,0.01091639,91.6054
NEG0174,negverify,limb_lymphedema,0,0,full,0.01091639,91.6054
NEG0174,negverify,visual,0,0,full,0.01091639,91.6054
NEG0175,negverify,cognition,0,0,full,0.01091639,91.6054
NEG0175,negverify,neuropathy,0,0,full,0.01091639,91.6054
NEG0175,negverify,fatigue,0,0,full,0.01091639,91.6054
NEG0175,negverify,pain,0,0,full,0.01091639,91.6054
NEG0175,negverify,physical_function,0,0,full,0.01091639,91.6054
NEG0175,negverify,swallowing,0,0,full,0.01091639,91.6054
NEG0175,negverify,speech_voice,0,0,full,0.01091639,91.6054
NEG0175,negverify,hearing,0,0,full,0.01091639,91.6054
NEG0175,negverify,respiratory,0,0,full,0.01091639,91.6054
NEG0175,negverify,bowel,0,0,full,0.01091639,91.6054
NEG0175,negverify,urinary,0,0,full,0.01091639,91.6054
NEG0175,negverify,sexual_reproductive,0,0,full,0.01091639,91.6054
NEG0175,negverify,limb_lymphedema,0,0,full,0.01091639,91.6054
NEG0175,negverify,visual,0,0,full,0.01091639,91.6054
NEG0176,negverify,cognition,0,0,full,0.01091639,91.6054
NEG0176,negverify,neuropathy,0,0,full,0.01091639,91.6054
NEG0176,negverify,fatigue,0,0,full,0.01091639,91.6054
NEG0176,negverify,pain,0,0,full,0.01091639,91.6054
NEG0176,negverify,physical_function,0,0,full,0.01091639,91.6054
NEG0176,negverify,swallowing,0,0,full,0.01091639,91.6054
NEG0176,negverify,speech_voice,0,0,full,0.01091639,91.6054
NEG0176,negverify,hearing,0,0,full,0.01091639,91.6054
NEG0176,negverify,respiratory,0,0,full,0.01091639,91.6054
NEG0176,negverify,bowel,0,0,full,0.01091639,91.6054
NEG0176,negverify,urinary,0,0,full,0.01091639,91.6054
NEG0176,negverify,sexual_reproductive,0,0,full,0.01091639,91.6054
NEG0176,negverify,limb_lymphedema,0,0,full,0.01091639,91.6054
NEG0176,negverify,visual,0,0,full,0.01091639,91.6054
NEG0177,negverify,cognition,0,0,full,0.01091639,91.6054
NEG0177,negverify,neuropathy,0,0,full,0.01091639,91.6054
NEG0177,negverify,fatigue,0,0,full,0.01091639,91.6054
NEG0177,negverify,pain,0,0,full,0.01091639,91.6054
NEG0177,negverify,physical_function,0,0,full,0.01091639,91.6054
NEG0177,negverify,swallowing,0,0,full,0.01091639,91.6054
NEG0177,negverify,speech_voice,0,0,full,0.01091639,91.6054
NEG0177,negverify,hearing,0,0,full,0.01091639,91.6054
NEG0177,negverify,respiratory,0,0,full,0.01091639,91.6054
NEG0177,negverify,bowel,0,0,full,0.01091639,91.6054
NEG0177,negverify,urinary,0,0,full,0.01091639,91.6054
NEG0177,negverify,sexual_reproductive,0,0,full,0.01091639,91.6054
NEG0177,negverify,limb_lymphedema,0,0,full,0.01091639,91.6054
NEG0177,negverify,visual,0,0,full,0.01091639,91.6054
NEG0178,negverify,cognition,0,0,full,0.01091639,91.6054
NEG0178,negverify,neuropathy,0,0,full,0.01091639,91.6054
NEG0178,negverify,fatigue,0,0,full,0.01091639,91.6054
NEG0178,negverify,pain,0,0,full,0.01091639,91.6054
NEG0178,negverify,physical_function,0,0,full,0.01091639,91.6054
NEG0178,negverify,swallowing,0,0,full,0.01091639,91.6054
NEG0178,negverify,speech_voice,0,0,full,0.01091639,91.6054
NEG0178,negverify,hearing,0,0,full,0.01091639,91.6054
NEG0178,negverify,respiratory,0,0,full,0.01091639,91.6054
NEG0178,negverify,bowel,0,0,full,0.01091639,91.6054
NEG0178,negverify,urinary,0,0,full,0.01091639,91.6054
NEG0178,negverify,sexual_reproductive,0,0,full,0.01091639,91.6054
NEG0178,negverify,limb_lymphedema,0,0,full,0.01091639,91.6054
NEG0178,negverify,visual,0,0,full,0.01091639,91.6054
NEG0179,negverify,cognition,0,0,full,0.01091639,91.6054
NEG0179,negverify,neuropathy,0,0,full,0.01091639,91.6054
NEG0179,negverify,fatigue,0,0,full,0.01091639,91.6054
NEG0179,negverify,pain,0,0,full,0.01091639,91.6054
NEG0179,negverify,physical_function,0,0,full,0.01091639,91.6054
NEG0179,negverify,swallowing,0,0,full,0.01091639,91.6054
NEG0179,negverify,speech_voice,0,0,full,0.01091639,91.6054
NEG0179,negverify,hearing,0,0,full,0.01091639,91.6054
NEG0179,negverify,respiratory,0,0,full,0.01091639,91.6054
NEG0179,negverify,bowel,0,0,full,0.01091639,91.6054
NEG0179,negverify,urinary,0,0,full,0.01091639,91.6054
NEG0179,negverify,sexual_reproductive,0,0,full,0.01091639,91.6054
NEG0179,negverify,limb_lymphedema,0,0,full,0.01091639,91.6054
NEG0179,negverify,visual,0,0,full,0.01091639,91.6054
NEG0180,negverify,cognition,0,0,full,0.01091639,91.6054
NEG0180,negverify,neuropathy,0,0,full,0.01091639,91.6054
NEG0180,negverify,fatigue,0,0,full,0.01091639,91.6054
NEG0180,negverify,pain,0,0,full,0.01091639,91.6054
NEG0180,negverify,physical_function,0,0,full,0.01091639,91.6054
NEG0180,negverify,swallowing,0,0,full,0.01091639,91.6054
NEG0180,negverify,speech_voice,0,0,full,0.01091639,91.6054
NEG0180,negverify,hearing,0,0,full,0.01091639,91.6054
NEG0180,negverify,respiratory,0,0,full,0.01091639,91.6054
NEG0180,negverify,bowel,0,0,full,0.01091639,91.6054
NEG0180,negverify,urinary,0,0,full,0.01091639,91.6054
NEG0180,negverify,sexual_reproductive,0,0,full,0.01091639,91.6054
NEG0180,negverify,limb_lymphedema,0,0,full,0.01091639,91.6054
NEG0180,negverify,visual,0,0,full,0.01091639,91.6054
NEG0181,negverify,cognition,0,0,truncated,0.01091639,91.6054
NEG0181,negverify,neuropathy,0,0,truncated,0.01091639,91.6054
NEG0181,negverify,fatigue,0,0,truncated,0.01091639,91.6054
NEG0181,negverify,pain,0,0,truncated,0.01091639,91.6054
NEG0181,negverify,physical_function,0,0,truncated,0.01091639,91.6054
NEG0181,negverify,swallowing,0,0,truncated,0.01091639,91.6054
NEG0181,negverify,speech_voice,0,0,truncated,0.01091639,91.6054
NEG0181,negverify,hearing,0,0,truncated,0.01091639,91.6054
NEG0181,negverify,respiratory,0,0,truncated,0.01091639,91.6054
NEG0181,negverify,bowel,0,0,truncated,0.01091639,91.6054
NEG0181,negverify,urinary,0,0,truncated,0.01091639,91.6054
NEG0181,negverify,sexual_reproductive,0,0,truncated,0.01091639,91.6054
NEG0181,negverify,limb_lymphedema,0,0,truncated,0.01091639,91.6054
NEG0181,negverify,visual,0,0,truncated,0.01091639,91.6054
NEG0182,negverify,cognition,0,0,full,0.01091639,91.6054
NEG0182,negverify,neuropathy,0,0,full,0.01091639,91.6054
NEG0182,negverify,fatigue,0,0,full,0.01091639,91.6054
NEG0182,negverify,pain,0,0,full,0.01091639,91.6054
NEG0182,negverify,physical_function,0,0,full,0.01091639,91.6054
NEG0182,negverify,swallowing,0,0,full,0.01091639,91.6054
NEG0182,negverify,speech_voice,0,0,full,0.01091639,91.6054
NEG0182,negverify,hearing,0,0,full,0.01091639,91.6054
NEG0182,negverify,respiratory,0,0,full,0.01091639,91.6054
NEG0182,negverify,bowel,0,0,full,0.01091639,91.6054
NEG0182,negverify,urinary,0,0,full,0.01091639,91.6054
NEG0182,negverify,sexual_reproductive,0,0,full,0.01091639,91.6054
NEG0182,negverify,limb_lymphedema,0,0,full,0.01091639,91.6054
NEG0182,negverify,visual,0,0,full,0.01091639,91.6054
NEG0183,negverify,cognition,0,0,full,0.01091639,91.6054
NEG0183,negverify,neuropathy,0,0,full,0.01091639,91.6054
NEG0183,negverify,fatigue,0,0,full,0.01091639,91.6054
NEG0183,negverify,pain,0,0,full,0.01091639,91.6054
NEG0183,negverify,physical_function,0,0,full,0.01091639,91.6054
NEG0183,negverify,swallowing,0,0,full,0.01091639,91.6054
NEG0183,negverify,speech_voice,0,0,full,0.01091639,91.6054
NEG0183,negverify,hearing,0,0,full,0.01091639,91.6054
NEG0183,negverify,respiratory,0,0,full,0.01091639,91.6054
NEG0183,negverify,bowel,0,0,full,0.01091639,91.6054
NEG0183,negverify,urinary,0,0,full,0.01091639,91.6054
NEG0183,negverify,sexual_reproductive,0,0,full,0.01091639,91.6054
NEG0183,negverify,limb_lymphedema,0,0,full,0.01091639,91.6054
NEG0183,negverify,visual,0,0,full,0.01091639,91.6054
NEG0184,negverify,cognition,0,0,full,0.01091639,91.6054
NEG0184,negverify,neuropathy,0,0,full,0.01091639,91.6054
NEG0184,negverify,fatigue,0,0,full,0.01091639,91.6054
NEG0184,negverify,pain,0,0,full,0.01091639,91.6054
NEG0184,negverify,physical_function,0,0,full,0.01091639,91.6054
NEG0184,negverify,swallowing,0,0,full,0.01091639,91.6054
NEG0184,negverify,speech_voice,0,0,full,0.01091639,91.6054
NEG0184,negverify,hearing,0,0,full,0.01091639,91.6054
NEG0184,negverify,respiratory,0,0,full,0.01091639,91.6054
NEG0184,negverify,bowel,0,0,full,0.01091639,91.6054
NEG0184,negverify,urinary,0,0,full,0.01091639,91.6054
NEG0184,negverify,sexual_reproductive,0,0,full,0.01091639,91.6054
NEG0184,negverify,limb_lymphedema,0,0,full,0.01091639,91.6054
NEG0184,negverify,visual,0,0,full,0.01091639,91.6054
NEG0185,negverify,cognition,0,0,full,0.01091639,91.6054
NEG0185,negverify,neuropathy,0,0,full,0.01091639,91.6054
NEG0185,negverify,fatigue,0,0,full,0.01091639,91.6054
NEG0185,negverify,pain,0,0,full,0.01091639,91.6054
NEG0185,negverify,physical_function,0,0,full,0.01091639,91.6054
NEG0185,negverify,swallowing,0,0,full,0.01091639,91.6054
NEG0185,negverify,speech_voice,0,0,full,0.01091639,91.6054
NEG0185,negverify,hearing,0,0,full,0.01091639,91.6054
NEG0185,negverify,respiratory,0,0,full,0.01091639,91.6054
NEG0185,negverify,bowel,0,0,full,0.01091639,91.6054
NEG0185,negverify,urinary,0,0,full,0.01091639,91.6054
NEG0185,negverify,sexual_reproductive,0,0,full,0.01091639,91.6054
NEG0185,negverify,limb_lymphedema,0,0,full,0.01091639,91.6054
NEG0185,negverify,visual,0,0,full,0.01091639,91.6054
NEG0186,negverify,cognition,0,0,full,0.01091639,91.6054
NEG0186,negverify,neuropathy,0,0,full,0.01091639,91.6054
NEG0186,negverify,fatigue,0,0,full,0.01091639,91.6054
NEG0186,negverify,pain,0,0,full,0.01091639,91.6054
NEG0186,negverify,physical_function,0,0,full,0.01091639,91.6054
NEG0186,negverify,swallowing,0,0,full,0.01091639,91.6054
NEG0186,negverify,speech_voice,0,0,full,0.01091639,91.6054
NEG0186,negverify,hearing,0,0,full,0.01091639,91.6054
NEG0186,negverify,respiratory,0,0,full,0.01091639,91.6054
NEG0186,negverify,bowel,0,0,full,0.01091639,91.6054
NEG0186,negverify,urinary,0,0,full,0.01091639,91.6054
NEG0186,negverify,sexual_reproductive,0,0,full,0.01091639,91.6054
NEG0186,negverify,limb_lymphedema,0,0,full,0.01091639,91.6054
NEG0186,negverify,visual,0,0,full,0.01091639,91.6054
NEG0187,negverify,cognition,0,0,full,0.01091639,91.6054
NEG0187,negverify,neuropathy,0,0,full,0.01091639,91.6054
NEG0187,negverify,fatigue,0,0,full,0.01091639,91.6054
NEG0187,negverify,pain,0,0,full,0.01091639,91.6054
NEG0187,negverify,physical_function,0,0,full,0.01091639,91.6054
NEG0187,negverify,swallowing,0,0,full,0.01091639,91.6054
NEG0187,negverify,speech_voice,0,0,full,0.01091639,91.6054
NEG0187,negverify,hearing,0,0,full,0.01091639,91.6054
NEG0187,negverify,respiratory,0,0,full,0.01091639,91.6054
NEG0187,negverify,bowel,0,0,full,0.01091639,91.6054
NEG0187,negverify,urinary,0,0,full,0.01091639,91.6054
NEG0187,negverify,sexual_reproductive,0,0,full,0.01091639,91.6054
NEG0187,negverify,limb_lymphedema,0,0,full,0.01091639,91.6054
NEG0187,negverify,visual,0,0,full,0.01091639,91.6054
NEG0188,negverify,cognition,0,0,full,0.01091639,91.6054
NEG0188,negverify,neuropathy,0,0,full,0.01091639,91.6054
NEG0188,negverify,fatigue,0,0,full,0.01091639,91.6054
NEG0188,negverify,pain,0,0,full,0.01091639,91.6054
NEG0188,negverify,physical_function,0,0,full,0.01091639,91.6054
NEG0188,negverify,swallowing,0,0,full,0.01091639,91.6054
NEG0188,negverify,speech_voice,0,0,full,0.01091639,91.6054
NEG0188,negverify,hearing,0,0,full,0.01091639,91.6054
NEG0188,negverify,respiratory,0,0,full,0.01091639,91.6054
NEG0188,negverify,bowel,0,0,full,0.01091639,91.6054
NEG0188,negverify,urinary,0,0,full,0.01091639,91.6054
NEG0188,negverify,sexual_reproductive,0,0,full,0.01091639,91.6054
NEG0188,negverify,limb_lymphedema,0,0,full,0.01091639,91.6054
NEG0188,negverify,visual,0,0,full,0.01091639,91.6054
NEG0189,negverify,cognition,0,0,full,0.01091639,91.6054
NEG0189,negverify,neuropathy,0,0,full,0.01091639,91.6054
NEG0189,negverify,fatigue,0,0,full,0.01091639,91.6054
NEG0189,negverify,pain,0,0,full,0.01091639,91.6054
NEG0189,negverify,physical_function,0,0,full,0.01091639,91.6054
NEG0189,negverify,swallowing,0,0,full,0.01091639,91.6054
NEG0189,negverify,speech_voice,0,0,full,0.01091639,91.6054
NEG0189,negverify,hearing,0,0,full,0.01091639,91.6054
NEG0189,negverify,respiratory,0,0,full,0.01091639,91.6054
NEG0189,negverify,bowel,0,0,full,0.01091639,91.6054
NEG0189,negverify,urinary,0,0,full,0.01091639,91.6054
NEG0189,negverify,sexual_reproductive,0,0,full,0.01091639,91.6054
NEG0189,negverify,limb_lymphedema,0,0,full,0.01091639,91.6054
NEG0189,negverify,visual,0,0,full,0.01091639,91.6054
NEG0190,negverify,cognition,0,0,full,0.01091639,91.6054
NEG0190,negverify,neuropathy,0,0,full,0.01091639,91.6054
NEG0190,negverify,fatigue,0,0,full,0.01091639,91.6054
NEG0190,negverify,pain,0,0,full,0.01091639,91.6054
NEG0190,negverify,physical_function,0,0,full,0.01091639,91.6054
NEG0190,negverify,swallowing,0,0,full,0.01091639,91.6054
NEG0190,negverify,speech_voice,0,0,full,0.01091639,91.6054
NEG0190,negverify,hearing,0,0,full,0.01091639,91.6054
NEG0190,negverify,respiratory,0,0,full,0.01091639,91.6054
NEG0190,negverify,bowel,0,0,full,0.01091639,91.6054
NEG0190,negverify,urinary,0,0,full,0.01091639,91.6054
NEG0190,negverify,sexual_reproductive,0,0,full,0.01091639,91.6054
NEG0190,negverify,limb_lymphedema,0,0,full,0.01091639,91.6054
NEG0190,negverify,visual,0,0,full,0.01091639,91.6054
NEG0191,negverify,cognition,0,0,full,0.01091639,91.6054
NEG0191,negverify,neuropathy,0,0,full,0.01091639,91.6054
NEG0191,negverify,fatigue,0,1,full,0.01091639,91.6054
NEG0191,negverify,pain,0,1,full,0.01091639,91.6054
NEG0191,negverify,physical_function,0,1,full,0.01091639,91.6054
NEG0191,negverify,swallowing,0,0,full,0.01091639,91.6054
NEG0191,negverify,speech_voice,0,0,full,0.01091639,91.6054
NEG0191,negverify,hearing,0,0,full,0.01091639,91.6054
NEG0191,negverify,respiratory,0,0,full,0.01091639,91.6054
NEG0191,negverify,bowel,0,0,full,0.01091639,91.6054
NEG0191,negverify,urinary,0,0,full,0.01091639,91.6054
NEG0191,negverify,sexual_reproductive,0,0,full,0.01091639,91.6054
NEG0191,negverify,limb_lymphedema,0,0,full,0.01091639,91.6054
NEG0191,negverify,visual,0,0,full,0.01091639,91.6054
NEG0192,negverify,cognition,0,0,truncated,0.01091639,91.6054
NEG0192,negverify,neuropathy,0,0,truncated,0.01091639,91.6054
NEG0192,negverify,fatigue,0,0,truncated,0.01091639,91.6054
NEG0192,negverify,pain,0,0,truncated,0.01091639,91.6054
NEG0192,negverify,physical_function,0,0,truncated,0.01091639,91.6054
NEG0192,negverify,swallowing,0,0,truncated,0.01091639,91.6054
NEG0192,negverify,speech_voice,0,0,truncated,0.01091639,91.6054
NEG0192,negverify,hearing,0,0,truncated,0.01091639,91.6054
NEG0192,negverify,respiratory,0,0,truncated,0.01091639,91.6054
NEG0192,negverify,bowel,0,0,truncated,0.01091639,91.6054
NEG0192,negverify,urinary,0,0,truncated,0.01091639,91.6054
NEG0192,negverify,sexual_reproductive,0,0,truncated,0.01091639,91.6054
NEG0192,negverify,limb_lymphedema,0,0,truncated,0.01091639,91.6054
NEG0192,negverify,visual,0,0,truncated,0.01091639,91.6054
NEG0193,negverify,cognition,0,0,full,0.01091639,91.6054
NEG0193,negverify,neuropathy,0,0,full,0.01091639,91.6054
NEG0193,negverify,fatigue,0,0,full,0.01091639,91.6054
NEG0193,negverify,pain,0,0,full,0.01091639,91.6054
NEG0193,negverify,physical_function,0,0,full,0.01091639,91.6054
NEG0193,negverify,swallowing,0,0,full,0.01091639,91.6054
NEG0193,negverify,speech_voice,0,0,full,0.01091639,91.6054
NEG0193,negverify,hearing,0,0,full,0.01091639,91.6054
NEG0193,negverify,respiratory,0,0,full,0.01091639,91.6054
NEG0193,negverify,bowel,0,0,full,0.01091639,91.6054
NEG0193,negverify,urinary,0,0,full,0.01091639,91.6054
NEG0193,negverify,sexual_reproductive,0,0,full,0.01091639,91.6054
NEG0193,negverify,limb_lymphedema,0,0,full,0.01091639,91.6054
NEG0193,negverify,visual,0,0,full,0.01091639,91.6054
NEG0194,negverify,cognition,0,0,full,0.01091639,91.6054
NEG0194,negverify,neuropathy,0,0,full,0.01091639,91.6054
NEG0194,negverify,fatigue,0,0,full,0.01091639,91.6054
NEG0194,negverify,pain,0,0,full,0.01091639,91.6054
NEG0194,negverify,physical_function,0,0,full,0.01091639,91.6054
NEG0194,negverify,swallowing,0,0,full,0.01091639,91.6054
NEG0194,negverify,speech_voice,0,0,full,0.01091639,91.6054
NEG0194,negverify,hearing,0,0,full,0.01091639,91.6054
NEG0194,negverify,respiratory,0,0,full,0.01091639,91.6054
NEG0194,negverify,bowel,0,0,full,0.01091639,91.6054
NEG0194,negverify,urinary,0,0,full,0.01091639,91.6054
NEG0194,negverify,sexual_reproductive,0,0,full,0.01091639,91.6054
NEG0194,negverify,limb_lymphedema,0,0,full,0.01091639,91.6054
NEG0194,negverify,visual,0,0,full,0.01091639,91.6054
NEG0195,negverify,cognition,0,0,truncated,0.01091639,91.6054
NEG0195,negverify,neuropathy,0,0,truncated,0.01091639,91.6054
NEG0195,negverify,fatigue,0,0,truncated,0.01091639,91.6054
NEG0195,negverify,pain,0,0,truncated,0.01091639,91.6054
NEG0195,negverify,physical_function,0,0,truncated,0.01091639,91.6054
NEG0195,negverify,swallowing,0,0,truncated,0.01091639,91.6054
NEG0195,negverify,speech_voice,0,0,truncated,0.01091639,91.6054
NEG0195,negverify,hearing,0,0,truncated,0.01091639,91.6054
NEG0195,negverify,respiratory,0,0,truncated,0.01091639,91.6054
NEG0195,negverify,bowel,0,0,truncated,0.01091639,91.6054
NEG0195,negverify,urinary,0,0,truncated,0.01091639,91.6054
NEG0195,negverify,sexual_reproductive,0,0,truncated,0.01091639,91.6054
NEG0195,negverify,limb_lymphedema,0,0,truncated,0.01091639,91.6054
NEG0195,negverify,visual,0,0,truncated,0.01091639,91.6054
NEG0196,negverify,cognition,0,0,full,0.01091639,91.6054
NEG0196,negverify,neuropathy,0,0,full,0.01091639,91.6054
NEG0196,negverify,fatigue,0,0,full,0.01091639,91.6054
NEG0196,negverify,pain,0,0,full,0.01091639,91.6054
NEG0196,negverify,physical_function,0,0,full,0.01091639,91.6054
NEG0196,negverify,swallowing,0,0,full,0.01091639,91.6054
NEG0196,negverify,speech_voice,0,0,full,0.01091639,91.6054
NEG0196,negverify,hearing,0,0,full,0.01091639,91.6054
NEG0196,negverify,respiratory,0,0,full,0.01091639,91.6054
NEG0196,negverify,bowel,0,0,full,0.01091639,91.6054
NEG0196,negverify,urinary,0,0,full,0.01091639,91.6054
NEG0196,negverify,sexual_reproductive,0,0,full,0.01091639,91.6054
NEG0196,negverify,limb_lymphedema,0,0,full,0.01091639,91.6054
NEG0196,negverify,visual,0,0,full,0.01091639,91.6054
NEG0197,negverify,cognition,0,0,full,0.01091639,91.6054
NEG0197,negverify,neuropathy,0,0,full,0.01091639,91.6054
NEG0197,negverify,fatigue,0,0,full,0.01091639,91.6054
NEG0197,negverify,pain,0,0,full,0.01091639,91.6054
NEG0197,negverify,physical_function,0,0,full,0.01091639,91.6054
NEG0197,negverify,swallowing,0,0,full,0.01091639,91.6054
NEG0197,negverify,speech_voice,0,0,full,0.01091639,91.6054
NEG0197,negverify,hearing,0,0,full,0.01091639,91.6054
NEG0197,negverify,respiratory,0,0,full,0.01091639,91.6054
NEG0197,negverify,bowel,0,0,full,0.01091639,91.6054
NEG0197,negverify,urinary,0,0,full,0.01091639,91.6054
NEG0197,negverify,sexual_reproductive,0,0,full,0.01091639,91.6054
NEG0197,negverify,limb_lymphedema,0,0,full,0.01091639,91.6054
NEG0197,negverify,visual,0,0,full,0.01091639,91.6054
NEG0198,negverify,cognition,0,0,full,0.01091639,91.6054
NEG0198,negverify,neuropathy,0,0,full,0.01091639,91.6054
NEG0198,negverify,fatigue,0,0,full,0.01091639,91.6054
NEG0198,negverify,pain,0,0,full,0.01091639,91.6054
NEG0198,negverify,physical_function,0,0,full,0.01091639,91.6054
NEG0198,negverify,swallowing,0,0,full,0.01091639,91.6054
NEG0198,negverify,speech_voice,0,0,full,0.01091639,91.6054
NEG0198,negverify,hearing,0,0,full,0.01091639,91.6054
NEG0198,negverify,respiratory,0,0,full,0.01091639,91.6054
NEG0198,negverify,bowel,0,0,full,0.01091639,91.6054
NEG0198,negverify,urinary,0,0,full,0.01091639,91.6054
NEG0198,negverify,sexual_reproductive,0,0,full,0.01091639,91.6054
NEG0198,negverify,limb_lymphedema,0,0,full,0.01091639,91.6054
NEG0198,negverify,visual,0,0,full,0.01091639,91.6054
NEG0199,negverify,cognition,0,0,full,0.01091639,91.6054
NEG0199,negverify,neuropathy,0,0,full,0.01091639,91.6054
NEG0199,negverify,fatigue,0,0,full,0.01091639,91.6054
NEG0199,negverify,pain,0,0,full,0.01091639,91.6054
NEG0199,negverify,physical_function,0,0,full,0.01091639,91.6054
NEG0199,negverify,swallowing,0,0,full,0.01091639,91.6054
NEG0199,negverify,speech_voice,0,0,full,0.01091639,91.6054
NEG0199,negverify,hearing,0,0,full,0.01091639,91.6054
NEG0199,negverify,respiratory,0,0,full,0.01091639,91.6054
NEG0199,negverify,bowel,0,0,full,0.01091639,91.6054
NEG0199,negverify,urinary,0,0,full,0.01091639,91.6054
NEG0199,negverify,sexual_reproductive,0,0,full,0.01091639,91.6054
NEG0199,negverify,limb_lymphedema,0,0,full,0.01091639,91.6054
NEG0199,negverify,visual,0,0,full,0.01091639,91.6054
NEG0200,negverify,cognition,0,0,full,0.01091639,91.6054
NEG0200,negverify,neuropathy,0,0,full,0.01091639,91.6054
NEG0200,negverify,fatigue,0,0,full,0.01091639,91.6054
NEG0200,negverify,pain,0,0,full,0.01091639,91.6054
NEG0200,negverify,physical_function,0,0,full,0.01091639,91.6054
NEG0200,negverify,swallowing,0,0,full,0.01091639,91.6054
NEG0200,negverify,speech_voice,0,0,full,0.01091639,91.6054
NEG0200,negverify,hearing,0,0,full,0.01091639,91.6054
NEG0200,negverify,respiratory,0,0,full,0.01091639,91.6054
NEG0200,negverify,bowel,0,0,full,0.01091639,91.6054
NEG0200,negverify,urinary,0,0,full,0.01091639,91.6054
NEG0200,negverify,sexual_reproductive,0,0,full,0.01091639,91.6054
NEG0200,negverify,limb_lymphedema,0,0,full,0.01091639,91.6054
NEG0200,negverify,visual,0,0,full,0.01091639,91.6054
NEG0201,negverify,cognition,0,0,full,0.01091639,91.6054
NEG0201,negverify,neuropathy,0,0,full,0.01091639,91.6054
NEG0201,negverify,fatigue,0,0,full,0.01091639,91.6054
NEG0201,negverify,pain,0,0,full,0.01091639,91.6054
NEG0201,negverify,physical_function,0,0,full,0.01091639,91.6054
NEG0201,negverify,swallowing,0,0,full,0.01091639,91.6054
NEG0201,negverify,speech_voice,0,0,full,0.01091639,91.6054
NEG0201,negverify,hearing,0,0,full,0.01091639,91.6054
NEG0201,negverify,respiratory,0,0,full,0.01091639,91.6054
NEG0201,negverify,bowel,0,0,full,0.01091639,91.6054
NEG0201,negverify,urinary,0,0,full,0.01091639,91.6054
NEG0201,negverify,sexual_reproductive,0,0,full,0.01091639,91.6054
NEG0201,negverify,limb_lymphedema,0,0,full,0.01091639,91.6054
NEG0201,negverify,visual,0,0,full,0.01091639,91.6054
NEG0202,negverify,cognition,0,0,full,0.01091639,91.6054
NEG0202,negverify,neuropathy,0,0,full,0.01091639,91.6054
NEG0202,negverify,fatigue,0,0,full,0.01091639,91.6054
NEG0202,negverify,pain,0,0,full,0.01091639,91.6054
NEG0202,negverify,physical_function,0,0,full,0.01091639,91.6054
NEG0202,negverify,swallowing,0,0,full,0.01091639,91.6054
NEG0202,negverify,speech_voice,0,0,full,0.01091639,91.6054
NEG0202,negverify,hearing,0,0,full,0.01091639,91.6054
NEG0202,negverify,respiratory,0,0,full,0.01091639,91.6054
NEG0202,negverify,bowel,0,0,full,0.01091639,91.6054
NEG0202,negverify,urinary,0,0,full,0.01091639,91.6054
NEG0202,negverify,sexual_reproductive,0,0,full,0.01091639,91.6054
NEG0202,negverify,limb_lymphedema,0,0,full,0.01091639,91.6054
NEG0202,negverify,visual,0,0,full,0.01091639,91.6054
NEG0203,negverify,cognition,0,0,full,0.01091639,91.6054
NEG0203,negverify,neuropathy,0,0,full,0.01091639,91.6054
NEG0203,negverify,fatigue,0,0,full,0.01091639,91.6054
NEG0203,negverify,pain,0,0,full,0.01091639,91.6054
NEG0203,negverify,physical_function,0,0,full,0.01091639,91.6054
NEG0203,negverify,swallowing,0,0,full,0.01091639,91.6054
NEG0203,negverify,speech_voice,0,0,full,0.01091639,91.6054
NEG0203,negverify,hearing,0,0,full,0.01091639,91.6054
NEG0203,negverify,respiratory,0,0,full,0.01091639,91.6054
NEG0203,negverify,bowel,0,0,full,0.01091639,91.6054
NEG0203,negverify,urinary,0,0,full,0.01091639,91.6054
NEG0203,negverify,sexual_reproductive,0,0,full,0.01091639,91.6054
NEG0203,negverify,limb_lymphedema,0,0,full,0.01091639,91.6054
NEG0203,negverify,visual,0,0,full,0.01091639,91.6054
NEG0204,negverify,cognition,0,0,full,0.01091639,91.6054
NEG0204,negverify,neuropathy,0,0,full,0.01091639,91.6054
NEG0204,negverify,fatigue,0,0,full,0.01091639,91.6054
NEG0204,negverify,pain,0,0,full,0.01091639,91.6054
NEG0204,negverify,physical_function,0,0,full,0.01091639,91.6054
NEG0204,negverify,swallowing,0,0,full,0.01091639,91.6054
NEG0204,negverify,speech_voice,0,0,full,0.01091639,91.6054
NEG0204,negverify,hearing,0,0,full,0.01091639,91.6054
NEG0204,negverify,respiratory,0,0,full,0.01091639,91.6054
NEG0204,negverify,bowel,0,0,full,0.01091639,91.6054
NEG0204,negverify,urinary,0,0,full,0.01091639,91.6054
NEG0204,negverify,sexual_reproductive,0,0,full,0.01091639,91.6054
NEG0204,negverify,limb_lymphedema,0,0,full,0.01091639,91.6054
NEG0204,negverify,visual,0,0,full,0.01091639,91.6054
NEG0205,negverify,cognition,0,0,full,0.01091639,91.6054
NEG0205,negverify,neuropathy,0,0,full,0.01091639,91.6054
NEG0205,negverify,fatigue,0,0,full,0.01091639,91.6054
NEG0205,negverify,pain,0,0,full,0.01091639,91.6054
NEG0205,negverify,physical_function,0,0,full,0.01091639,91.6054
NEG0205,negverify,swallowing,0,0,full,0.01091639,91.6054
NEG0205,negverify,speech_voice,0,0,full,0.01091639,91.6054
NEG0205,negverify,hearing,0,0,full,0.01091639,91.6054
NEG0205,negverify,respiratory,0,0,full,0.01091639,91.6054
NEG0205,negverify,bowel,0,0,full,0.01091639,91.6054
NEG0205,negverify,urinary,0,0,full,0.01091639,91.6054
NEG0205,negverify,sexual_reproductive,0,0,full,0.01091639,91.6054
NEG0205,negverify,limb_lymphedema,0,0,full,0.01091639,91.6054
NEG0205,negverify,visual,0,0,full,0.01091639,91.6054
NEG0206,negverify,cognition,0,0,truncated,0.01091639,91.6054
NEG0206,negverify,neuropathy,0,0,truncated,0.01091639,91.6054
NEG0206,negverify,fatigue,0,0,truncated,0.01091639,91.6054
NEG0206,negverify,pain,0,0,truncated,0.01091639,91.6054
NEG0206,negverify,physical_function,0,0,truncated,0.01091639,91.6054
NEG0206,negverify,swallowing,0,0,truncated,0.01091639,91.6054
NEG0206,negverify,speech_voice,0,0,truncated,0.01091639,91.6054
NEG0206,negverify,hearing,0,0,truncated,0.01091639,91.6054
NEG0206,negverify,respiratory,0,0,truncated,0.01091639,91.6054
NEG0206,negverify,bowel,0,0,truncated,0.01091639,91.6054
NEG0206,negverify,urinary,0,0,truncated,0.01091639,91.6054
NEG0206,negverify,sexual_reproductive,0,0,truncated,0.01091639,91.6054
NEG0206,negverify,limb_lymphedema,0,0,truncated,0.01091639,91.6054
NEG0206,negverify,visual,0,0,truncated,0.01091639,91.6054
NEG0207,negverify,cognition,0,0,truncated,0.01091639,91.6054
NEG0207,negverify,neuropathy,0,0,truncated,0.01091639,91.6054
NEG0207,negverify,fatigue,0,0,truncated,0.01091639,91.6054
NEG0207,negverify,pain,0,0,truncated,0.01091639,91.6054
NEG0207,negverify,physical_function,0,0,truncated,0.01091639,91.6054
NEG0207,negverify,swallowing,0,0,truncated,0.01091639,91.6054
NEG0207,negverify,speech_voice,0,0,truncated,0.01091639,91.6054
NEG0207,negverify,hearing,0,0,truncated,0.01091639,91.6054
NEG0207,negverify,respiratory,0,0,truncated,0.01091639,91.6054
NEG0207,negverify,bowel,0,0,truncated,0.01091639,91.6054
NEG0207,negverify,urinary,0,0,truncated,0.01091639,91.6054
NEG0207,negverify,sexual_reproductive,0,0,truncated,0.01091639,91.6054
NEG0207,negverify,limb_lymphedema,0,0,truncated,0.01091639,91.6054
NEG0207,negverify,visual,0,0,truncated,0.01091639,91.6054
NEG0208,negverify,cognition,0,0,full,0.01091639,91.6054
NEG0208,negverify,neuropathy,0,0,full,0.01091639,91.6054
NEG0208,negverify,fatigue,0,0,full,0.01091639,91.6054
NEG0208,negverify,pain,0,0,full,0.01091639,91.6054
NEG0208,negverify,physical_function,0,0,full,0.01091639,91.6054
NEG0208,negverify,swallowing,0,0,full,0.01091639,91.6054
NEG0208,negverify,speech_voice,0,0,full,0.01091639,91.6054
NEG0208,negverify,hearing,0,0,full,0.01091639,91.6054
NEG0208,negverify,respiratory,0,0,full,0.01091639,91.6054
NEG0208,negverify,bowel,0,0,full,0.01091639,91.6054
NEG0208,negverify,urinary,0,0,full,0.01091639,91.6054
NEG0208,negverify,sexual_reproductive,0,0,full,0.01091639,91.6054
NEG0208,negverify,limb_lymphedema,0,0,full,0.01091639,91.6054
NEG0208,negverify,visual,0,0,full,0.01091639,91.6054
NEG0209,negverify,cognition,0,0,full,0.01091639,91.6054
NEG0209,negverify,neuropathy,0,0,full,0.01091639,91.6054
NEG0209,negverify,fatigue,0,0,full,0.01091639,91.6054
NEG0209,negverify,pain,0,0,full,0.01091639,91.6054
NEG0209,negverify,physical_function,0,0,full,0.01091639,91.6054
NEG0209,negverify,swallowing,0,0,full,0.01091639,91.6054
NEG0209,negverify,speech_voice,0,0,full,0.01091639,91.6054
NEG0209,negverify,hearing,0,0,full,0.01091639,91.6054
NEG0209,negverify,respiratory,0,0,full,0.01091639,91.6054
NEG0209,negverify,bowel,0,0,full,0.01091639,91.6054
NEG0209,negverify,urinary,0,0,full,0.01091639,91.6054
NEG0209,negverify,sexual_reproductive,0,0,full,0.01091639,91.6054
NEG0209,negverify,limb_lymphedema,0,0,full,0.01091639,91.6054
NEG0209,negverify,visual,0,0,full,0.01091639,91.6054
NEG0210,negverify,cognition,0,0,full,0.01091639,91.6054
NEG0210,negverify,neuropathy,0,0,full,0.01091639,91.6054
NEG0210,negverify,fatigue,0,0,full,0.01091639,91.6054
NEG0210,negverify,pain,0,0,full,0.01091639,91.6054
NEG0210,negverify,physical_function,0,0,full,0.01091639,91.6054
NEG0210,negverify,swallowing,0,0,full,0.01091639,91.6054
NEG0210,negverify,speech_voice,0,0,full,0.01091639,91.6054
NEG0210,negverify,hearing,0,0,full,0.01091639,91.6054
NEG0210,negverify,respiratory,0,0,full,0.01091639,91.6054
NEG0210,negverify,bowel,0,0,full,0.01091639,91.6054
NEG0210,negverify,urinary,0,0,full,0.01091639,91.6054
NEG0210,negverify,sexual_reproductive,0,0,full,0.01091639,91.6054
NEG0210,negverify,limb_lymphedema,0,0,full,0.01091639,91.6054
NEG0210,negverify,visual,0,0,full,0.01091639,91.6054
NEG0211,negverify,cognition,0,0,full,0.01091639,91.6054
NEG0211,negverify,neuropathy,0,0,full,0.01091639,91.6054
NEG0211,negverify,fatigue,0,0,full,0.01091639,91.6054
NEG0211,negverify,pain,0,0,full,0.01091639,91.6054
NEG0211,negverify,physical_function,0,0,full,0.01091639,91.6054
NEG0211,negverify,swallowing,0,0,full,0.01091639,91.6054
NEG0211,negverify,speech_voice,0,0,full,0.01091639,91.6054
NEG0211,negverify,hearing,0,0,full,0.01091639,91.6054
NEG0211,negverify,respiratory,0,0,full,0.01091639,91.6054
NEG0211,negverify,bowel,0,0,full,0.01091639,91.6054
NEG0211,negverify,urinary,0,0,full,0.01091639,91.6054
NEG0211,negverify,sexual_reproductive,0,0,full,0.01091639,91.6054
NEG0211,negverify,limb_lymphedema,0,0,full,0.01091639,91.6054
NEG0211,negverify,visual,0,0,full,0.01091639,91.6054
NEG0212,negverify,cognition,0,0,full,0.01091639,91.6054
NEG0212,negverify,neuropathy,0,0,full,0.01091639,91.6054
NEG0212,negverify,fatigue,0,0,full,0.01091639,91.6054
NEG0212,negverify,pain,0,0,full,0.01091639,91.6054
NEG0212,negverify,physical_function,0,0,full,0.01091639,91.6054
NEG0212,negverify,swallowing,0,0,full,0.01091639,91.6054
NEG0212,negverify,speech_voice,0,0,full,0.01091639,91.6054
NEG0212,negverify,hearing,0,0,full,0.01091639,91.6054
NEG0212,negverify,respiratory,0,0,full,0.01091639,91.6054
NEG0212,negverify,bowel,0,0,full,0.01091639,91.6054
NEG0212,negverify,urinary,0,0,full,0.01091639,91.6054
NEG0212,negverify,sexual_reproductive,0,0,full,0.01091639,91.6054
NEG0212,negverify,limb_lymphedema,0,0,full,0.01091639,91.6054
NEG0212,negverify,visual,0,0,full,0.01091639,91.6054
NEG0213,negverify,cognition,0,0,full,0.01091639,91.6054
NEG0213,negverify,neuropathy,0,0,full,0.01091639,91.6054
NEG0213,negverify,fatigue,0,0,full,0.01091639,91.6054
NEG0213,negverify,pain,0,0,full,0.01091639,91.6054
NEG0213,negverify,physical_function,0,0,full,0.01091639,91.6054
NEG0213,negverify,swallowing,0,0,full,0.01091639,91.6054
NEG0213,negverify,speech_voice,0,0,full,0.01091639,91.6054
NEG0213,negverify,hearing,0,0,full,0.01091639,91.6054
NEG0213,negverify,respiratory,0,0,full,0.01091639,91.6054
NEG0213,negverify,bowel,0,0,full,0.01091639,91.6054
NEG0213,negverify,urinary,0,0,full,0.01091639,91.6054
NEG0213,negverify,sexual_reproductive,0,0,full,0.01091639,91.6054
NEG0213,negverify,limb_lymphedema,0,0,full,0.01091639,91.6054
NEG0213,negverify,visual,0,0,full,0.01091639,91.6054
NEG0214,negverify,cognition,0,0,truncated,0.01091639,91.6054
NEG0214,negverify,neuropathy,0,0,truncated,0.01091639,91.6054
NEG0214,negverify,fatigue,0,0,truncated,0.01091639,91.6054
NEG0214,negverify,pain,0,0,truncated,0.01091639,91.6054
NEG0214,negverify,physical_function,0,0,truncated,0.01091639,91.6054
NEG0214,negverify,swallowing,0,0,truncated,0.01091639,91.6054
NEG0214,negverify,speech_voice,0,0,truncated,0.01091639,91.6054
NEG0214,negverify,hearing,0,0,truncated,0.01091639,91.6054
NEG0214,negverify,respiratory,0,0,truncated,0.01091639,91.6054
NEG0214,negverify,bowel,0,0,truncated,0.01091639,91.6054
NEG0214,negverify,urinary,0,0,truncated,0.01091639,91.6054
NEG0214,negverify,sexual_reproductive,0,0,truncated,0.01091639,91.6054
NEG0214,negverify,limb_lymphedema,0,0,truncated,0.01091639,91.6054
NEG0214,negverify,visual,0,0,truncated,0.01091639,91.6054
NEG0215,negverify,cognition,0,0,truncated,0.01091639,91.6054
NEG0215,negverify,neuropathy,0,0,truncated,0.01091639,91.6054
NEG0215,negverify,fatigue,0,0,truncated,0.01091639,91.6054
NEG0215,negverify,pain,0,0,truncated,0.01091639,91.6054
NEG0215,negverify,physical_function,0,0,truncated,0.01091639,91.6054
NEG0215,negverify,swallowing,0,0,truncated,0.01091639,91.6054
NEG0215,negverify,speech_voice,0,0,truncated,0.01091639,91.6054
NEG0215,negverify,hearing,0,0,truncated,0.01091639,91.6054
NEG0215,negverify,respiratory,0,0,truncated,0.01091639,91.6054
NEG0215,negverify,bowel,0,0,truncated,0.01091639,91.6054
NEG0215,negverify,urinary,0,0,truncated,0.01091639,91.6054
NEG0215,negverify,sexual_reproductive,0,0,truncated,0.01091639,91.6054
NEG0215,negverify,limb_lymphedema,0,0,truncated,0.01091639,91.6054
NEG0215,negverify,visual,0,0,truncated,0.01091639,91.6054
NEG0216,negverify,cognition,0,0,full,0.01091639,91.6054
NEG0216,negverify,neuropathy,0,0,full,0.01091639,91.6054
NEG0216,negverify,fatigue,0,0,full,0.01091639,91.6054
NEG0216,negverify,pain,0,0,full,0.01091639,91.6054
NEG0216,negverify,physical_function,0,0,full,0.01091639,91.6054
NEG0216,negverify,swallowing,0,0,full,0.01091639,91.6054
NEG0216,negverify,speech_voice,0,0,full,0.01091639,91.6054
NEG0216,negverify,hearing,0,0,full,0.01091639,91.6054
NEG0216,negverify,respiratory,0,0,full,0.01091639,91.6054
NEG0216,negverify,bowel,0,0,full,0.01091639,91.6054
NEG0216,negverify,urinary,0,0,full,0.01091639,91.6054
NEG0216,negverify,sexual_reproductive,0,0,full,0.01091639,91.6054
NEG0216,negverify,limb_lymphedema,0,0,full,0.01091639,91.6054
NEG0216,negverify,visual,0,0,full,0.01091639,91.6054
NEG0217,negverify,cognition,0,0,full,0.01091639,91.6054
NEG0217,negverify,neuropathy,0,0,full,0.01091639,91.6054
NEG0217,negverify,fatigue,0,0,full,0.01091639,91.6054
NEG0217,negverify,pain,0,0,full,0.01091639,91.6054
NEG0217,negverify,physical_function,0,0,full,0.01091639,91.6054
NEG0217,negverify,swallowing,0,0,full,0.01091639,91.6054
NEG0217,negverify,speech_voice,0,0,full,0.01091639,91.6054
NEG0217,negverify,hearing,0,0,full,0.01091639,91.6054
NEG0217,negverify,respiratory,0,0,full,0.01091639,91.6054
NEG0217,negverify,bowel,0,0,full,0.01091639,91.6054
NEG0217,negverify,urinary,0,0,full,0.01091639,91.6054
NEG0217,negverify,sexual_reproductive,0,0,full,0.01091639,91.6054
NEG0217,negverify,limb_lymphedema,0,0,full,0.01091639,91.6054
NEG0217,negverify,visual,0,0,full,0.01091639,91.6054
NEG0218,negverify,cognition,0,0,full,0.01091639,91.6054
NEG0218,negverify,neuropathy,0,0,full,0.01091639,91.6054
NEG0218,negverify,fatigue,0,0,full,0.01091639,91.6054
NEG0218,negverify,pain,0,0,full,0.01091639,91.6054
NEG0218,negverify,physical_function,0,0,full,0.01091639,91.6054
NEG0218,negverify,swallowing,0,0,full,0.01091639,91.6054
NEG0218,negverify,speech_voice,0,0,full,0.01091639,91.6054
NEG0218,negverify,hearing,0,0,full,0.01091639,91.6054
NEG0218,negverify,respiratory,0,0,full,0.01091639,91.6054
NEG0218,negverify,bowel,0,0,full,0.01091639,91.6054
NEG0218,negverify,urinary,0,0,full,0.01091639,91.6054
NEG0218,negverify,sexual_reproductive,0,0,full,0.01091639,91.6054
NEG0218,negverify,limb_lymphedema,0,0,full,0.01091639,91.6054
NEG0218,negverify,visual,0,0,full,0.01091639,91.6054
NEG0219,negverify,cognition,0,0,full,0.01091639,91.6054
NEG0219,negverify,neuropathy,0,0,full,0.01091639,91.6054
NEG0219,negverify,fatigue,0,0,full,0.01091639,91.6054
NEG0219,negverify,pain,0,0,full,0.01091639,91.6054
NEG0219,negverify,physical_function,0,0,full,0.01091639,91.6054
NEG0219,negverify,swallowing,0,0,full,0.01091639,91.6054
NEG0219,negverify,speech_voice,0,0,full,0.01091639,91.6054
NEG0219,negverify,hearing,0,0,full,0.01091639,91.6054
NEG0219,negverify,respiratory,0,0,full,0.01091639,91.6054
NEG0219,negverify,bowel,0,0,full,0.01091639,91.6054
NEG0219,negverify,urinary,0,0,full,0.01091639,91.6054
NEG0219,negverify,sexual_reproductive,0,0,full,0.01091639,91.6054
NEG0219,negverify,limb_lymphedema,0,0,full,0.01091639,91.6054
NEG0219,negverify,visual,0,0,full,0.01091639,91.6054
NEG0220,negverify,cognition,0,0,full,0.01091639,91.6054
NEG0220,negverify,neuropathy,0,0,full,0.01091639,91.6054
NEG0220,negverify,fatigue,0,0,full,0.01091639,91.6054
NEG0220,negverify,pain,0,0,full,0.01091639,91.6054
NEG0220,negverify,physical_function,0,0,full,0.01091639,91.6054
NEG0220,negverify,swallowing,0,0,full,0.01091639,91.6054
NEG0220,negverify,speech_voice,0,0,full,0.01091639,91.6054
NEG0220,negverify,hearing,0,0,full,0.01091639,91.6054
NEG0220,negverify,respiratory,0,0,full,0.01091639,91.6054
NEG0220,negverify,bowel,0,0,full,0.01091639,91.6054
NEG0220,negverify,urinary,0,0,full,0.01091639,91.6054
NEG0220,negverify,sexual_reproductive,0,0,full,0.01091639,91.6054
NEG0220,negverify,limb_lymphedema,0,0,full,0.01091639,91.6054
NEG0220,negverify,visual,0,0,full,0.01091639,91.6054
NEG0221,negverify,cognition,0,0,full,0.01091639,91.6054
NEG0221,negverify,neuropathy,0,0,full,0.01091639,91.6054
NEG0221,negverify,fatigue,0,0,full,0.01091639,91.6054
NEG0221,negverify,pain,0,0,full,0.01091639,91.6054
NEG0221,negverify,physical_function,0,0,full,0.01091639,91.6054
NEG0221,negverify,swallowing,0,0,full,0.01091639,91.6054
NEG0221,negverify,speech_voice,0,0,full,0.01091639,91.6054
NEG0221,negverify,hearing,0,0,full,0.01091639,91.6054
NEG0221,negverify,respiratory,0,0,full,0.01091639,91.6054
NEG0221,negverify,bowel,0,0,full,0.01091639,91.6054
NEG0221,negverify,urinary,0,0,full,0.01091639,91.6054
NEG0221,negverify,sexual_reproductive,0,0,full,0.01091639,91.6054
NEG0221,negverify,limb_lymphedema,0,0,full,0.01091639,91.6054
NEG0221,negverify,visual,0,0,full,0.01091639,91.6054
NEG0222,negverify,cognition,0,0,full,0.01091639,91.6054
NEG0222,negverify,neuropathy,0,0,full,0.01091639,91.6054
NEG0222,negverify,fatigue,0,0,full,0.01091639,91.6054
NEG0222,negverify,pain,0,0,full,0.01091639,91.6054
NEG0222,negverify,physical_function,0,0,full,0.01091639,91.6054
NEG0222,negverify,swallowing,0,0,full,0.01091639,91.6054
NEG0222,negverify,speech_voice,0,0,full,0.01091639,91.6054
NEG0222,negverify,hearing,0,0,full,0.01091639,91.6054
NEG0222,negverify,respiratory,0,0,full,0.01091639,91.6054
NEG0222,negverify,bowel,0,0,full,0.01091639,91.6054
NEG0222,negverify,urinary,0,0,full,0.01091639,91.6054
NEG0222,negverify,sexual_reproductive,0,0,full,0.01091639,91.6054
NEG0222,negverify,limb_lymphedema,0,0,full,0.01091639,91.6054
NEG0222,negverify,visual,0,0,full,0.01091639,91.6054
NEG0223,negverify,cognition,0,0,full,0.01091639,91.6054
NEG0223,negverify,neuropathy,0,0,full,0.01091639,91.6054
NEG0223,negverify,fatigue,0,0,full,0.01091639,91.6054
NEG0223,negverify,pain,0,0,full,0.01091639,91.6054
NEG0223,negverify,physical_function,0,0,full,0.01091639,91.6054
NEG0223,negverify,swallowing,0,0,full,0.01091639,91.6054
NEG0223,negverify,speech_voice,0,0,full,0.01091639,91.6054
NEG0223,negverify,hearing,0,0,full,0.01091639,91.6054
NEG0223,negverify,respiratory,0,0,full,0.01091639,91.6054
NEG0223,negverify,bowel,0,0,full,0.01091639,91.6054
NEG0223,negverify,urinary,0,0,full,0.01091639,91.6054
NEG0223,negverify,sexual_reproductive,0,0,full,0.01091639,91.6054
NEG0223,negverify,limb_lymphedema,0,0,full,0.01091639,91.6054
NEG0223,negverify,visual,0,0,full,0.01091639,91.6054
NEG0224,negverify,cognition,0,0,full,0.01091639,91.6054
NEG0224,negverify,neuropathy,0,0,full,0.01091639,91.6054
NEG0224,negverify,fatigue,0,0,full,0.01091639,91.6054
NEG0224,negverify,pain,0,0,full,0.01091639,91.6054
NEG0224,negverify,physical_function,0,0,full,0.01091639,91.6054
NEG0224,negverify,swallowing,0,0,full,0.01091639,91.6054
NEG0224,negverify,speech_voice,0,0,full,0.01091639,91.6054
NEG0224,negverify,hearing,0,0,full,0.01091639,91.6054
NEG0224,negverify,respiratory,0,0,full,0.01091639,91.6054
NEG0224,negverify,bowel,0,0,full,0.01091639,91.6054
NEG0224,negverify,urinary,0,0,full,0.01091639,91.6054
NEG0224,negverify,sexual_reproductive,0,0,full,0.01091639,91.6054
NEG0224,negverify,limb_lymphedema,0,0,full,0.01091639,91.6054
NEG0224,negverify,visual,0,0,full,0.01091639,91.6054
NEG0225,negverify,cognition,0,0,full,0.01091639,91.6054
NEG0225,negverify,neuropathy,0,0,full,0.01091639,91.6054
NEG0225,negverify,fatigue,0,0,full,0.01091639,91.6054
NEG0225,negverify,pain,0,0,full,0.01091639,91.6054
NEG0225,negverify,physical_function,0,0,full,0.01091639,91.6054
NEG0225,negverify,swallowing,0,0,full,0.01091639,91.6054
NEG0225,negverify,speech_voice,0,0,full,0.01091639,91.6054
NEG0225,negverify,hearing,0,0,full,0.01091639,91.6054
NEG0225,negverify,respiratory,0,0,full,0.01091639,91.6054
NEG0225,negverify,bowel,0,0,full,0.01091639,91.6054
NEG0225,negverify,urinary,0,0,full,0.01091639,91.6054
NEG0225,negverify,sexual_reproductive,0,0,full,0.01091639,91.6054
NEG0225,negverify,limb_lymphedema,0,0,full,0.01091639,91.6054
NEG0225,negverify,visual,0,0,full,0.01091639,91.6054
NEG0226,negverify,cognition,0,0,full,0.01091639,91.6054
NEG0226,negverify,neuropathy,0,0,full,0.01091639,91.6054
NEG0226,negverify,fatigue,0,0,full,0.01091639,91.6054
NEG0226,negverify,pain,0,0,full,0.01091639,91.6054
NEG0226,negverify,physical_function,0,0,full,0.01091639,91.6054
NEG0226,negverify,swallowing,0,0,full,0.01091639,91.6054
NEG0226,negverify,speech_voice,0,0,full,0.01091639,91.6054
NEG0226,negverify,hearing,0,0,full,0.01091639,91.6054
NEG0226,negverify,respiratory,0,0,full,0.01091639,91.6054
NEG0226,negverify,bowel,0,0,full,0.01091639,91.6054
NEG0226,negverify,urinary,0,0,full,0.01091639,91.6054
NEG0226,negverify,sexual_reproductive,0,0,full,0.01091639,91.6054
NEG0226,negverify,limb_lymphedema,0,0,full,0.01091639,91.6054
NEG0226,negverify,visual,0,0,full,0.01091639,91.6054
NEG0227,negverify,cognition,0,0,full,0.01091639,91.6054
NEG0227,negverify,neuropathy,0,0,full,0.01091639,91.6054
NEG0227,negverify,fatigue,0,0,full,0.01091639,91.6054
NEG0227,negverify,pain,0,0,full,0.01091639,91.6054
NEG0227,negverify,physical_function,0,0,full,0.01091639,91.6054
NEG0227,negverify,swallowing,0,0,full,0.01091639,91.6054
NEG0227,negverify,speech_voice,0,0,full,0.01091639,91.6054
NEG0227,negverify,hearing,0,0,full,0.01091639,91.6054
NEG0227,negverify,respiratory,0,0,full,0.01091639,91.6054
NEG0227,negverify,bowel,0,0,full,0.01091639,91.6054
NEG0227,negverify,urinary,0,0,full,0.01091639,91.6054
NEG0227,negverify,sexual_reproductive,0,0,full,0.01091639,91.6054
NEG0227,negverify,limb_lymphedema,0,0,full,0.01091639,91.6054
NEG0227,negverify,visual,0,0,full,0.01091639,91.6054
NEG0228,negverify,cognition,0,0,truncated,0.01091639,91.6054
NEG0228,negverify,neuropathy,0,0,truncated,0.01091639,91.6054
NEG0228,negverify,fatigue,0,0,truncated,0.01091639,91.6054
NEG0228,negverify,pain,0,0,truncated,0.01091639,91.6054
NEG0228,negverify,physical_function,0,0,truncated,0.01091639,91.6054
NEG0228,negverify,swallowing,0,0,truncated,0.01091639,91.6054
NEG0228,negverify,speech_voice,0,0,truncated,0.01091639,91.6054
NEG0228,negverify,hearing,0,0,truncated,0.01091639,91.6054
NEG0228,negverify,respiratory,0,0,truncated,0.01091639,91.6054
NEG0228,negverify,bowel,0,0,truncated,0.01091639,91.6054
NEG0228,negverify,urinary,0,0,truncated,0.01091639,91.6054
NEG0228,negverify,sexual_reproductive,0,0,truncated,0.01091639,91.6054
NEG0228,negverify,limb_lymphedema,0,0,truncated,0.01091639,91.6054
NEG0228,negverify,visual,0,0,truncated,0.01091639,91.6054
NEG0229,negverify,cognition,0,0,full,0.01091639,91.6054
NEG0229,negverify,neuropathy,0,0,full,0.01091639,91.6054
NEG0229,negverify,fatigue,0,0,full,0.01091639,91.6054
NEG0229,negverify,pain,0,0,full,0.01091639,91.6054
NEG0229,negverify,physical_function,0,0,full,0.01091639,91.6054
NEG0229,negverify,swallowing,0,0,full,0.01091639,91.6054
NEG0229,negverify,speech_voice,0,0,full,0.01091639,91.6054
NEG0229,negverify,hearing,0,0,full,0.01091639,91.6054
NEG0229,negverify,respiratory,0,0,full,0.01091639,91.6054
NEG0229,negverify,bowel,0,0,full,0.01091639,91.6054
NEG0229,negverify,urinary,0,0,full,0.01091639,91.6054
NEG0229,negverify,sexual_reproductive,0,0,full,0.01091639,91.6054
NEG0229,negverify,limb_lymphedema,0,0,full,0.01091639,91.6054
NEG0229,negverify,visual,0,0,full,0.01091639,91.6054
NEG0230,negverify,cognition,0,0,full,0.01091639,91.6054
NEG0230,negverify,neuropathy,0,0,full,0.01091639,91.6054
NEG0230,negverify,fatigue,0,0,full,0.01091639,91.6054
NEG0230,negverify,pain,0,0,full,0.01091639,91.6054
NEG0230,negverify,physical_function,0,0,full,0.01091639,91.6054
NEG0230,negverify,swallowing,0,0,full,0.01091639,91.6054
NEG0230,negverify,speech_voice,0,0,full,0.01091639,91.6054
NEG0230,negverify,hearing,0,0,full,0.01091639,91.6054
NEG0230,negverify,respiratory,0,0,full,0.01091639,91.6054
NEG0230,negverify,bowel,0,0,full,0.01091639,91.6054
NEG0230,negverify,urinary,0,0,full,0.01091639,91.6054
NEG0230,negverify,sexual_reproductive,0,0,full,0.01091639,91.6054
NEG0230,negverify,limb_lymphedema,0,0,full,0.01091639,91.6054
NEG0230,negverify,visual,0,0,full,0.01091639,91.6054
NEG0231,negverify,cognition,0,0,full,0.01091639,91.6054
NEG0231,negverify,neuropathy,0,0,full,0.01091639,91.6054
NEG0231,negverify,fatigue,0,0,full,0.01091639,91.6054
NEG0231,negverify,pain,0,0,full,0.01091639,91.6054
NEG0231,negverify,physical_function,0,0,full,0.01091639,91.6054
NEG0231,negverify,swallowing,0,0,full,0.01091639,91.6054
NEG0231,negverify,speech_voice,0,0,full,0.01091639,91.6054
NEG0231,negverify,hearing,0,0,full,0.01091639,91.6054
NEG0231,negverify,respiratory,0,0,full,0.01091639,91.6054
NEG0231,negverify,bowel,0,0,full,0.01091639,91.6054
NEG0231,negverify,urinary,0,0,full,0.01091639,91.6054
NEG0231,negverify,sexual_reproductive,0,0,full,0.01091639,91.6054
NEG0231,negverify,limb_lymphedema,0,0,full,0.01091639,91.6054
NEG0231,negverify,visual,0,0,full,0.01091639,91.6054
NEG0232,negverify,cognition,0,0,full,0.01091639,91.6054
NEG0232,negverify,neuropathy,0,0,full,0.01091639,91.6054
NEG0232,negverify,fatigue,0,0,full,0.01091639,91.6054
NEG0232,negverify,pain,0,0,full,0.01091639,91.6054
NEG0232,negverify,physical_function,0,0,full,0.01091639,91.6054
NEG0232,negverify,swallowing,0,0,full,0.01091639,91.6054
NEG0232,negverify,speech_voice,0,0,full,0.01091639,91.6054
NEG0232,negverify,hearing,0,0,full,0.01091639,91.6054
NEG0232,negverify,respiratory,0,0,full,0.01091639,91.6054
NEG0232,negverify,bowel,0,0,full,0.01091639,91.6054
NEG0232,negverify,urinary,0,0,full,0.01091639,91.6054
NEG0232,negverify,sexual_reproductive,0,0,full,0.01091639,91.6054
NEG0232,negverify,limb_lymphedema,0,0,full,0.01091639,91.6054
NEG0232,negverify,visual,0,0,full,0.01091639,91.6054
NEG0233,negverify,cognition,0,0,truncated,0.01091639,91.6054
NEG0233,negverify,neuropathy,0,0,truncated,0.01091639,91.6054
NEG0233,negverify,fatigue,0,0,truncated,0.01091639,91.6054
NEG0233,negverify,pain,0,0,truncated,0.01091639,91.6054
NEG0233,negverify,physical_function,0,0,truncated,0.01091639,91.6054
NEG0233,negverify,swallowing,0,0,truncated,0.01091639,91.6054
NEG0233,negverify,speech_voice,0,0,truncated,0.01091639,91.6054
NEG0233,negverify,hearing,0,0,truncated,0.01091639,91.6054
NEG0233,negverify,respiratory,0,0,truncated,0.01091639,91.6054
NEG0233,negverify,bowel,0,0,truncated,0.01091639,91.6054
NEG0233,negverify,urinary,0,0,truncated,0.01091639,91.6054
NEG0233,negverify,sexual_reproductive,0,0,truncated,0.01091639,91.6054
NEG0233,negverify,limb_lymphedema,0,0,truncated,0.01091639,91.6054
NEG0233,negverify,visual,0,0,truncated,0.01091639,91.6054
NEG0234,negverify,cognition,0,0,full,0.01091639,91.6054
NEG0234,negverify,neuropathy,0,0,full,0.01091639,91.6054
NEG0234,negverify,fatigue,0,0,full,0.01091639,91.6054
NEG0234,negverify,pain,0,0,full,0.01091639,91.6054
NEG0234,negverify,physical_function,0,0,full,0.01091639,91.6054
NEG0234,negverify,swallowing,0,0,full,0.01091639,91.6054
NEG0234,negverify,speech_voice,0,0,full,0.01091639,91.6054
NEG0234,negverify,hearing,0,0,full,0.01091639,91.6054
NEG0234,negverify,respiratory,0,0,full,0.01091639,91.6054
NEG0234,negverify,bowel,0,0,full,0.01091639,91.6054
NEG0234,negverify,urinary,0,0,full,0.01091639,91.6054
NEG0234,negverify,sexual_reproductive,0,1,full,0.01091639,91.6054
NEG0234,negverify,limb_lymphedema,0,0,full,0.01091639,91.6054
NEG0234,negverify,visual,0,0,full,0.01091639,91.6054
NEG0235,negverify,cognition,0,0,full,0.01091639,91.6054
NEG0235,negverify,neuropathy,0,0,full,0.01091639,91.6054
NEG0235,negverify,fatigue,0,0,full,0.01091639,91.6054
NEG0235,negverify,pain,0,0,full,0.01091639,91.6054
NEG0235,negverify,physical_function,0,0,full,0.01091639,91.6054
NEG0235,negverify,swallowing,0,0,full,0.01091639,91.6054
NEG0235,negverify,speech_voice,0,0,full,0.01091639,91.6054
NEG0235,negverify,hearing,0,0,full,0.01091639,91.6054
NEG0235,negverify,respiratory,0,0,full,0.01091639,91.6054
NEG0235,negverify,bowel,0,0,full,0.01091639,91.6054
NEG0235,negverify,urinary,0,0,full,0.01091639,91.6054
NEG0235,negverify,sexual_reproductive,0,0,full,0.01091639,91.6054
NEG0235,negverify,limb_lymphedema,0,0,full,0.01091639,91.6054
NEG0235,negverify,visual,0,0,full,0.01091639,91.6054
NEG0236,negverify,cognition,0,0,full,0.01091639,91.6054
NEG0236,negverify,neuropathy,0,0,full,0.01091639,91.6054
NEG0236,negverify,fatigue,0,0,full,0.01091639,91.6054
NEG0236,negverify,pain,0,0,full,0.01091639,91.6054
NEG0236,negverify,physical_function,0,0,full,0.01091639,91.6054
NEG0236,negverify,swallowing,0,0,full,0.01091639,91.6054
NEG0236,negverify,speech_voice,0,0,full,0.01091639,91.6054
NEG0236,negverify,hearing,0,0,full,0.01091639,91.6054
NEG0236,negverify,respiratory,0,0,full,0.01091639,91.6054
NEG0236,negverify,bowel,0,0,full,0.01091639,91.6054
NEG0236,negverify,urinary,0,0,full,0.01091639,91.6054
NEG0236,negverify,sexual_reproductive,0,0,full,0.01091639,91.6054
NEG0236,negverify,limb_lymphedema,0,0,full,0.01091639,91.6054
NEG0236,negverify,visual,0,0,full,0.01091639,91.6054
NEG0237,negverify,cognition,0,0,truncated,0.01091639,91.6054
NEG0237,negverify,neuropathy,0,0,truncated,0.01091639,91.6054
NEG0237,negverify,fatigue,0,0,truncated,0.01091639,91.6054
NEG0237,negverify,pain,0,0,truncated,0.01091639,91.6054
NEG0237,negverify,physical_function,0,0,truncated,0.01091639,91.6054
NEG0237,negverify,swallowing,0,0,truncated,0.01091639,91.6054
NEG0237,negverify,speech_voice,0,0,truncated,0.01091639,91.6054
NEG0237,negverify,hearing,0,0,truncated,0.01091639,91.6054
NEG0237,negverify,respiratory,0,0,truncated,0.01091639,91.6054
NEG0237,negverify,bowel,0,0,truncated,0.01091639,91.6054
NEG0237,negverify,urinary,0,0,truncated,0.01091639,91.6054
NEG0237,negverify,sexual_reproductive,0,0,truncated,0.01091639,91.6054
NEG0237,negverify,limb_lymphedema,0,0,truncated,0.01091639,91.6054
NEG0237,negverify,visual,0,0,truncated,0.01091639,91.6054
NEG0238,negverify,cognition,0,0,full,0.01091639,91.6054
NEG0238,negverify,neuropathy,0,0,full,0.01091639,91.6054
NEG0238,negverify,fatigue,0,0,full,0.01091639,91.6054
NEG0238,negverify,pain,0,0,full,0.01091639,91.6054
NEG0238,negverify,physical_function,0,0,full,0.01091639,91.6054
NEG0238,negverify,swallowing,0,0,full,0.01091639,91.6054
NEG0238,negverify,speech_voice,0,0,full,0.01091639,91.6054
NEG0238,negverify,hearing,0,0,full,0.01091639,91.6054
NEG0238,negverify,respiratory,0,0,full,0.01091639,91.6054
NEG0238,negverify,bowel,0,0,full,0.01091639,91.6054
NEG0238,negverify,urinary,0,0,full,0.01091639,91.6054
NEG0238,negverify,sexual_reproductive,0,0,full,0.01091639,91.6054
NEG0238,negverify,limb_lymphedema,0,0,full,0.01091639,91.6054
NEG0238,negverify,visual,0,0,full,0.01091639,91.6054
NEG0239,negverify,cognition,0,0,full,0.01091639,91.6054
NEG0239,negverify,neuropathy,0,0,full,0.01091639,91.6054
NEG0239,negverify,fatigue,0,0,full,0.01091639,91.6054
NEG0239,negverify,pain,0,0,full,0.01091639,91.6054
NEG0239,negverify,physical_function,0,0,full,0.01091639,91.6054
NEG0239,negverify,swallowing,0,0,full,0.01091639,91.6054
NEG0239,negverify,speech_voice,0,0,full,0.01091639,91.6054
NEG0239,negverify,hearing,0,0,full,0.01091639,91.6054
NEG0239,negverify,respiratory,0,0,full,0.01091639,91.6054
NEG0239,negverify,bowel,0,0,full,0.01091639,91.6054
NEG0239,negverify,urinary,0,0,full,0.01091639,91.6054
NEG0239,negverify,sexual_reproductive,0,0,full,0.01091639,91.6054
NEG0239,negverify,limb_lymphedema,0,0,full,0.01091639,91.6054
NEG0239,negverify,visual,0,0,full,0.01091639,91.6054
NEG0240,negverify,cognition,0,0,truncated,0.01091639,91.6054
NEG0240,negverify,neuropathy,0,0,truncated,0.01091639,91.6054
NEG0240,negverify,fatigue,0,0,truncated,0.01091639,91.6054
NEG0240,negverify,pain,0,0,truncated,0.01091639,91.6054
NEG0240,negverify,physical_function,0,0,truncated,0.01091639,91.6054
NEG0240,negverify,swallowing,0,0,truncated,0.01091639,91.6054
NEG0240,negverify,speech_voice,0,0,truncated,0.01091639,91.6054
NEG0240,negverify,hearing,0,0,truncated,0.01091639,91.6054
NEG0240,negverify,respiratory,0,0,truncated,0.01091639,91.6054
NEG0240,negverify,bowel,0,0,truncated,0.01091639,91.6054
NEG0240,negverify,urinary,0,0,truncated,0.01091639,91.6054
NEG0240,negverify,sexual_reproductive,0,0,truncated,0.01091639,91.6054
NEG0240,negverify,limb_lymphedema,0,0,truncated,0.01091639,91.6054
NEG0240,negverify,visual,0,0,truncated,0.01091639,91.6054
NEG0241,negverify,cognition,0,0,full,0.01091639,91.6054
NEG0241,negverify,neuropathy,0,0,full,0.01091639,91.6054
NEG0241,negverify,fatigue,0,0,full,0.01091639,91.6054
NEG0241,negverify,pain,0,0,full,0.01091639,91.6054
NEG0241,negverify,physical_function,0,0,full,0.01091639,91.6054
NEG0241,negverify,swallowing,0,0,full,0.01091639,91.6054
NEG0241,negverify,speech_voice,0,0,full,0.01091639,91.6054
NEG0241,negverify,hearing,0,0,full,0.01091639,91.6054
NEG0241,negverify,respiratory,0,0,full,0.01091639,91.6054
NEG0241,negverify,bowel,0,0,full,0.01091639,91.6054
NEG0241,negverify,urinary,0,0,full,0.01091639,91.6054
NEG0241,negverify,sexual_reproductive,0,0,full,0.01091639,91.6054
NEG0241,negverify,limb_lymphedema,0,0,full,0.01091639,91.6054
NEG0241,negverify,visual,0,0,full,0.01091639,91.6054
NEG0242,negverify,cognition,0,0,truncated,0.01091639,91.6054
NEG0242,negverify,neuropathy,0,0,truncated,0.01091639,91.6054
NEG0242,negverify,fatigue,0,0,truncated,0.01091639,91.6054
NEG0242,negverify,pain,0,0,truncated,0.01091639,91.6054
NEG0242,negverify,physical_function,0,0,truncated,0.01091639,91.6054
NEG0242,negverify,swallowing,0,0,truncated,0.01091639,91.6054
NEG0242,negverify,speech_voice,0,0,truncated,0.01091639,91.6054
NEG0242,negverify,hearing,0,0,truncated,0.01091639,91.6054
NEG0242,negverify,respiratory,0,0,truncated,0.01091639,91.6054
NEG0242,negverify,bowel,0,0,truncated,0.01091639,91.6054
NEG0242,negverify,urinary,0,0,truncated,0.01091639,91.6054
NEG0242,negverify,sexual_reproductive,0,0,truncated,0.01091639,91.6054
NEG0242,negverify,limb_lymphedema,0,0,truncated,0.01091639,91.6054
NEG0242,negverify,visual,0,0,truncated,0.01091639,91.6054
NEG0243,negverify,cognition,0,0,full,0.01091639,91.6054
NEG0243,negverify,neuropathy,0,0,full,0.01091639,91.6054
NEG0243,negverify,fatigue,0,0,full,0.01091639,91.6054
NEG0243,negverify,pain,0,0,full,0.01091639,91.6054
NEG0243,negverify,physical_function,0,0,full,0.01091639,91.6054
NEG0243,negverify,swallowing,0,0,full,0.01091639,91.6054
NEG0243,negverify,speech_voice,0,0,full,0.01091639,91.6054
NEG0243,negverify,hearing,0,0,full,0.01091639,91.6054
NEG0243,negverify,respiratory,0,0,full,0.01091639,91.6054
NEG0243,negverify,bowel,0,0,full,0.01091639,91.6054
NEG0243,negverify,urinary,0,0,full,0.01091639,91.6054
NEG0243,negverify,sexual_reproductive,0,0,full,0.01091639,91.6054
NEG0243,negverify,limb_lymphedema,0,0,full,0.01091639,91.6054
NEG0243,negverify,visual,0,0,full,0.01091639,91.6054
NEG0244,negverify,cognition,0,0,full,0.01091639,91.6054
NEG0244,negverify,neuropathy,0,0,full,0.01091639,91.6054
NEG0244,negverify,fatigue,0,0,full,0.01091639,91.6054
NEG0244,negverify,pain,0,0,full,0.01091639,91.6054
NEG0244,negverify,physical_function,0,0,full,0.01091639,91.6054
NEG0244,negverify,swallowing,0,0,full,0.01091639,91.6054
NEG0244,negverify,speech_voice,0,0,full,0.01091639,91.6054
NEG0244,negverify,hearing,0,0,full,0.01091639,91.6054
NEG0244,negverify,respiratory,0,0,full,0.01091639,91.6054
NEG0244,negverify,bowel,0,0,full,0.01091639,91.6054
NEG0244,negverify,urinary,0,0,full,0.01091639,91.6054
NEG0244,negverify,sexual_reproductive,0,0,full,0.01091639,91.6054
NEG0244,negverify,limb_lymphedema,0,0,full,0.01091639,91.6054
NEG0244,negverify,visual,0,0,full,0.01091639,91.6054
NEG0245,negverify,cognition,0,0,full,0.01091639,91.6054
NEG0245,negverify,neuropathy,0,0,full,0.01091639,91.6054
NEG0245,negverify,fatigue,0,0,full,0.01091639,91.6054
NEG0245,negverify,pain,0,0,full,0.01091639,91.6054
NEG0245,negverify,physical_function,0,0,full,0.01091639,91.6054
NEG0245,negverify,swallowing,0,0,full,0.01091639,91.6054
NEG0245,negverify,speech_voice,0,0,full,0.01091639,91.6054
NEG0245,negverify,hearing,0,0,full,0.01091639,91.6054
NEG0245,negverify,respiratory,0,0,full,0.01091639,91.6054
NEG0245,negverify,bowel,0,0,full,0.01091639,91.6054
NEG0245,negverify,urinary,0,0,full,0.01091639,91.6054
NEG0245,negverify,sexual_reproductive,0,0,full,0.01091639,91.6054
NEG0245,negverify,limb_lymphedema,0,0,full,0.01091639,91.6054
NEG0245,negverify,visual,0,0,full,0.01091639,91.6054
NEG0246,negverify,cognition,0,0,full,0.01091639,91.6054
NEG0246,negverify,neuropathy,0,0,full,0.01091639,91.6054
NEG0246,negverify,fatigue,0,0,full,0.01091639,91.6054
NEG0246,negverify,pain,0,0,full,0.01091639,91.6054
NEG0246,negverify,physical_function,0,0,full,0.01091639,91.6054
NEG0246,negverify,swallowing,0,0,full,0.01091639,91.6054
NEG0246,negverify,speech_voice,0,0,full,0.01091639,91.6054
NEG0246,negverify,hearing,0,0,full,0.01091639,91.6054
NEG0246,negverify,respiratory,0,0,full,0.01091639,91.6054
NEG0246,negverify,bowel,0,0,full,0.01091639,91.6054
NEG0246,negverify,urinary,0,0,full,0.01091639,91.6054
NEG0246,negverify,sexual_reproductive,0,0,full,0.01091639,91.6054
NEG0246,negverify,limb_lymphedema,0,0,full,0.01091639,91.6054
NEG0246,negverify,visual,0,0,full,0.01091639,91.6054
NEG0247,negverify,cognition,0,0,full,0.01091639,91.6054
NEG0247,negverify,neuropathy,0,0,full,0.01091639,91.6054
NEG0247,negverify,fatigue,0,0,full,0.01091639,91.6054
NEG0247,negverify,pain,0,0,full,0.01091639,91.6054
NEG0247,negverify,physical_function,0,0,full,0.01091639,91.6054
NEG0247,negverify,swallowing,0,0,full,0.01091639,91.6054
NEG0247,negverify,speech_voice,0,0,full,0.01091639,91.6054
NEG0247,negverify,hearing,0,0,full,0.01091639,91.6054
NEG0247,negverify,respiratory,0,0,full,0.01091639,91.6054
NEG0247,negverify,bowel,0,0,full,0.01091639,91.6054
NEG0247,negverify,urinary,0,0,full,0.01091639,91.6054
NEG0247,negverify,sexual_reproductive,0,0,full,0.01091639,91.6054
NEG0247,negverify,limb_lymphedema,0,0,full,0.01091639,91.6054
NEG0247,negverify,visual,0,0,full,0.01091639,91.6054
NEG0248,negverify,cognition,0,0,full,0.01091639,91.6054
NEG0248,negverify,neuropathy,0,0,full,0.01091639,91.6054
NEG0248,negverify,fatigue,0,0,full,0.01091639,91.6054
NEG0248,negverify,pain,0,0,full,0.01091639,91.6054
NEG0248,negverify,physical_function,0,0,full,0.01091639,91.6054
NEG0248,negverify,swallowing,0,0,full,0.01091639,91.6054
NEG0248,negverify,speech_voice,0,0,full,0.01091639,91.6054
NEG0248,negverify,hearing,0,0,full,0.01091639,91.6054
NEG0248,negverify,respiratory,0,0,full,0.01091639,91.6054
NEG0248,negverify,bowel,0,0,full,0.01091639,91.6054
NEG0248,negverify,urinary,0,0,full,0.01091639,91.6054
NEG0248,negverify,sexual_reproductive,0,0,full,0.01091639,91.6054
NEG0248,negverify,limb_lymphedema,0,0,full,0.01091639,91.6054
NEG0248,negverify,visual,0,0,full,0.01091639,91.6054
NEG0249,negverify,cognition,0,0,truncated,0.01091639,91.6054
NEG0249,negverify,neuropathy,0,0,truncated,0.01091639,91.6054
NEG0249,negverify,fatigue,0,0,truncated,0.01091639,91.6054
NEG0249,negverify,pain,0,0,truncated,0.01091639,91.6054
NEG0249,negverify,physical_function,0,0,truncated,0.01091639,91.6054
NEG0249,negverify,swallowing,0,0,truncated,0.01091639,91.6054
NEG0249,negverify,speech_voice,0,0,truncated,0.01091639,91.6054
NEG0249,negverify,hearing,0,0,truncated,0.01091639,91.6054
NEG0249,negverify,respiratory,0,0,truncated,0.01091639,91.6054
NEG0249,negverify,bowel,0,0,truncated,0.01091639,91.6054
NEG0249,negverify,urinary,0,0,truncated,0.01091639,91.6054
NEG0249,negverify,sexual_reproductive,0,0,truncated,0.01091639,91.6054
NEG0249,negverify,limb_lymphedema,0,0,truncated,0.01091639,91.6054
NEG0249,negverify,visual,0,0,truncated,0.01091639,91.6054
NEG0250,negverify,cognition,0,0,full,0.01091639,91.6054
NEG0250,negverify,neuropathy,0,0,full,0.01091639,91.6054
NEG0250,negverify,fatigue,0,0,full,0.01091639,91.6054
NEG0250,negverify,pain,0,0,full,0.01091639,91.6054
NEG0250,negverify,physical_function,0,0,full,0.01091639,91.6054
NEG0250,negverify,swallowing,0,0,full,0.01091639,91.6054
NEG0250,negverify,speech_voice,0,0,full,0.01091639,91.6054
NEG0250,negverify,hearing,0,0,full,0.01091639,91.6054
NEG0250,negverify,respiratory,0,0,full,0.01091639,91.6054
NEG0250,negverify,bowel,0,0,full,0.01091639,91.6054
NEG0250,negverify,urinary,0,0,full,0.01091639,91.6054
NEG0250,negverify,sexual_reproductive,0,0,full,0.01091639,91.6054
NEG0250,negverify,limb_lymphedema,0,0,full,0.01091639,91.6054
NEG0250,negverify,visual,0,0,full,0.01091639,91.6054
NEG0251,negverify,cognition,0,0,full,0.01091639,91.6054
NEG0251,negverify,neuropathy,0,0,full,0.01091639,91.6054
NEG0251,negverify,fatigue,0,0,full,0.01091639,91.6054
NEG0251,negverify,pain,0,0,full,0.01091639,91.6054
NEG0251,negverify,physical_function,0,0,full,0.01091639,91.6054
NEG0251,negverify,swallowing,0,0,full,0.01091639,91.6054
NEG0251,negverify,speech_voice,0,0,full,0.01091639,91.6054
NEG0251,negverify,hearing,0,0,full,0.01091639,91.6054
NEG0251,negverify,respiratory,0,0,full,0.01091639,91.6054
NEG0251,negverify,bowel,0,0,full,0.01091639,91.6054
NEG0251,negverify,urinary,0,0,full,0.01091639,91.6054
NEG0251,negverify,sexual_reproductive,0,0,full,0.01091639,91.6054
NEG0251,negverify,limb_lymphedema,0,0,full,0.01091639,91.6054
NEG0251,negverify,visual,0,0,full,0.01091639,91.6054
NEG0252,negverify,cognition,0,0,full,0.01091639,91.6054
NEG0252,negverify,neuropathy,0,0,full,0.01091639,91.6054
NEG0252,negverify,fatigue,0,0,full,0.01091639,91.6054
NEG0252,negverify,pain,0,0,full,0.01091639,91.6054
NEG0252,negverify,physical_function,0,0,full,0.01091639,91.6054
NEG0252,negverify,swallowing,0,0,full,0.01091639,91.6054
NEG0252,negverify,speech_voice,0,0,full,0.01091639,91.6054
NEG0252,negverify,hearing,0,0,full,0.01091639,91.6054
NEG0252,negverify,respiratory,0,0,full,0.01091639,91.6054
NEG0252,negverify,bowel,0,0,full,0.01091639,91.6054
NEG0252,negverify,urinary,0,0,full,0.01091639,91.6054
NEG0252,negverify,sexual_reproductive,0,0,full,0.01091639,91.6054
NEG0252,negverify,limb_lymphedema,0,0,full,0.01091639,91.6054
NEG0252,negverify,visual,0,0,full,0.01091639,91.6054
NEG0253,negverify,cognition,0,0,full,0.01091639,91.6054
NEG0253,negverify,neuropathy,0,0,full,0.01091639,91.6054
NEG0253,negverify,fatigue,0,0,full,0.01091639,91.6054
NEG0253,negverify,pain,0,0,full,0.01091639,91.6054
NEG0253,negverify,physical_function,0,0,full,0.01091639,91.6054
NEG0253,negverify,swallowing,0,0,full,0.01091639,91.6054
NEG0253,negverify,speech_voice,0,0,full,0.01091639,91.6054
NEG0253,negverify,hearing,0,0,full,0.01091639,91.6054
NEG0253,negverify,respiratory,0,0,full,0.01091639,91.6054
NEG0253,negverify,bowel,0,0,full,0.01091639,91.6054
NEG0253,negverify,urinary,0,0,full,0.01091639,91.6054
NEG0253,negverify,sexual_reproductive,0,0,full,0.01091639,91.6054
NEG0253,negverify,limb_lymphedema,0,0,full,0.01091639,91.6054
NEG0253,negverify,visual,0,0,full,0.01091639,91.6054
NEG0254,negverify,cognition,0,0,truncated,0.01091639,91.6054
NEG0254,negverify,neuropathy,0,0,truncated,0.01091639,91.6054
NEG0254,negverify,fatigue,0,0,truncated,0.01091639,91.6054
NEG0254,negverify,pain,0,0,truncated,0.01091639,91.6054
NEG0254,negverify,physical_function,0,0,truncated,0.01091639,91.6054
NEG0254,negverify,swallowing,0,0,truncated,0.01091639,91.6054
NEG0254,negverify,speech_voice,0,0,truncated,0.01091639,91.6054
NEG0254,negverify,hearing,0,0,truncated,0.01091639,91.6054
NEG0254,negverify,respiratory,0,0,truncated,0.01091639,91.6054
NEG0254,negverify,bowel,0,0,truncated,0.01091639,91.6054
NEG0254,negverify,urinary,0,0,truncated,0.01091639,91.6054
NEG0254,negverify,sexual_reproductive,0,0,truncated,0.01091639,91.6054
NEG0254,negverify,limb_lymphedema,0,0,truncated,0.01091639,91.6054
NEG0254,negverify,visual,0,0,truncated,0.01091639,91.6054
NEG0255,negverify,cognition,0,0,truncated,0.01091639,91.6054
NEG0255,negverify,neuropathy,0,0,truncated,0.01091639,91.6054
NEG0255,negverify,fatigue,0,0,truncated,0.01091639,91.6054
NEG0255,negverify,pain,0,0,truncated,0.01091639,91.6054
NEG0255,negverify,physical_function,0,0,truncated,0.01091639,91.6054
NEG0255,negverify,swallowing,0,0,truncated,0.01091639,91.6054
NEG0255,negverify,speech_voice,0,0,truncated,0.01091639,91.6054
NEG0255,negverify,hearing,0,0,truncated,0.01091639,91.6054
NEG0255,negverify,respiratory,0,0,truncated,0.01091639,91.6054
NEG0255,negverify,bowel,0,0,truncated,0.01091639,91.6054
NEG0255,negverify,urinary,0,0,truncated,0.01091639,91.6054
NEG0255,negverify,sexual_reproductive,0,0,truncated,0.01091639,91.6054
NEG0255,negverify,limb_lymphedema,0,0,truncated,0.01091639,91.6054
NEG0255,negverify,visual,0,0,truncated,0.01091639,91.6054
NEG0256,negverify,cognition,0,0,full,0.01091639,91.6054
NEG0256,negverify,neuropathy,0,0,full,0.01091639,91.6054
NEG0256,negverify,fatigue,0,0,full,0.01091639,91.6054
NEG0256,negverify,pain,0,0,full,0.01091639,91.6054
NEG0256,negverify,physical_function,0,0,full,0.01091639,91.6054
NEG0256,negverify,swallowing,0,0,full,0.01091639,91.6054
NEG0256,negverify,speech_voice,0,0,full,0.01091639,91.6054
NEG0256,negverify,hearing,0,0,full,0.01091639,91.6054
NEG0256,negverify,respiratory,0,0,full,0.01091639,91.6054
NEG0256,negverify,bowel,0,0,full,0.01091639,91.6054
NEG0256,negverify,urinary,0,0,full,0.01091639,91.6054
NEG0256,negverify,sexual_reproductive,0,0,full,0.01091639,91.6054
NEG0256,negverify,limb_lymphedema,0,0,full,0.01091639,91.6054
NEG0256,negverify,visual,0,0,full,0.01091639,91.6054
NEG0257,negverify,cognition,0,0,full,0.01091639,91.6054
NEG0257,negverify,neuropathy,0,0,full,0.01091639,91.6054
NEG0257,negverify,fatigue,0,0,full,0.01091639,91.6054
NEG0257,negverify,pain,0,0,full,0.01091639,91.6054
NEG0257,negverify,physical_function,0,0,full,0.01091639,91.6054
NEG0257,negverify,swallowing,0,0,full,0.01091639,91.6054
NEG0257,negverify,speech_voice,0,0,full,0.01091639,91.6054
NEG0257,negverify,hearing,0,0,full,0.01091639,91.6054
NEG0257,negverify,respiratory,0,0,full,0.01091639,91.6054
NEG0257,negverify,bowel,0,0,full,0.01091639,91.6054
NEG0257,negverify,urinary,0,0,full,0.01091639,91.6054
NEG0257,negverify,sexual_reproductive,0,0,full,0.01091639,91.6054
NEG0257,negverify,limb_lymphedema,0,0,full,0.01091639,91.6054
NEG0257,negverify,visual,0,0,full,0.01091639,91.6054
NEG0258,negverify,cognition,0,0,full,0.01091639,91.6054
NEG0258,negverify,neuropathy,0,0,full,0.01091639,91.6054
NEG0258,negverify,fatigue,0,0,full,0.01091639,91.6054
NEG0258,negverify,pain,0,0,full,0.01091639,91.6054
NEG0258,negverify,physical_function,0,0,full,0.01091639,91.6054
NEG0258,negverify,swallowing,0,0,full,0.01091639,91.6054
NEG0258,negverify,speech_voice,0,0,full,0.01091639,91.6054
NEG0258,negverify,hearing,0,0,full,0.01091639,91.6054
NEG0258,negverify,respiratory,0,0,full,0.01091639,91.6054
NEG0258,negverify,bowel,0,0,full,0.01091639,91.6054
NEG0258,negverify,urinary,0,0,full,0.01091639,91.6054
NEG0258,negverify,sexual_reproductive,0,0,full,0.01091639,91.6054
NEG0258,negverify,limb_lymphedema,0,0,full,0.01091639,91.6054
NEG0258,negverify,visual,0,0,full,0.01091639,91.6054
NEG0259,negverify,cognition,0,0,full,0.01091639,91.6054
NEG0259,negverify,neuropathy,0,0,full,0.01091639,91.6054
NEG0259,negverify,fatigue,0,0,full,0.01091639,91.6054
NEG0259,negverify,pain,0,0,full,0.01091639,91.6054
NEG0259,negverify,physical_function,0,0,full,0.01091639,91.6054
NEG0259,negverify,swallowing,0,0,full,0.01091639,91.6054
NEG0259,negverify,speech_voice,0,0,full,0.01091639,91.6054
NEG0259,negverify,hearing,0,0,full,0.01091639,91.6054
NEG0259,negverify,respiratory,0,0,full,0.01091639,91.6054
NEG0259,negverify,bowel,0,0,full,0.01091639,91.6054
NEG0259,negverify,urinary,0,0,full,0.01091639,91.6054
NEG0259,negverify,sexual_reproductive,0,0,full,0.01091639,91.6054
NEG0259,negverify,limb_lymphedema,0,0,full,0.01091639,91.6054
NEG0259,negverify,visual,0,0,full,0.01091639,91.6054
NEG0260,negverify,cognition,0,0,full,0.01091639,91.6054
NEG0260,negverify,neuropathy,0,0,full,0.01091639,91.6054
NEG0260,negverify,fatigue,0,0,full,0.01091639,91.6054
NEG0260,negverify,pain,0,0,full,0.01091639,91.6054
NEG0260,negverify,physical_function,0,0,full,0.01091639,91.6054
NEG0260,negverify,swallowing,0,0,full,0.01091639,91.6054
NEG0260,negverify,speech_voice,0,0,full,0.01091639,91.6054
NEG0260,negverify,hearing,0,0,full,0.01091639,91.6054
NEG0260,negverify,respiratory,0,0,full,0.01091639,91.6054
NEG0260,negverify,bowel,0,0,full,0.01091639,91.6054
NEG0260,negverify,urinary,0,0,full,0.01091639,91.6054
NEG0260,negverify,sexual_reproductive,0,0,full,0.01091639,91.6054
NEG0260,negverify,limb_lymphedema,0,0,full,0.01091639,91.6054
NEG0260,negverify,visual,0,0,full,0.01091639,91.6054
NEG0261,negverify,cognition,0,0,full,0.01091639,91.6054
NEG0261,negverify,neuropathy,0,0,full,0.01091639,91.6054
NEG0261,negverify,fatigue,0,0,full,0.01091639,91.6054
NEG0261,negverify,pain,0,0,full,0.01091639,91.6054
NEG0261,negverify,physical_function,0,0,full,0.01091639,91.6054
NEG0261,negverify,swallowing,0,0,full,0.01091639,91.6054
NEG0261,negverify,speech_voice,0,0,full,0.01091639,91.6054
NEG0261,negverify,hearing,0,0,full,0.01091639,91.6054
NEG0261,negverify,respiratory,0,0,full,0.01091639,91.6054
NEG0261,negverify,bowel,0,0,full,0.01091639,91.6054
NEG0261,negverify,urinary,0,0,full,0.01091639,91.6054
NEG0261,negverify,sexual_reproductive,0,0,full,0.01091639,91.6054
NEG0261,negverify,limb_lymphedema,0,0,full,0.01091639,91.6054
NEG0261,negverify,visual,0,0,full,0.01091639,91.6054
NEG0262,negverify,cognition,0,0,full,0.01091639,91.6054
NEG0262,negverify,neuropathy,0,0,full,0.01091639,91.6054
NEG0262,negverify,fatigue,0,0,full,0.01091639,91.6054
NEG0262,negverify,pain,0,0,full,0.01091639,91.6054
NEG0262,negverify,physical_function,0,0,full,0.01091639,91.6054
NEG0262,negverify,swallowing,0,0,full,0.01091639,91.6054
NEG0262,negverify,speech_voice,0,0,full,0.01091639,91.6054
NEG0262,negverify,hearing,0,0,full,0.01091639,91.6054
NEG0262,negverify,respiratory,0,0,full,0.01091639,91.6054
NEG0262,negverify,bowel,0,0,full,0.01091639,91.6054
NEG0262,negverify,urinary,0,0,full,0.01091639,91.6054
NEG0262,negverify,sexual_reproductive,0,0,full,0.01091639,91.6054
NEG0262,negverify,limb_lymphedema,0,0,full,0.01091639,91.6054
NEG0262,negverify,visual,0,0,full,0.01091639,91.6054
NEG0263,negverify,cognition,0,0,full,0.01091639,91.6054
NEG0263,negverify,neuropathy,0,0,full,0.01091639,91.6054
NEG0263,negverify,fatigue,0,0,full,0.01091639,91.6054
NEG0263,negverify,pain,0,0,full,0.01091639,91.6054
NEG0263,negverify,physical_function,0,0,full,0.01091639,91.6054
NEG0263,negverify,swallowing,0,0,full,0.01091639,91.6054
NEG0263,negverify,speech_voice,0,0,full,0.01091639,91.6054
NEG0263,negverify,hearing,0,0,full,0.01091639,91.6054
NEG0263,negverify,respiratory,0,0,full,0.01091639,91.6054
NEG0263,negverify,bowel,0,0,full,0.01091639,91.6054
NEG0263,negverify,urinary,0,0,full,0.01091639,91.6054
NEG0263,negverify,sexual_reproductive,0,0,full,0.01091639,91.6054
NEG0263,negverify,limb_lymphedema,0,0,full,0.01091639,91.6054
NEG0263,negverify,visual,0,0,full,0.01091639,91.6054
NEG0264,negverify,cognition,0,0,full,0.01091639,91.6054
NEG0264,negverify,neuropathy,0,0,full,0.01091639,91.6054
NEG0264,negverify,fatigue,0,0,full,0.01091639,91.6054
NEG0264,negverify,pain,0,0,full,0.01091639,91.6054
NEG0264,negverify,physical_function,0,0,full,0.01091639,91.6054
NEG0264,negverify,swallowing,0,0,full,0.01091639,91.6054
NEG0264,negverify,speech_voice,0,0,full,0.01091639,91.6054
NEG0264,negverify,hearing,0,0,full,0.01091639,91.6054
NEG0264,negverify,respiratory,0,0,full,0.01091639,91.6054
NEG0264,negverify,bowel,0,0,full,0.01091639,91.6054
NEG0264,negverify,urinary,0,0,full,0.01091639,91.6054
NEG0264,negverify,sexual_reproductive,0,0,full,0.01091639,91.6054
NEG0264,negverify,limb_lymphedema,0,0,full,0.01091639,91.6054
NEG0264,negverify,visual,0,0,full,0.01091639,91.6054
NEG0265,negverify,cognition,0,0,full,0.01091639,91.6054
NEG0265,negverify,neuropathy,0,0,full,0.01091639,91.6054
NEG0265,negverify,fatigue,0,0,full,0.01091639,91.6054
NEG0265,negverify,pain,0,0,full,0.01091639,91.6054
NEG0265,negverify,physical_function,0,0,full,0.01091639,91.6054
NEG0265,negverify,swallowing,0,0,full,0.01091639,91.6054
NEG0265,negverify,speech_voice,0,0,full,0.01091639,91.6054
NEG0265,negverify,hearing,0,0,full,0.01091639,91.6054
NEG0265,negverify,respiratory,0,0,full,0.01091639,91.6054
NEG0265,negverify,bowel,0,0,full,0.01091639,91.6054
NEG0265,negverify,urinary,0,0,full,0.01091639,91.6054
NEG0265,negverify,sexual_reproductive,0,0,full,0.01091639,91.6054
NEG0265,negverify,limb_lymphedema,0,0,full,0.01091639,91.6054
NEG0265,negverify,visual,0,0,full,0.01091639,91.6054
NEG0266,negverify,cognition,0,0,full,0.01091639,91.6054
NEG0266,negverify,neuropathy,0,0,full,0.01091639,91.6054
NEG0266,negverify,fatigue,0,0,full,0.01091639,91.6054
NEG0266,negverify,pain,0,0,full,0.01091639,91.6054
NEG0266,negverify,physical_function,0,0,full,0.01091639,91.6054
NEG0266,negverify,swallowing,0,0,full,0.01091639,91.6054
NEG0266,negverify,speech_voice,0,0,full,0.01091639,91.6054
NEG0266,negverify,hearing,0,0,full,0.01091639,91.6054
NEG0266,negverify,respiratory,0,0,full,0.01091639,91.6054
NEG0266,negverify,bowel,0,0,full,0.01091639,91.6054
NEG0266,negverify,urinary,0,0,full,0.01091639,91.6054
NEG0266,negverify,sexual_reproductive,0,0,full,0.01091639,91.6054
NEG0266,negverify,limb_lymphedema,0,0,full,0.01091639,91.6054
NEG0266,negverify,visual,0,0,full,0.01091639,91.6054
NEG0267,negverify,cognition,0,0,truncated,0.01091639,91.6054
NEG0267,negverify,neuropathy,0,0,truncated,0.01091639,91.6054
NEG0267,negverify,fatigue,0,0,truncated,0.01091639,91.6054
NEG0267,negverify,pain,0,0,truncated,0.01091639,91.6054
NEG0267,negverify,physical_function,0,0,truncated,0.01091639,91.6054
NEG0267,negverify,swallowing,0,0,truncated,0.01091639,91.6054
NEG0267,negverify,speech_voice,0,0,truncated,0.01091639,91.6054
NEG0267,negverify,hearing,0,0,truncated,0.01091639,91.6054
NEG0267,negverify,respiratory,0,0,truncated,0.01091639,91.6054
NEG0267,negverify,bowel,0,0,truncated,0.01091639,91.6054
NEG0267,negverify,urinary,0,0,truncated,0.01091639,91.6054
NEG0267,negverify,sexual_reproductive,0,0,truncated,0.01091639,91.6054
NEG0267,negverify,limb_lymphedema,0,0,truncated,0.01091639,91.6054
NEG0267,negverify,visual,0,0,truncated,0.01091639,91.6054
NEG0268,negverify,cognition,0,0,full,0.01091639,91.6054
NEG0268,negverify,neuropathy,0,0,full,0.01091639,91.6054
NEG0268,negverify,fatigue,0,0,full,0.01091639,91.6054
NEG0268,negverify,pain,0,0,full,0.01091639,91.6054
NEG0268,negverify,physical_function,0,0,full,0.01091639,91.6054
NEG0268,negverify,swallowing,0,0,full,0.01091639,91.6054
NEG0268,negverify,speech_voice,0,0,full,0.01091639,91.6054
NEG0268,negverify,hearing,0,0,full,0.01091639,91.6054
NEG0268,negverify,respiratory,0,0,full,0.01091639,91.6054
NEG0268,negverify,bowel,0,0,full,0.01091639,91.6054
NEG0268,negverify,urinary,0,0,full,0.01091639,91.6054
NEG0268,negverify,sexual_reproductive,0,0,full,0.01091639,91.6054
NEG0268,negverify,limb_lymphedema,0,0,full,0.01091639,91.6054
NEG0268,negverify,visual,0,0,full,0.01091639,91.6054
NEG0269,negverify,cognition,0,0,full,0.01091639,91.6054
NEG0269,negverify,neuropathy,0,0,full,0.01091639,91.6054
NEG0269,negverify,fatigue,0,0,full,0.01091639,91.6054
NEG0269,negverify,pain,0,0,full,0.01091639,91.6054
NEG0269,negverify,physical_function,0,0,full,0.01091639,91.6054
NEG0269,negverify,swallowing,0,0,full,0.01091639,91.6054
NEG0269,negverify,speech_voice,0,0,full,0.01091639,91.6054
NEG0269,negverify,hearing,0,0,full,0.01091639,91.6054
NEG0269,negverify,respiratory,0,0,full,0.01091639,91.6054
NEG0269,negverify,bowel,0,0,full,0.01091639,91.6054
NEG0269,negverify,urinary,0,0,full,0.01091639,91.6054
NEG0269,negverify,sexual_reproductive,0,0,full,0.01091639,91.6054
NEG0269,negverify,limb_lymphedema,0,0,full,0.01091639,91.6054
NEG0269,negverify,visual,0,0,full,0.01091639,91.6054
NEG0270,negverify,cognition,0,0,full,0.01091639,91.6054
NEG0270,negverify,neuropathy,0,0,full,0.01091639,91.6054
NEG0270,negverify,fatigue,0,0,full,0.01091639,91.6054
NEG0270,negverify,pain,0,0,full,0.01091639,91.6054
NEG0270,negverify,physical_function,0,0,full,0.01091639,91.6054
NEG0270,negverify,swallowing,0,0,full,0.01091639,91.6054
NEG0270,negverify,speech_voice,0,0,full,0.01091639,91.6054
NEG0270,negverify,hearing,0,0,full,0.01091639,91.6054
NEG0270,negverify,respiratory,0,0,full,0.01091639,91.6054
NEG0270,negverify,bowel,0,0,full,0.01091639,91.6054
NEG0270,negverify,urinary,0,0,full,0.01091639,91.6054
NEG0270,negverify,sexual_reproductive,0,0,full,0.01091639,91.6054
NEG0270,negverify,limb_lymphedema,0,0,full,0.01091639,91.6054
NEG0270,negverify,visual,0,0,full,0.01091639,91.6054
NEG0271,negverify,cognition,0,0,full,0.01091639,91.6054
NEG0271,negverify,neuropathy,0,0,full,0.01091639,91.6054
NEG0271,negverify,fatigue,0,0,full,0.01091639,91.6054
NEG0271,negverify,pain,0,0,full,0.01091639,91.6054
NEG0271,negverify,physical_function,0,0,full,0.01091639,91.6054
NEG0271,negverify,swallowing,0,0,full,0.01091639,91.6054
NEG0271,negverify,speech_voice,0,0,full,0.01091639,91.6054
NEG0271,negverify,hearing,0,0,full,0.01091639,91.6054
NEG0271,negverify,respiratory,0,0,full,0.01091639,91.6054
NEG0271,negverify,bowel,0,0,full,0.01091639,91.6054
NEG0271,negverify,urinary,0,0,full,0.01091639,91.6054
NEG0271,negverify,sexual_reproductive,0,0,full,0.01091639,91.6054
NEG0271,negverify,limb_lymphedema,0,0,full,0.01091639,91.6054
NEG0271,negverify,visual,0,0,full,0.01091639,91.6054
NEG0272,negverify,cognition,0,0,full,0.01091639,91.6054
NEG0272,negverify,neuropathy,0,0,full,0.01091639,91.6054
NEG0272,negverify,fatigue,0,0,full,0.01091639,91.6054
NEG0272,negverify,pain,0,0,full,0.01091639,91.6054
NEG0272,negverify,physical_function,0,0,full,0.01091639,91.6054
NEG0272,negverify,swallowing,0,0,full,0.01091639,91.6054
NEG0272,negverify,speech_voice,0,0,full,0.01091639,91.6054
NEG0272,negverify,hearing,0,0,full,0.01091639,91.6054
NEG0272,negverify,respiratory,0,0,full,0.01091639,91.6054
NEG0272,negverify,bowel,0,0,full,0.01091639,91.6054
NEG0272,negverify,urinary,0,0,full,0.01091639,91.6054
NEG0272,negverify,sexual_reproductive,0,0,full,0.01091639,91.6054
NEG0272,negverify,limb_lymphedema,0,0,full,0.01091639,91.6054
NEG0272,negverify,visual,0,0,full,0.01091639,91.6054
NEG0273,negverify,cognition,0,0,full,0.01091639,91.6054
NEG0273,negverify,neuropathy,0,0,full,0.01091639,91.6054
NEG0273,negverify,fatigue,0,0,full,0.01091639,91.6054
NEG0273,negverify,pain,0,0,full,0.01091639,91.6054
NEG0273,negverify,physical_function,0,0,full,0.01091639,91.6054
NEG0273,negverify,swallowing,0,0,full,0.01091639,91.6054
NEG0273,negverify,speech_voice,0,0,full,0.01091639,91.6054
NEG0273,negverify,hearing,0,0,full,0.01091639,91.6054
NEG0273,negverify,respiratory,0,0,full,0.01091639,91.6054
NEG0273,negverify,bowel,0,0,full,0.01091639,91.6054
NEG0273,negverify,urinary,0,0,full,0.01091639,91.6054
NEG0273,negverify,sexual_reproductive,0,0,full,0.01091639,91.6054
NEG0273,negverify,limb_lymphedema,0,0,full,0.01091639,91.6054
NEG0273,negverify,visual,0,0,full,0.01091639,91.6054
NEG0274,negverify,cognition,0,0,full,0.01091639,91.6054
NEG0274,negverify,neuropathy,0,0,full,0.01091639,91.6054
NEG0274,negverify,fatigue,0,0,full,0.01091639,91.6054
NEG0274,negverify,pain,0,0,full,0.01091639,91.6054
NEG0274,negverify,physical_function,0,0,full,0.01091639,91.6054
NEG0274,negverify,swallowing,0,0,full,0.01091639,91.6054
NEG0274,negverify,speech_voice,0,0,full,0.01091639,91.6054
NEG0274,negverify,hearing,0,0,full,0.01091639,91.6054
NEG0274,negverify,respiratory,0,0,full,0.01091639,91.6054
NEG0274,negverify,bowel,0,0,full,0.01091639,91.6054
NEG0274,negverify,urinary,0,0,full,0.01091639,91.6054
NEG0274,negverify,sexual_reproductive,0,0,full,0.01091639,91.6054
NEG0274,negverify,limb_lymphedema,0,0,full,0.01091639,91.6054
NEG0274,negverify,visual,0,0,full,0.01091639,91.6054
NEG0275,negverify,cognition,0,0,full,0.01091639,91.6054
NEG0275,negverify,neuropathy,0,0,full,0.01091639,91.6054
NEG0275,negverify,fatigue,0,0,full,0.01091639,91.6054
NEG0275,negverify,pain,0,0,full,0.01091639,91.6054
NEG0275,negverify,physical_function,0,0,full,0.01091639,91.6054
NEG0275,negverify,swallowing,0,0,full,0.01091639,91.6054
NEG0275,negverify,speech_voice,0,0,full,0.01091639,91.6054
NEG0275,negverify,hearing,0,0,full,0.01091639,91.6054
NEG0275,negverify,respiratory,0,0,full,0.01091639,91.6054
NEG0275,negverify,bowel,0,0,full,0.01091639,91.6054
NEG0275,negverify,urinary,0,0,full,0.01091639,91.6054
NEG0275,negverify,sexual_reproductive,0,0,full,0.01091639,91.6054
NEG0275,negverify,limb_lymphedema,0,0,full,0.01091639,91.6054
NEG0275,negverify,visual,0,0,full,0.01091639,91.6054
NEG0276,negverify,cognition,0,0,full,0.01091639,91.6054
NEG0276,negverify,neuropathy,0,0,full,0.01091639,91.6054
NEG0276,negverify,fatigue,0,0,full,0.01091639,91.6054
NEG0276,negverify,pain,0,0,full,0.01091639,91.6054
NEG0276,negverify,physical_function,0,0,full,0.01091639,91.6054
NEG0276,negverify,swallowing,0,0,full,0.01091639,91.6054
NEG0276,negverify,speech_voice,0,0,full,0.01091639,91.6054
NEG0276,negverify,hearing,0,0,full,0.01091639,91.6054
NEG0276,negverify,respiratory,0,0,full,0.01091639,91.6054
NEG0276,negverify,bowel,0,0,full,0.01091639,91.6054
NEG0276,negverify,urinary,0,0,full,0.01091639,91.6054
NEG0276,negverify,sexual_reproductive,0,0,full,0.01091639,91.6054
NEG0276,negverify,limb_lymphedema,0,0,full,0.01091639,91.6054
NEG0276,negverify,visual,0,0,full,0.01091639,91.6054
NEG0277,negverify,cognition,0,0,full,0.01091639,91.6054
NEG0277,negverify,neuropathy,0,0,full,0.01091639,91.6054
NEG0277,negverify,fatigue,0,0,full,0.01091639,91.6054
NEG0277,negverify,pain,0,0,full,0.01091639,91.6054
NEG0277,negverify,physical_function,0,0,full,0.01091639,91.6054
NEG0277,negverify,swallowing,0,0,full,0.01091639,91.6054
NEG0277,negverify,speech_voice,0,0,full,0.01091639,91.6054
NEG0277,negverify,hearing,0,0,full,0.01091639,91.6054
NEG0277,negverify,respiratory,0,0,full,0.01091639,91.6054
NEG0277,negverify,bowel,0,0,full,0.01091639,91.6054
NEG0277,negverify,urinary,0,0,full,0.01091639,91.6054
NEG0277,negverify,sexual_reproductive,0,0,full,0.01091639,91.6054
NEG0277,negverify,limb_lymphedema,0,0,full,0.01091639,91.6054
NEG0277,negverify,visual,0,0,full,0.01091639,91.6054
NEG0278,negverify,cognition,0,0,full,0.01091639,91.6054
NEG0278,negverify,neuropathy,0,0,full,0.01091639,91.6054
NEG0278,negverify,fatigue,0,0,full,0.01091639,91.6054
NEG0278,negverify,pain,0,0,full,0.01091639,91.6054
NEG0278,negverify,physical_function,0,0,full,0.01091639,91.6054
NEG0278,negverify,swallowing,0,0,full,0.01091639,91.6054
NEG0278,negverify,speech_voice,0,0,full,0.01091639,91.6054
NEG0278,negverify,hearing,0,0,full,0.01091639,91.6054
NEG0278,negverify,respiratory,0,0,full,0.01091639,91.6054
NEG0278,negverify,bowel,0,0,full,0.01091639,91.6054
NEG0278,negverify,urinary,0,0,full,0.01091639,91.6054
NEG0278,negverify,sexual_reproductive,0,0,full,0.01091639,91.6054
NEG0278,negverify,limb_lymphedema,0,0,full,0.01091639,91.6054
NEG0278,negverify,visual,0,0,full,0.01091639,91.6054
NEG0279,negverify,cognition,0,0,full,0.01091639,91.6054
NEG0279,negverify,neuropathy,0,0,full,0.01091639,91.6054
NEG0279,negverify,fatigue,0,0,full,0.01091639,91.6054
NEG0279,negverify,pain,0,0,full,0.01091639,91.6054
NEG0279,negverify,physical_function,0,0,full,0.01091639,91.6054
NEG0279,negverify,swallowing,0,0,full,0.01091639,91.6054
NEG0279,negverify,speech_voice,0,0,full,0.01091639,91.6054
NEG0279,negverify,hearing,0,0,full,0.01091639,91.6054
NEG0279,negverify,respiratory,0,0,full,0.01091639,91.6054
NEG0279,negverify,bowel,0,0,full,0.01091639,91.6054
NEG0279,negverify,urinary,0,0,full,0.01091639,91.6054
NEG0279,negverify,sexual_reproductive,0,0,full,0.01091639,91.6054
NEG0279,negverify,limb_lymphedema,0,0,full,0.01091639,91.6054
NEG0279,negverify,visual,0,0,full,0.01091639,91.6054
NEG0280,negverify,cognition,0,0,full,0.01091639,91.6054
NEG0280,negverify,neuropathy,0,0,full,0.01091639,91.6054
NEG0280,negverify,fatigue,0,0,full,0.01091639,91.6054
NEG0280,negverify,pain,0,0,full,0.01091639,91.6054
NEG0280,negverify,physical_function,0,0,full,0.01091639,91.6054
NEG0280,negverify,swallowing,0,0,full,0.01091639,91.6054
NEG0280,negverify,speech_voice,0,0,full,0.01091639,91.6054
NEG0280,negverify,hearing,0,0,full,0.01091639,91.6054
NEG0280,negverify,respiratory,0,0,full,0.01091639,91.6054
NEG0280,negverify,bowel,0,0,full,0.01091639,91.6054
NEG0280,negverify,urinary,0,0,full,0.01091639,91.6054
NEG0280,negverify,sexual_reproductive,0,0,full,0.01091639,91.6054
NEG0280,negverify,limb_lymphedema,0,0,full,0.01091639,91.6054
NEG0280,negverify,visual,0,0,full,0.01091639,91.6054
NEG0281,negverify,cognition,0,0,full,0.01091639,91.6054
NEG0281,negverify,neuropathy,0,0,full,0.01091639,91.6054
NEG0281,negverify,fatigue,0,0,full,0.01091639,91.6054
NEG0281,negverify,pain,0,0,full,0.01091639,91.6054
NEG0281,negverify,physical_function,0,0,full,0.01091639,91.6054
NEG0281,negverify,swallowing,0,0,full,0.01091639,91.6054
NEG0281,negverify,speech_voice,0,0,full,0.01091639,91.6054
NEG0281,negverify,hearing,0,0,full,0.01091639,91.6054
NEG0281,negverify,respiratory,0,0,full,0.01091639,91.6054
NEG0281,negverify,bowel,0,0,full,0.01091639,91.6054
NEG0281,negverify,urinary,0,0,full,0.01091639,91.6054
NEG0281,negverify,sexual_reproductive,0,0,full,0.01091639,91.6054
NEG0281,negverify,limb_lymphedema,0,0,full,0.01091639,91.6054
NEG0281,negverify,visual,0,0,full,0.01091639,91.6054
NEG0282,negverify,cognition,0,0,full,0.01091639,91.6054
NEG0282,negverify,neuropathy,0,0,full,0.01091639,91.6054
NEG0282,negverify,fatigue,0,0,full,0.01091639,91.6054
NEG0282,negverify,pain,0,0,full,0.01091639,91.6054
NEG0282,negverify,physical_function,0,0,full,0.01091639,91.6054
NEG0282,negverify,swallowing,0,0,full,0.01091639,91.6054
NEG0282,negverify,speech_voice,0,0,full,0.01091639,91.6054
NEG0282,negverify,hearing,0,0,full,0.01091639,91.6054
NEG0282,negverify,respiratory,0,0,full,0.01091639,91.6054
NEG0282,negverify,bowel,0,0,full,0.01091639,91.6054
NEG0282,negverify,urinary,0,0,full,0.01091639,91.6054
NEG0282,negverify,sexual_reproductive,0,0,full,0.01091639,91.6054
NEG0282,negverify,limb_lymphedema,0,0,full,0.01091639,91.6054
NEG0282,negverify,visual,0,0,full,0.01091639,91.6054
NEG0283,negverify,cognition,0,0,full,0.01091639,91.6054
NEG0283,negverify,neuropathy,0,0,full,0.01091639,91.6054
NEG0283,negverify,fatigue,0,0,full,0.01091639,91.6054
NEG0283,negverify,pain,0,0,full,0.01091639,91.6054
NEG0283,negverify,physical_function,0,0,full,0.01091639,91.6054
NEG0283,negverify,swallowing,0,0,full,0.01091639,91.6054
NEG0283,negverify,speech_voice,0,0,full,0.01091639,91.6054
NEG0283,negverify,hearing,0,0,full,0.01091639,91.6054
NEG0283,negverify,respiratory,0,0,full,0.01091639,91.6054
NEG0283,negverify,bowel,0,0,full,0.01091639,91.6054
NEG0283,negverify,urinary,0,0,full,0.01091639,91.6054
NEG0283,negverify,sexual_reproductive,0,0,full,0.01091639,91.6054
NEG0283,negverify,limb_lymphedema,0,0,full,0.01091639,91.6054
NEG0283,negverify,visual,0,0,full,0.01091639,91.6054
NEG0284,negverify,cognition,0,0,full,0.01091639,91.6054
NEG0284,negverify,neuropathy,0,0,full,0.01091639,91.6054
NEG0284,negverify,fatigue,0,0,full,0.01091639,91.6054
NEG0284,negverify,pain,0,0,full,0.01091639,91.6054
NEG0284,negverify,physical_function,0,0,full,0.01091639,91.6054
NEG0284,negverify,swallowing,0,0,full,0.01091639,91.6054
NEG0284,negverify,speech_voice,0,0,full,0.01091639,91.6054
NEG0284,negverify,hearing,0,0,full,0.01091639,91.6054
NEG0284,negverify,respiratory,0,0,full,0.01091639,91.6054
NEG0284,negverify,bowel,0,0,full,0.01091639,91.6054
NEG0284,negverify,urinary,0,0,full,0.01091639,91.6054
NEG0284,negverify,sexual_reproductive,0,0,full,0.01091639,91.6054
NEG0284,negverify,limb_lymphedema,0,0,full,0.01091639,91.6054
NEG0284,negverify,visual,0,0,full,0.01091639,91.6054
NEG0285,negverify,cognition,0,0,full,0.01091639,91.6054
NEG0285,negverify,neuropathy,0,0,full,0.01091639,91.6054
NEG0285,negverify,fatigue,0,0,full,0.01091639,91.6054
NEG0285,negverify,pain,0,0,full,0.01091639,91.6054
NEG0285,negverify,physical_function,0,0,full,0.01091639,91.6054
NEG0285,negverify,swallowing,0,0,full,0.01091639,91.6054
NEG0285,negverify,speech_voice,0,0,full,0.01091639,91.6054
NEG0285,negverify,hearing,0,0,full,0.01091639,91.6054
NEG0285,negverify,respiratory,0,0,full,0.01091639,91.6054
NEG0285,negverify,bowel,0,0,full,0.01091639,91.6054
NEG0285,negverify,urinary,0,0,full,0.01091639,91.6054
NEG0285,negverify,sexual_reproductive,0,0,full,0.01091639,91.6054
NEG0285,negverify,limb_lymphedema,0,0,full,0.01091639,91.6054
NEG0285,negverify,visual,0,0,full,0.01091639,91.6054
NEG0286,negverify,cognition,0,0,full,0.01091639,91.6054
NEG0286,negverify,neuropathy,0,0,full,0.01091639,91.6054
NEG0286,negverify,fatigue,0,0,full,0.01091639,91.6054
NEG0286,negverify,pain,0,0,full,0.01091639,91.6054
NEG0286,negverify,physical_function,0,0,full,0.01091639,91.6054
NEG0286,negverify,swallowing,0,0,full,0.01091639,91.6054
NEG0286,negverify,speech_voice,0,0,full,0.01091639,91.6054
NEG0286,negverify,hearing,0,0,full,0.01091639,91.6054
NEG0286,negverify,respiratory,0,0,full,0.01091639,91.6054
NEG0286,negverify,bowel,0,0,full,0.01091639,91.6054
NEG0286,negverify,urinary,0,0,full,0.01091639,91.6054
NEG0286,negverify,sexual_reproductive,0,0,full,0.01091639,91.6054
NEG0286,negverify,limb_lymphedema,0,0,full,0.01091639,91.6054
NEG0286,negverify,visual,0,0,full,0.01091639,91.6054
NEG0287,negverify,cognition,0,0,truncated,0.01091639,91.6054
NEG0287,negverify,neuropathy,0,0,truncated,0.01091639,91.6054
NEG0287,negverify,fatigue,0,0,truncated,0.01091639,91.6054
NEG0287,negverify,pain,0,0,truncated,0.01091639,91.6054
NEG0287,negverify,physical_function,0,0,truncated,0.01091639,91.6054
NEG0287,negverify,swallowing,0,0,truncated,0.01091639,91.6054
NEG0287,negverify,speech_voice,0,0,truncated,0.01091639,91.6054
NEG0287,negverify,hearing,0,0,truncated,0.01091639,91.6054
NEG0287,negverify,respiratory,0,0,truncated,0.01091639,91.6054
NEG0287,negverify,bowel,0,0,truncated,0.01091639,91.6054
NEG0287,negverify,urinary,0,0,truncated,0.01091639,91.6054
NEG0287,negverify,sexual_reproductive,0,0,truncated,0.01091639,91.6054
NEG0287,negverify,limb_lymphedema,0,0,truncated,0.01091639,91.6054
NEG0287,negverify,visual,0,0,truncated,0.01091639,91.6054
NEG0288,negverify,cognition,0,0,full,0.01091639,91.6054
NEG0288,negverify,neuropathy,0,0,full,0.01091639,91.6054
NEG0288,negverify,fatigue,0,0,full,0.01091639,91.6054
NEG0288,negverify,pain,0,0,full,0.01091639,91.6054
NEG0288,negverify,physical_function,0,0,full,0.01091639,91.6054
NEG0288,negverify,swallowing,0,0,full,0.01091639,91.6054
NEG0288,negverify,speech_voice,0,0,full,0.01091639,91.6054
NEG0288,negverify,hearing,0,0,full,0.01091639,91.6054
NEG0288,negverify,respiratory,0,0,full,0.01091639,91.6054
NEG0288,negverify,bowel,0,0,full,0.01091639,91.6054
NEG0288,negverify,urinary,0,0,full,0.01091639,91.6054
NEG0288,negverify,sexual_reproductive,0,0,full,0.01091639,91.6054
NEG0288,negverify,limb_lymphedema,0,0,full,0.01091639,91.6054
NEG0288,negverify,visual,0,0,full,0.01091639,91.6054
NEG0289,negverify,cognition,0,0,full,0.01091639,91.6054
NEG0289,negverify,neuropathy,0,0,full,0.01091639,91.6054
NEG0289,negverify,fatigue,0,0,full,0.01091639,91.6054
NEG0289,negverify,pain,0,0,full,0.01091639,91.6054
NEG0289,negverify,physical_function,0,0,full,0.01091639,91.6054
NEG0289,negverify,swallowing,0,0,full,0.01091639,91.6054
NEG0289,negverify,speech_voice,0,0,full,0.01091639,91.6054
NEG0289,negverify,hearing,0,0,full,0.01091639,91.6054
NEG0289,negverify,respiratory,0,0,full,0.01091639,91.6054
NEG0289,negverify,bowel,0,0,full,0.01091639,91.6054
NEG0289,negverify,urinary,0,0,full,0.01091639,91.6054
NEG0289,negverify,sexual_reproductive,0,0,full,0.01091639,91.6054
NEG0289,negverify,limb_lymphedema,0,0,full,0.01091639,91.6054
NEG0289,negverify,visual,0,0,full,0.01091639,91.6054
NEG0290,negverify,cognition,0,0,full,0.01091639,91.6054
NEG0290,negverify,neuropathy,0,0,full,0.01091639,91.6054
NEG0290,negverify,fatigue,0,0,full,0.01091639,91.6054
NEG0290,negverify,pain,0,0,full,0.01091639,91.6054
NEG0290,negverify,physical_function,0,0,full,0.01091639,91.6054
NEG0290,negverify,swallowing,0,0,full,0.01091639,91.6054
NEG0290,negverify,speech_voice,0,0,full,0.01091639,91.6054
NEG0290,negverify,hearing,0,0,full,0.01091639,91.6054
NEG0290,negverify,respiratory,0,0,full,0.01091639,91.6054
NEG0290,negverify,bowel,0,0,full,0.01091639,91.6054
NEG0290,negverify,urinary,0,0,full,0.01091639,91.6054
NEG0290,negverify,sexual_reproductive,0,0,full,0.01091639,91.6054
NEG0290,negverify,limb_lymphedema,0,0,full,0.01091639,91.6054
NEG0290,negverify,visual,0,0,full,0.01091639,91.6054
NEG0291,negverify,cognition,0,0,full,0.01091639,91.6054
NEG0291,negverify,neuropathy,0,0,full,0.01091639,91.6054
NEG0291,negverify,fatigue,0,0,full,0.01091639,91.6054
NEG0291,negverify,pain,0,0,full,0.01091639,91.6054
NEG0291,negverify,physical_function,0,0,full,0.01091639,91.6054
NEG0291,negverify,swallowing,0,0,full,0.01091639,91.6054
NEG0291,negverify,speech_voice,0,0,full,0.01091639,91.6054
NEG0291,negverify,hearing,0,0,full,0.01091639,91.6054
NEG0291,negverify,respiratory,0,0,full,0.01091639,91.6054
NEG0291,negverify,bowel,0,0,full,0.01091639,91.6054
NEG0291,negverify,urinary,0,0,full,0.01091639,91.6054
NEG0291,negverify,sexual_reproductive,0,0,full,0.01091639,91.6054
NEG0291,negverify,limb_lymphedema,0,0,full,0.01091639,91.6054
NEG0291,negverify,visual,0,0,full,0.01091639,91.6054
NEG0292,negverify,cognition,0,0,full,0.01091639,91.6054
NEG0292,negverify,neuropathy,0,0,full,0.01091639,91.6054
NEG0292,negverify,fatigue,0,0,full,0.01091639,91.6054
NEG0292,negverify,pain,0,0,full,0.01091639,91.6054
NEG0292,negverify,physical_function,0,0,full,0.01091639,91.6054
NEG0292,negverify,swallowing,0,0,full,0.01091639,91.6054
NEG0292,negverify,speech_voice,0,0,full,0.01091639,91.6054
NEG0292,negverify,hearing,0,0,full,0.01091639,91.6054
NEG0292,negverify,respiratory,0,0,full,0.01091639,91.6054
NEG0292,negverify,bowel,0,0,full,0.01091639,91.6054
NEG0292,negverify,urinary,0,0,full,0.01091639,91.6054
NEG0292,negverify,sexual_reproductive,0,0,full,0.01091639,91.6054
NEG0292,negverify,limb_lymphedema,0,0,full,0.01091639,91.6054
NEG0292,negverify,visual,0,0,full,0.01091639,91.6054
NEG0293,negverify,cognition,0,0,full,0.01091639,91.6054
NEG0293,negverify,neuropathy,0,0,full,0.01091639,91.6054
NEG0293,negverify,fatigue,0,0,full,0.01091639,91.6054
NEG0293,negverify,pain,0,0,full,0.01091639,91.6054
NEG0293,negverify,physical_function,0,0,full,0.01091639,91.6054
NEG0293,negverify,swallowing,0,0,full,0.01091639,91.6054
NEG0293,negverify,speech_voice,0,0,full,0.01091639,91.6054
NEG0293,negverify,hearing,0,0,full,0.01091639,91.6054
NEG0293,negverify,respiratory,0,0,full,0.01091639,91.6054
NEG0293,negverify,bowel,0,0,full,0.01091639,91.6054
NEG0293,negverify,urinary,0,0,full,0.01091639,91.6054
NEG0293,negverify,sexual_reproductive,0,0,full,0.01091639,91.6054
NEG0293,negverify,limb_lymphedema,0,0,full,0.01091639,91.6054
NEG0293,negverify,visual,0,0,full,0.01091639,91.6054
NEG0294,negverify,cognition,0,0,full,0.01091639,91.6054
NEG0294,negverify,neuropathy,0,0,full,0.01091639,91.6054
NEG0294,negverify,fatigue,0,0,full,0.01091639,91.6054
NEG0294,negverify,pain,0,0,full,0.01091639,91.6054
NEG0294,negverify,physical_function,0,0,full,0.01091639,91.6054
NEG0294,negverify,swallowing,0,0,full,0.01091639,91.6054
NEG0294,negverify,speech_voice,0,0,full,0.01091639,91.6054
NEG0294,negverify,hearing,0,0,full,0.01091639,91.6054
NEG0294,negverify,respiratory,0,0,full,0.01091639,91.6054
NEG0294,negverify,bowel,0,0,full,0.01091639,91.6054
NEG0294,negverify,urinary,0,0,full,0.01091639,91.6054
NEG0294,negverify,sexual_reproductive,0,0,full,0.01091639,91.6054
NEG0294,negverify,limb_lymphedema,0,0,full,0.01091639,91.6054
NEG0294,negverify,visual,0,0,full,0.01091639,91.6054
NEG0295,negverify,cognition,0,0,full,0.01091639,91.6054
NEG0295,negverify,neuropathy,0,0,full,0.01091639,91.6054
NEG0295,negverify,fatigue,0,0,full,0.01091639,91.6054
NEG0295,negverify,pain,0,0,full,0.01091639,91.6054
NEG0295,negverify,physical_function,0,0,full,0.01091639,91.6054
NEG0295,negverify,swallowing,0,0,full,0.01091639,91.6054
NEG0295,negverify,speech_voice,0,0,full,0.01091639,91.6054
NEG0295,negverify,hearing,0,0,full,0.01091639,91.6054
NEG0295,negverify,respiratory,0,0,full,0.01091639,91.6054
NEG0295,negverify,bowel,0,0,full,0.01091639,91.6054
NEG0295,negverify,urinary,0,0,full,0.01091639,91.6054
NEG0295,negverify,sexual_reproductive,0,0,full,0.01091639,91.6054
NEG0295,negverify,limb_lymphedema,0,0,full,0.01091639,91.6054
NEG0295,negverify,visual,0,0,full,0.01091639,91.6054
NEG0296,negverify,cognition,0,0,full,0.01091639,91.6054
NEG0296,negverify,neuropathy,0,0,full,0.01091639,91.6054
NEG0296,negverify,fatigue,0,0,full,0.01091639,91.6054
NEG0296,negverify,pain,0,0,full,0.01091639,91.6054
NEG0296,negverify,physical_function,0,0,full,0.01091639,91.6054
NEG0296,negverify,swallowing,0,0,full,0.01091639,91.6054
NEG0296,negverify,speech_voice,0,0,full,0.01091639,91.6054
NEG0296,negverify,hearing,0,0,full,0.01091639,91.6054
NEG0296,negverify,respiratory,0,0,full,0.01091639,91.6054
NEG0296,negverify,bowel,0,0,full,0.01091639,91.6054
NEG0296,negverify,urinary,0,0,full,0.01091639,91.6054
NEG0296,negverify,sexual_reproductive,0,0,full,0.01091639,91.6054
NEG0296,negverify,limb_lymphedema,0,0,full,0.01091639,91.6054
NEG0296,negverify,visual,0,0,full,0.01091639,91.6054
NEG0297,negverify,cognition,0,0,full,0.01091639,91.6054
NEG0297,negverify,neuropathy,0,0,full,0.01091639,91.6054
NEG0297,negverify,fatigue,0,0,full,0.01091639,91.6054
NEG0297,negverify,pain,0,0,full,0.01091639,91.6054
NEG0297,negverify,physical_function,0,0,full,0.01091639,91.6054
NEG0297,negverify,swallowing,0,0,full,0.01091639,91.6054
NEG0297,negverify,speech_voice,0,0,full,0.01091639,91.6054
NEG0297,negverify,hearing,0,0,full,0.01091639,91.6054
NEG0297,negverify,respiratory,0,0,full,0.01091639,91.6054
NEG0297,negverify,bowel,0,0,full,0.01091639,91.6054
NEG0297,negverify,urinary,0,0,full,0.01091639,91.6054
NEG0297,negverify,sexual_reproductive,0,0,full,0.01091639,91.6054
NEG0297,negverify,limb_lymphedema,0,0,full,0.01091639,91.6054
NEG0297,negverify,visual,0,0,full,0.01091639,91.6054
NEG0298,negverify,cognition,0,0,full,0.01091639,91.6054
NEG0298,negverify,neuropathy,0,0,full,0.01091639,91.6054
NEG0298,negverify,fatigue,0,0,full,0.01091639,91.6054
NEG0298,negverify,pain,0,0,full,0.01091639,91.6054
NEG0298,negverify,physical_function,0,0,full,0.01091639,91.6054
NEG0298,negverify,swallowing,0,0,full,0.01091639,91.6054
NEG0298,negverify,speech_voice,0,0,full,0.01091639,91.6054
NEG0298,negverify,hearing,0,0,full,0.01091639,91.6054
NEG0298,negverify,respiratory,0,0,full,0.01091639,91.6054
NEG0298,negverify,bowel,0,0,full,0.01091639,91.6054
NEG0298,negverify,urinary,0,0,full,0.01091639,91.6054
NEG0298,negverify,sexual_reproductive,0,0,full,0.01091639,91.6054
NEG0298,negverify,limb_lymphedema,0,0,full,0.01091639,91.6054
NEG0298,negverify,visual,0,0,full,0.01091639,91.6054
NEG0299,negverify,cognition,0,0,full,0.01091639,91.6054
NEG0299,negverify,neuropathy,0,0,full,0.01091639,91.6054
NEG0299,negverify,fatigue,0,0,full,0.01091639,91.6054
NEG0299,negverify,pain,0,0,full,0.01091639,91.6054
NEG0299,negverify,physical_function,0,0,full,0.01091639,91.6054
NEG0299,negverify,swallowing,0,0,full,0.01091639,91.6054
NEG0299,negverify,speech_voice,0,0,full,0.01091639,91.6054
NEG0299,negverify,hearing,0,0,full,0.01091639,91.6054
NEG0299,negverify,respiratory,0,0,full,0.01091639,91.6054
NEG0299,negverify,bowel,0,0,full,0.01091639,91.6054
NEG0299,negverify,urinary,0,0,full,0.01091639,91.6054
NEG0299,negverify,sexual_reproductive,0,0,full,0.01091639,91.6054
NEG0299,negverify,limb_lymphedema,0,0,full,0.01091639,91.6054
NEG0299,negverify,visual,0,0,full,0.01091639,91.6054
NEG0300,negverify,cognition,0,0,full,0.01091639,91.6054
NEG0300,negverify,neuropathy,0,0,full,0.01091639,91.6054
NEG0300,negverify,fatigue,0,0,full,0.01091639,91.6054
NEG0300,negverify,pain,0,0,full,0.01091639,91.6054
NEG0300,negverify,physical_function,0,0,full,0.01091639,91.6054
NEG0300,negverify,swallowing,0,0,full,0.01091639,91.6054
NEG0300,negverify,speech_voice,0,0,full,0.01091639,91.6054
NEG0300,negverify,hearing,0,0,full,0.01091639,91.6054
NEG0300,negverify,respiratory,0,0,full,0.01091639,91.6054
NEG0300,negverify,bowel,0,0,full,0.01091639,91.6054
NEG0300,negverify,urinary,0,0,full,0.01091639,91.6054
NEG0300,negverify,sexual_reproductive,0,0,full,0.01091639,91.6054
NEG0300,negverify,limb_lymphedema,0,0,full,0.01091639,91.6054
NEG0300,negverify,visual,0,0,full,0.01091639,91.6054
NEG0301,negverify,cognition,0,0,full,0.01091639,91.6054
NEG0301,negverify,neuropathy,0,0,full,0.01091639,91.6054
NEG0301,negverify,fatigue,0,0,full,0.01091639,91.6054
NEG0301,negverify,pain,0,0,full,0.01091639,91.6054
NEG0301,negverify,physical_function,0,0,full,0.01091639,91.6054
NEG0301,negverify,swallowing,0,0,full,0.01091639,91.6054
NEG0301,negverify,speech_voice,0,0,full,0.01091639,91.6054
NEG0301,negverify,hearing,0,0,full,0.01091639,91.6054
NEG0301,negverify,respiratory,0,0,full,0.01091639,91.6054
NEG0301,negverify,bowel,0,0,full,0.01091639,91.6054
NEG0301,negverify,urinary,0,0,full,0.01091639,91.6054
NEG0301,negverify,sexual_reproductive,0,0,full,0.01091639,91.6054
NEG0301,negverify,limb_lymphedema,0,0,full,0.01091639,91.6054
NEG0301,negverify,visual,0,0,full,0.01091639,91.6054
NEG0302,negverify,cognition,0,0,truncated,0.01091639,91.6054
NEG0302,negverify,neuropathy,0,0,truncated,0.01091639,91.6054
NEG0302,negverify,fatigue,0,0,truncated,0.01091639,91.6054
NEG0302,negverify,pain,0,0,truncated,0.01091639,91.6054
NEG0302,negverify,physical_function,0,0,truncated,0.01091639,91.6054
NEG0302,negverify,swallowing,0,0,truncated,0.01091639,91.6054
NEG0302,negverify,speech_voice,0,0,truncated,0.01091639,91.6054
NEG0302,negverify,hearing,0,0,truncated,0.01091639,91.6054
NEG0302,negverify,respiratory,0,0,truncated,0.01091639,91.6054
NEG0302,negverify,bowel,0,0,truncated,0.01091639,91.6054
NEG0302,negverify,urinary,0,0,truncated,0.01091639,91.6054
NEG0302,negverify,sexual_reproductive,0,0,truncated,0.01091639,91.6054
NEG0302,negverify,limb_lymphedema,0,0,truncated,0.01091639,91.6054
NEG0302,negverify,visual,0,0,truncated,0.01091639,91.6054
NEG0303,negverify,cognition,0,0,full,0.01091639,91.6054
NEG0303,negverify,neuropathy,0,0,full,0.01091639,91.6054
NEG0303,negverify,fatigue,0,0,full,0.01091639,91.6054
NEG0303,negverify,pain,0,0,full,0.01091639,91.6054
NEG0303,negverify,physical_function,0,0,full,0.01091639,91.6054
NEG0303,negverify,swallowing,0,0,full,0.01091639,91.6054
NEG0303,negverify,speech_voice,0,0,full,0.01091639,91.6054
NEG0303,negverify,hearing,0,0,full,0.01091639,91.6054
NEG0303,negverify,respiratory,0,0,full,0.01091639,91.6054
NEG0303,negverify,bowel,0,0,full,0.01091639,91.6054
NEG0303,negverify,urinary,0,0,full,0.01091639,91.6054
NEG0303,negverify,sexual_reproductive,0,0,full,0.01091639,91.6054
NEG0303,negverify,limb_lymphedema,0,0,full,0.01091639,91.6054
NEG0303,negverify,visual,0,0,full,0.01091639,91.6054
NEG0304,negverify,cognition,0,0,full,0.01091639,91.6054
NEG0304,negverify,neuropathy,0,0,full,0.01091639,91.6054
NEG0304,negverify,fatigue,0,0,full,0.01091639,91.6054
NEG0304,negverify,pain,0,0,full,0.01091639,91.6054
NEG0304,negverify,physical_function,0,0,full,0.01091639,91.6054
NEG0304,negverify,swallowing,0,0,full,0.01091639,91.6054
NEG0304,negverify,speech_voice,0,0,full,0.01091639,91.6054
NEG0304,negverify,hearing,0,0,full,0.01091639,91.6054
NEG0304,negverify,respiratory,0,0,full,0.01091639,91.6054
NEG0304,negverify,bowel,0,0,full,0.01091639,91.6054
NEG0304,negverify,urinary,0,0,full,0.01091639,91.6054
NEG0304,negverify,sexual_reproductive,0,0,full,0.01091639,91.6054
NEG0304,negverify,limb_lymphedema,0,0,full,0.01091639,91.6054
NEG0304,negverify,visual,0,0,full,0.01091639,91.6054
NEG0305,negverify,cognition,0,0,full,0.01091639,91.6054
NEG0305,negverify,neuropathy,0,0,full,0.01091639,91.6054
NEG0305,negverify,fatigue,0,1,full,0.01091639,91.6054
NEG0305,negverify,pain,0,1,full,0.01091639,91.6054
NEG0305,negverify,physical_function,0,0,full,0.01091639,91.6054
NEG0305,negverify,swallowing,0,0,full,0.01091639,91.6054
NEG0305,negverify,speech_voice,0,0,full,0.01091639,91.6054
NEG0305,negverify,hearing,0,0,full,0.01091639,91.6054
NEG0305,negverify,respiratory,0,1,full,0.01091639,91.6054
NEG0305,negverify,bowel,0,0,full,0.01091639,91.6054
NEG0305,negverify,urinary,0,0,full,0.01091639,91.6054
NEG0305,negverify,sexual_reproductive,0,0,full,0.01091639,91.6054
NEG0305,negverify,limb_lymphedema,0,0,full,0.01091639,91.6054
NEG0305,negverify,visual,0,0,full,0.01091639,91.6054
NEG0306,negverify,cognition,0,0,full,0.01091639,91.6054
NEG0306,negverify,neuropathy,0,0,full,0.01091639,91.6054
NEG0306,negverify,fatigue,0,0,full,0.01091639,91.6054
NEG0306,negverify,pain,0,0,full,0.01091639,91.6054
NEG0306,negverify,physical_function,0,0,full,0.01091639,91.6054
NEG0306,negverify,swallowing,0,0,full,0.01091639,91.6054
NEG0306,negverify,speech_voice,0,0,full,0.01091639,91.6054
NEG0306,negverify,hearing,0,0,full,0.01091639,91.6054
NEG0306,negverify,respiratory,0,0,full,0.01091639,91.6054
NEG0306,negverify,bowel,0,0,full,0.01091639,91.6054
NEG0306,negverify,urinary,0,0,full,0.01091639,91.6054
NEG0306,negverify,sexual_reproductive,0,0,full,0.01091639,91.6054
NEG0306,negverify,limb_lymphedema,0,0,full,0.01091639,91.6054
NEG0306,negverify,visual,0,0,full,0.01091639,91.6054
NEG0307,negverify,cognition,0,0,full,0.01091639,91.6054
NEG0307,negverify,neuropathy,0,0,full,0.01091639,91.6054
NEG0307,negverify,fatigue,0,0,full,0.01091639,91.6054
NEG0307,negverify,pain,0,0,full,0.01091639,91.6054
NEG0307,negverify,physical_function,0,0,full,0.01091639,91.6054
NEG0307,negverify,swallowing,0,0,full,0.01091639,91.6054
NEG0307,negverify,speech_voice,0,0,full,0.01091639,91.6054
NEG0307,negverify,hearing,0,0,full,0.01091639,91.6054
NEG0307,negverify,respiratory,0,0,full,0.01091639,91.6054
NEG0307,negverify,bowel,0,0,full,0.01091639,91.6054
NEG0307,negverify,urinary,0,0,full,0.01091639,91.6054
NEG0307,negverify,sexual_reproductive,0,0,full,0.01091639,91.6054
NEG0307,negverify,limb_lymphedema,0,0,full,0.01091639,91.6054
NEG0307,negverify,visual,0,0,full,0.01091639,91.6054
NEG0308,negverify,cognition,0,0,full,0.01091639,91.6054
NEG0308,negverify,neuropathy,0,0,full,0.01091639,91.6054
NEG0308,negverify,fatigue,0,0,full,0.01091639,91.6054
NEG0308,negverify,pain,0,0,full,0.01091639,91.6054
NEG0308,negverify,physical_function,0,0,full,0.01091639,91.6054
NEG0308,negverify,swallowing,0,0,full,0.01091639,91.6054
NEG0308,negverify,speech_voice,0,0,full,0.01091639,91.6054
NEG0308,negverify,hearing,0,0,full,0.01091639,91.6054
NEG0308,negverify,respiratory,0,0,full,0.01091639,91.6054
NEG0308,negverify,bowel,0,0,full,0.01091639,91.6054
NEG0308,negverify,urinary,0,0,full,0.01091639,91.6054
NEG0308,negverify,sexual_reproductive,0,0,full,0.01091639,91.6054
NEG0308,negverify,limb_lymphedema,0,0,full,0.01091639,91.6054
NEG0308,negverify,visual,0,0,full,0.01091639,91.6054
NEG0309,negverify,cognition,0,0,full,0.01091639,91.6054
NEG0309,negverify,neuropathy,0,0,full,0.01091639,91.6054
NEG0309,negverify,fatigue,0,0,full,0.01091639,91.6054
NEG0309,negverify,pain,0,0,full,0.01091639,91.6054
NEG0309,negverify,physical_function,0,0,full,0.01091639,91.6054
NEG0309,negverify,swallowing,0,0,full,0.01091639,91.6054
NEG0309,negverify,speech_voice,0,0,full,0.01091639,91.6054
NEG0309,negverify,hearing,0,0,full,0.01091639,91.6054
NEG0309,negverify,respiratory,0,0,full,0.01091639,91.6054
NEG0309,negverify,bowel,0,0,full,0.01091639,91.6054
NEG0309,negverify,urinary,0,0,full,0.01091639,91.6054
NEG0309,negverify,sexual_reproductive,0,0,full,0.01091639,91.6054
NEG0309,negverify,limb_lymphedema,0,0,full,0.01091639,91.6054
NEG0309,negverify,visual,0,0,full,0.01091639,91.6054
NEG0310,negverify,cognition,0,0,full,0.01091639,91.6054
NEG0310,negverify,neuropathy,0,0,full,0.01091639,91.6054
NEG0310,negverify,fatigue,0,0,full,0.01091639,91.6054
NEG0310,negverify,pain,0,0,full,0.01091639,91.6054
NEG0310,negverify,physical_function,0,0,full,0.01091639,91.6054
NEG0310,negverify,swallowing,0,0,full,0.01091639,91.6054
NEG0310,negverify,speech_voice,0,0,full,0.01091639,91.6054
NEG0310,negverify,hearing,0,0,full,0.01091639,91.6054
NEG0310,negverify,respiratory,0,0,full,0.01091639,91.6054
NEG0310,negverify,bowel,0,0,full,0.01091639,91.6054
NEG0310,negverify,urinary,0,0,full,0.01091639,91.6054
NEG0310,negverify,sexual_reproductive,0,0,full,0.01091639,91.6054
NEG0310,negverify,limb_lymphedema,0,0,full,0.01091639,91.6054
NEG0310,negverify,visual,0,0,full,0.01091639,91.6054
NEG0311,negverify,cognition,0,0,full,0.01091639,91.6054
NEG0311,negverify,neuropathy,0,0,full,0.01091639,91.6054
NEG0311,negverify,fatigue,0,0,full,0.01091639,91.6054
NEG0311,negverify,pain,0,0,full,0.01091639,91.6054
NEG0311,negverify,physical_function,0,0,full,0.01091639,91.6054
NEG0311,negverify,swallowing,0,0,full,0.01091639,91.6054
NEG0311,negverify,speech_voice,0,0,full,0.01091639,91.6054
NEG0311,negverify,hearing,0,0,full,0.01091639,91.6054
NEG0311,negverify,respiratory,0,0,full,0.01091639,91.6054
NEG0311,negverify,bowel,0,0,full,0.01091639,91.6054
NEG0311,negverify,urinary,0,0,full,0.01091639,91.6054
NEG0311,negverify,sexual_reproductive,0,0,full,0.01091639,91.6054
NEG0311,negverify,limb_lymphedema,0,0,full,0.01091639,91.6054
NEG0311,negverify,visual,0,0,full,0.01091639,91.6054
NEG0312,negverify,cognition,0,0,full,0.01091639,91.6054
NEG0312,negverify,neuropathy,0,0,full,0.01091639,91.6054
NEG0312,negverify,fatigue,0,0,full,0.01091639,91.6054
NEG0312,negverify,pain,0,0,full,0.01091639,91.6054
NEG0312,negverify,physical_function,0,0,full,0.01091639,91.6054
NEG0312,negverify,swallowing,0,0,full,0.01091639,91.6054
NEG0312,negverify,speech_voice,0,0,full,0.01091639,91.6054
NEG0312,negverify,hearing,0,0,full,0.01091639,91.6054
NEG0312,negverify,respiratory,0,0,full,0.01091639,91.6054
NEG0312,negverify,bowel,0,1,full,0.01091639,91.6054
NEG0312,negverify,urinary,0,1,full,0.01091639,91.6054
NEG0312,negverify,sexual_reproductive,0,1,full,0.01091639,91.6054
NEG0312,negverify,limb_lymphedema,0,0,full,0.01091639,91.6054
NEG0312,negverify,visual,0,0,full,0.01091639,91.6054
NEG0313,negverify,cognition,0,0,full,0.01091639,91.6054
NEG0313,negverify,neuropathy,0,0,full,0.01091639,91.6054
NEG0313,negverify,fatigue,0,0,full,0.01091639,91.6054
NEG0313,negverify,pain,0,0,full,0.01091639,91.6054
NEG0313,negverify,physical_function,0,0,full,0.01091639,91.6054
NEG0313,negverify,swallowing,0,0,full,0.01091639,91.6054
NEG0313,negverify,speech_voice,0,0,full,0.01091639,91.6054
NEG0313,negverify,hearing,0,0,full,0.01091639,91.6054
NEG0313,negverify,respiratory,0,0,full,0.01091639,91.6054
NEG0313,negverify,bowel,0,0,full,0.01091639,91.6054
NEG0313,negverify,urinary,0,0,full,0.01091639,91.6054
NEG0313,negverify,sexual_reproductive,0,0,full,0.01091639,91.6054
NEG0313,negverify,limb_lymphedema,0,0,full,0.01091639,91.6054
NEG0313,negverify,visual,0,0,full,0.01091639,91.6054
NEG0314,negverify,cognition,0,0,full,0.01091639,91.6054
NEG0314,negverify,neuropathy,0,0,full,0.01091639,91.6054
NEG0314,negverify,fatigue,0,0,full,0.01091639,91.6054
NEG0314,negverify,pain,0,0,full,0.01091639,91.6054
NEG0314,negverify,physical_function,0,0,full,0.01091639,91.6054
NEG0314,negverify,swallowing,0,0,full,0.01091639,91.6054
NEG0314,negverify,speech_voice,0,0,full,0.01091639,91.6054
NEG0314,negverify,hearing,0,0,full,0.01091639,91.6054
NEG0314,negverify,respiratory,0,0,full,0.01091639,91.6054
NEG0314,negverify,bowel,0,0,full,0.01091639,91.6054
NEG0314,negverify,urinary,0,0,full,0.01091639,91.6054
NEG0314,negverify,sexual_reproductive,0,0,full,0.01091639,91.6054
NEG0314,negverify,limb_lymphedema,0,0,full,0.01091639,91.6054
NEG0314,negverify,visual,0,0,full,0.01091639,91.6054
NEG0315,negverify,cognition,0,0,truncated,0.01091639,91.6054
NEG0315,negverify,neuropathy,0,0,truncated,0.01091639,91.6054
NEG0315,negverify,fatigue,0,0,truncated,0.01091639,91.6054
NEG0315,negverify,pain,0,0,truncated,0.01091639,91.6054
NEG0315,negverify,physical_function,0,0,truncated,0.01091639,91.6054
NEG0315,negverify,swallowing,0,0,truncated,0.01091639,91.6054
NEG0315,negverify,speech_voice,0,0,truncated,0.01091639,91.6054
NEG0315,negverify,hearing,0,0,truncated,0.01091639,91.6054
NEG0315,negverify,respiratory,0,0,truncated,0.01091639,91.6054
NEG0315,negverify,bowel,0,0,truncated,0.01091639,91.6054
NEG0315,negverify,urinary,0,0,truncated,0.01091639,91.6054
NEG0315,negverify,sexual_reproductive,0,0,truncated,0.01091639,91.6054
NEG0315,negverify,limb_lymphedema,0,0,truncated,0.01091639,91.6054
NEG0315,negverify,visual,0,0,truncated,0.01091639,91.6054
NEG0316,negverify,cognition,0,0,full,0.01091639,91.6054
NEG0316,negverify,neuropathy,0,0,full,0.01091639,91.6054
NEG0316,negverify,fatigue,0,0,full,0.01091639,91.6054
NEG0316,negverify,pain,0,0,full,0.01091639,91.6054
NEG0316,negverify,physical_function,0,0,full,0.01091639,91.6054
NEG0316,negverify,swallowing,0,0,full,0.01091639,91.6054
NEG0316,negverify,speech_voice,0,0,full,0.01091639,91.6054
NEG0316,negverify,hearing,0,0,full,0.01091639,91.6054
NEG0316,negverify,respiratory,0,0,full,0.01091639,91.6054
NEG0316,negverify,bowel,0,0,full,0.01091639,91.6054
NEG0316,negverify,urinary,0,0,full,0.01091639,91.6054
NEG0316,negverify,sexual_reproductive,0,0,full,0.01091639,91.6054
NEG0316,negverify,limb_lymphedema,0,0,full,0.01091639,91.6054
NEG0316,negverify,visual,0,0,full,0.01091639,91.6054
NEG0317,negverify,cognition,0,0,full,0.01091639,91.6054
NEG0317,negverify,neuropathy,0,0,full,0.01091639,91.6054
NEG0317,negverify,fatigue,0,0,full,0.01091639,91.6054
NEG0317,negverify,pain,0,0,full,0.01091639,91.6054
NEG0317,negverify,physical_function,0,0,full,0.01091639,91.6054
NEG0317,negverify,swallowing,0,0,full,0.01091639,91.6054
NEG0317,negverify,speech_voice,0,0,full,0.01091639,91.6054
NEG0317,negverify,hearing,0,0,full,0.01091639,91.6054
NEG0317,negverify,respiratory,0,0,full,0.01091639,91.6054
NEG0317,negverify,bowel,0,0,full,0.01091639,91.6054
NEG0317,negverify,urinary,0,0,full,0.01091639,91.6054
NEG0317,negverify,sexual_reproductive,0,0,full,0.01091639,91.6054
NEG0317,negverify,limb_lymphedema,0,0,full,0.01091639,91.6054
NEG0317,negverify,visual,0,0,full,0.01091639,91.6054
NEG0318,negverify,cognition,0,0,full,0.01091639,91.6054
NEG0318,negverify,neuropathy,0,0,full,0.01091639,91.6054
NEG0318,negverify,fatigue,0,0,full,0.01091639,91.6054
NEG0318,negverify,pain,0,0,full,0.01091639,91.6054
NEG0318,negverify,physical_function,0,0,full,0.01091639,91.6054
NEG0318,negverify,swallowing,0,0,full,0.01091639,91.6054
NEG0318,negverify,speech_voice,0,0,full,0.01091639,91.6054
NEG0318,negverify,hearing,0,0,full,0.01091639,91.6054
NEG0318,negverify,respiratory,0,0,full,0.01091639,91.6054
NEG0318,negverify,bowel,0,0,full,0.01091639,91.6054
NEG0318,negverify,urinary,0,0,full,0.01091639,91.6054
NEG0318,negverify,sexual_reproductive,0,0,full,0.01091639,91.6054
NEG0318,negverify,limb_lymphedema,0,0,full,0.01091639,91.6054
NEG0318,negverify,visual,0,0,full,0.01091639,91.6054
NEG0319,negverify,cognition,0,0,truncated,0.01091639,91.6054
NEG0319,negverify,neuropathy,0,0,truncated,0.01091639,91.6054
NEG0319,negverify,fatigue,0,0,truncated,0.01091639,91.6054
NEG0319,negverify,pain,0,0,truncated,0.01091639,91.6054
NEG0319,negverify,physical_function,0,0,truncated,0.01091639,91.6054
NEG0319,negverify,swallowing,0,0,truncated,0.01091639,91.6054
NEG0319,negverify,speech_voice,0,0,truncated,0.01091639,91.6054
NEG0319,negverify,hearing,0,0,truncated,0.01091639,91.6054
NEG0319,negverify,respiratory,0,0,truncated,0.01091639,91.6054
NEG0319,negverify,bowel,0,0,truncated,0.01091639,91.6054
NEG0319,negverify,urinary,0,0,truncated,0.01091639,91.6054
NEG0319,negverify,sexual_reproductive,0,0,truncated,0.01091639,91.6054
NEG0319,negverify,limb_lymphedema,0,0,truncated,0.01091639,91.6054
NEG0319,negverify,visual,0,0,truncated,0.01091639,91.6054
NEG0320,negverify,cognition,0,0,full,0.01091639,91.6054
NEG0320,negverify,neuropathy,0,0,full,0.01091639,91.6054
NEG0320,negverify,fatigue,0,0,full,0.01091639,91.6054
NEG0320,negverify,pain,0,0,full,0.01091639,91.6054
NEG0320,negverify,physical_function,0,0,full,0.01091639,91.6054
NEG0320,negverify,swallowing,0,0,full,0.01091639,91.6054
NEG0320,negverify,speech_voice,0,0,full,0.01091639,91.6054
NEG0320,negverify,hearing,0,0,full,0.01091639,91.6054
NEG0320,negverify,respiratory,0,0,full,0.01091639,91.6054
NEG0320,negverify,bowel,0,0,full,0.01091639,91.6054
NEG0320,negverify,urinary,0,0,full,0.01091639,91.6054
NEG0320,negverify,sexual_reproductive,0,0,full,0.01091639,91.6054
NEG0320,negverify,limb_lymphedema,0,0,full,0.01091639,91.6054
NEG0320,negverify,visual,0,0,full,0.01091639,91.6054
NEG0321,negverify,cognition,0,0,full,0.01091639,91.6054
NEG0321,negverify,neuropathy,0,0,full,0.01091639,91.6054
NEG0321,negverify,fatigue,0,0,full,0.01091639,91.6054
NEG0321,negverify,pain,0,0,full,0.01091639,91.6054
NEG0321,negverify,physical_function,0,0,full,0.01091639,91.6054
NEG0321,negverify,swallowing,0,0,full,0.01091639,91.6054
NEG0321,negverify,speech_voice,0,0,full,0.01091639,91.6054
NEG0321,negverify,hearing,0,0,full,0.01091639,91.6054
NEG0321,negverify,respiratory,0,0,full,0.01091639,91.6054
NEG0321,negverify,bowel,0,0,full,0.01091639,91.6054
NEG0321,negverify,urinary,0,0,full,0.01091639,91.6054
NEG0321,negverify,sexual_reproductive,0,0,full,0.01091639,91.6054
NEG0321,negverify,limb_lymphedema,0,0,full,0.01091639,91.6054
NEG0321,negverify,visual,0,0,full,0.01091639,91.6054
NEG0322,negverify,cognition,0,0,truncated,0.01091639,91.6054
NEG0322,negverify,neuropathy,0,0,truncated,0.01091639,91.6054
NEG0322,negverify,fatigue,0,0,truncated,0.01091639,91.6054
NEG0322,negverify,pain,0,0,truncated,0.01091639,91.6054
NEG0322,negverify,physical_function,0,0,truncated,0.01091639,91.6054
NEG0322,negverify,swallowing,0,0,truncated,0.01091639,91.6054
NEG0322,negverify,speech_voice,0,0,truncated,0.01091639,91.6054
NEG0322,negverify,hearing,0,0,truncated,0.01091639,91.6054
NEG0322,negverify,respiratory,0,0,truncated,0.01091639,91.6054
NEG0322,negverify,bowel,0,0,truncated,0.01091639,91.6054
NEG0322,negverify,urinary,0,0,truncated,0.01091639,91.6054
NEG0322,negverify,sexual_reproductive,0,0,truncated,0.01091639,91.6054
NEG0322,negverify,limb_lymphedema,0,0,truncated,0.01091639,91.6054
NEG0322,negverify,visual,0,0,truncated,0.01091639,91.6054
NEG0323,negverify,cognition,0,0,full,0.01091639,91.6054
NEG0323,negverify,neuropathy,0,0,full,0.01091639,91.6054
NEG0323,negverify,fatigue,0,0,full,0.01091639,91.6054
NEG0323,negverify,pain,0,0,full,0.01091639,91.6054
NEG0323,negverify,physical_function,0,0,full,0.01091639,91.6054
NEG0323,negverify,swallowing,0,0,full,0.01091639,91.6054
NEG0323,negverify,speech_voice,0,0,full,0.01091639,91.6054
NEG0323,negverify,hearing,0,0,full,0.01091639,91.6054
NEG0323,negverify,respiratory,0,0,full,0.01091639,91.6054
NEG0323,negverify,bowel,0,0,full,0.01091639,91.6054
NEG0323,negverify,urinary,0,0,full,0.01091639,91.6054
NEG0323,negverify,sexual_reproductive,0,0,full,0.01091639,91.6054
NEG0323,negverify,limb_lymphedema,0,0,full,0.01091639,91.6054
NEG0323,negverify,visual,0,0,full,0.01091639,91.6054
NEG0324,negverify,cognition,0,0,full,0.01091639,91.6054
NEG0324,negverify,neuropathy,0,0,full,0.01091639,91.6054
NEG0324,negverify,fatigue,0,0,full,0.01091639,91.6054
NEG0324,negverify,pain,0,0,full,0.01091639,91.6054
NEG0324,negverify,physical_function,0,0,full,0.01091639,91.6054
NEG0324,negverify,swallowing,0,0,full,0.01091639,91.6054
NEG0324,negverify,speech_voice,0,0,full,0.01091639,91.6054
NEG0324,negverify,hearing,0,0,full,0.01091639,91.6054
NEG0324,negverify,respiratory,0,0,full,0.01091639,91.6054
NEG0324,negverify,bowel,0,0,full,0.01091639,91.6054
NEG0324,negverify,urinary,0,0,full,0.01091639,91.6054
NEG0324,negverify,sexual_reproductive,0,0,full,0.01091639,91.6054
NEG0324,negverify,limb_lymphedema,0,0,full,0.01091639,91.6054
NEG0324,negverify,visual,0,0,full,0.01091639,91.6054
NEG0325,negverify,cognition,0,0,full,0.01091639,91.6054
NEG0325,negverify,neuropathy,0,0,full,0.01091639,91.6054
NEG0325,negverify,fatigue,0,0,full,0.01091639,91.6054
NEG0325,negverify,pain,0,0,full,0.01091639,91.6054
NEG0325,negverify,physical_function,0,0,full,0.01091639,91.6054
NEG0325,negverify,swallowing,0,0,full,0.01091639,91.6054
NEG0325,negverify,speech_voice,0,0,full,0.01091639,91.6054
NEG0325,negverify,hearing,0,0,full,0.01091639,91.6054
NEG0325,negverify,respiratory,0,0,full,0.01091639,91.6054
NEG0325,negverify,bowel,0,0,full,0.01091639,91.6054
NEG0325,negverify,urinary,0,0,full,0.01091639,91.6054
NEG0325,negverify,sexual_reproductive,0,0,full,0.01091639,91.6054
NEG0325,negverify,limb_lymphedema,0,0,full,0.01091639,91.6054
NEG0325,negverify,visual,0,0,full,0.01091639,91.6054
NEG0326,negverify,cognition,0,0,full,0.01091639,91.6054
NEG0326,negverify,neuropathy,0,0,full,0.01091639,91.6054
NEG0326,negverify,fatigue,0,0,full,0.01091639,91.6054
NEG0326,negverify,pain,0,0,full,0.01091639,91.6054
NEG0326,negverify,physical_function,0,0,full,0.01091639,91.6054
NEG0326,negverify,swallowing,0,0,full,0.01091639,91.6054
NEG0326,negverify,speech_voice,0,0,full,0.01091639,91.6054
NEG0326,negverify,hearing,0,0,full,0.01091639,91.6054
NEG0326,negverify,respiratory,0,0,full,0.01091639,91.6054
NEG0326,negverify,bowel,0,0,full,0.01091639,91.6054
NEG0326,negverify,urinary,0,0,full,0.01091639,91.6054
NEG0326,negverify,sexual_reproductive,0,0,full,0.01091639,91.6054
NEG0326,negverify,limb_lymphedema,0,0,full,0.01091639,91.6054
NEG0326,negverify,visual,0,0,full,0.01091639,91.6054
NEG0327,negverify,cognition,0,0,full,0.01091639,91.6054
NEG0327,negverify,neuropathy,0,0,full,0.01091639,91.6054
NEG0327,negverify,fatigue,0,0,full,0.01091639,91.6054
NEG0327,negverify,pain,0,0,full,0.01091639,91.6054
NEG0327,negverify,physical_function,0,0,full,0.01091639,91.6054
NEG0327,negverify,swallowing,0,0,full,0.01091639,91.6054
NEG0327,negverify,speech_voice,0,0,full,0.01091639,91.6054
NEG0327,negverify,hearing,0,0,full,0.01091639,91.6054
NEG0327,negverify,respiratory,0,0,full,0.01091639,91.6054
NEG0327,negverify,bowel,0,0,full,0.01091639,91.6054
NEG0327,negverify,urinary,0,0,full,0.01091639,91.6054
NEG0327,negverify,sexual_reproductive,0,0,full,0.01091639,91.6054
NEG0327,negverify,limb_lymphedema,0,0,full,0.01091639,91.6054
NEG0327,negverify,visual,0,0,full,0.01091639,91.6054
NEG0328,negverify,cognition,0,0,full,0.01091639,91.6054
NEG0328,negverify,neuropathy,0,0,full,0.01091639,91.6054
NEG0328,negverify,fatigue,0,0,full,0.01091639,91.6054
NEG0328,negverify,pain,0,0,full,0.01091639,91.6054
NEG0328,negverify,physical_function,0,0,full,0.01091639,91.6054
NEG0328,negverify,swallowing,0,0,full,0.01091639,91.6054
NEG0328,negverify,speech_voice,0,0,full,0.01091639,91.6054
NEG0328,negverify,hearing,0,0,full,0.01091639,91.6054
NEG0328,negverify,respiratory,0,0,full,0.01091639,91.6054
NEG0328,negverify,bowel,0,0,full,0.01091639,91.6054
NEG0328,negverify,urinary,0,0,full,0.01091639,91.6054
NEG0328,negverify,sexual_reproductive,0,0,full,0.01091639,91.6054
NEG0328,negverify,limb_lymphedema,0,0,full,0.01091639,91.6054
NEG0328,negverify,visual,0,0,full,0.01091639,91.6054
NEG0329,negverify,cognition,0,0,full,0.01091639,91.6054
NEG0329,negverify,neuropathy,0,0,full,0.01091639,91.6054
NEG0329,negverify,fatigue,0,0,full,0.01091639,91.6054
NEG0329,negverify,pain,0,0,full,0.01091639,91.6054
NEG0329,negverify,physical_function,0,0,full,0.01091639,91.6054
NEG0329,negverify,swallowing,0,0,full,0.01091639,91.6054
NEG0329,negverify,speech_voice,0,0,full,0.01091639,91.6054
NEG0329,negverify,hearing,0,0,full,0.01091639,91.6054
NEG0329,negverify,respiratory,0,0,full,0.01091639,91.6054
NEG0329,negverify,bowel,0,0,full,0.01091639,91.6054
NEG0329,negverify,urinary,0,0,full,0.01091639,91.6054
NEG0329,negverify,sexual_reproductive,0,0,full,0.01091639,91.6054
NEG0329,negverify,limb_lymphedema,0,0,full,0.01091639,91.6054
NEG0329,negverify,visual,0,0,full,0.01091639,91.6054
NEG0330,negverify,cognition,0,0,full,0.01091639,91.6054
NEG0330,negverify,neuropathy,0,0,full,0.01091639,91.6054
NEG0330,negverify,fatigue,0,0,full,0.01091639,91.6054
NEG0330,negverify,pain,0,0,full,0.01091639,91.6054
NEG0330,negverify,physical_function,0,0,full,0.01091639,91.6054
NEG0330,negverify,swallowing,0,0,full,0.01091639,91.6054
NEG0330,negverify,speech_voice,0,0,full,0.01091639,91.6054
NEG0330,negverify,hearing,0,0,full,0.01091639,91.6054
NEG0330,negverify,respiratory,0,0,full,0.01091639,91.6054
NEG0330,negverify,bowel,0,0,full,0.01091639,91.6054
NEG0330,negverify,urinary,0,0,full,0.01091639,91.6054
NEG0330,negverify,sexual_reproductive,0,0,full,0.01091639,91.6054
NEG0330,negverify,limb_lymphedema,0,0,full,0.01091639,91.6054
NEG0330,negverify,visual,0,0,full,0.01091639,91.6054
NEG0331,negverify,cognition,0,0,full,0.01091639,91.6054
NEG0331,negverify,neuropathy,0,0,full,0.01091639,91.6054
NEG0331,negverify,fatigue,0,0,full,0.01091639,91.6054
NEG0331,negverify,pain,0,0,full,0.01091639,91.6054
NEG0331,negverify,physical_function,0,0,full,0.01091639,91.6054
NEG0331,negverify,swallowing,0,0,full,0.01091639,91.6054
NEG0331,negverify,speech_voice,0,0,full,0.01091639,91.6054
NEG0331,negverify,hearing,0,0,full,0.01091639,91.6054
NEG0331,negverify,respiratory,0,0,full,0.01091639,91.6054
NEG0331,negverify,bowel,0,0,full,0.01091639,91.6054
NEG0331,negverify,urinary,0,0,full,0.01091639,91.6054
NEG0331,negverify,sexual_reproductive,0,0,full,0.01091639,91.6054
NEG0331,negverify,limb_lymphedema,0,0,full,0.01091639,91.6054
NEG0331,negverify,visual,0,0,full,0.01091639,91.6054
NEG0332,negverify,cognition,0,0,full,0.01091639,91.6054
NEG0332,negverify,neuropathy,0,0,full,0.01091639,91.6054
NEG0332,negverify,fatigue,0,0,full,0.01091639,91.6054
NEG0332,negverify,pain,0,0,full,0.01091639,91.6054
NEG0332,negverify,physical_function,0,0,full,0.01091639,91.6054
NEG0332,negverify,swallowing,0,0,full,0.01091639,91.6054
NEG0332,negverify,speech_voice,0,0,full,0.01091639,91.6054
NEG0332,negverify,hearing,0,0,full,0.01091639,91.6054
NEG0332,negverify,respiratory,0,0,full,0.01091639,91.6054
NEG0332,negverify,bowel,0,0,full,0.01091639,91.6054
NEG0332,negverify,urinary,0,0,full,0.01091639,91.6054
NEG0332,negverify,sexual_reproductive,0,0,full,0.01091639,91.6054
NEG0332,negverify,limb_lymphedema,0,0,full,0.01091639,91.6054
NEG0332,negverify,visual,0,0,full,0.01091639,91.6054
NEG0333,negverify,cognition,0,0,full,0.01091639,91.6054
NEG0333,negverify,neuropathy,0,0,full,0.01091639,91.6054
NEG0333,negverify,fatigue,0,0,full,0.01091639,91.6054
NEG0333,negverify,pain,0,0,full,0.01091639,91.6054
NEG0333,negverify,physical_function,0,0,full,0.01091639,91.6054
NEG0333,negverify,swallowing,0,0,full,0.01091639,91.6054
NEG0333,negverify,speech_voice,0,0,full,0.01091639,91.6054
NEG0333,negverify,hearing,0,0,full,0.01091639,91.6054
NEG0333,negverify,respiratory,0,0,full,0.01091639,91.6054
NEG0333,negverify,bowel,0,0,full,0.01091639,91.6054
NEG0333,negverify,urinary,0,0,full,0.01091639,91.6054
NEG0333,negverify,sexual_reproductive,0,0,full,0.01091639,91.6054
NEG0333,negverify,limb_lymphedema,0,0,full,0.01091639,91.6054
NEG0333,negverify,visual,0,0,full,0.01091639,91.6054
NEG0334,negverify,cognition,0,0,full,0.01091639,91.6054
NEG0334,negverify,neuropathy,0,0,full,0.01091639,91.6054
NEG0334,negverify,fatigue,0,0,full,0.01091639,91.6054
NEG0334,negverify,pain,0,0,full,0.01091639,91.6054
NEG0334,negverify,physical_function,0,0,full,0.01091639,91.6054
NEG0334,negverify,swallowing,0,0,full,0.01091639,91.6054
NEG0334,negverify,speech_voice,0,0,full,0.01091639,91.6054
NEG0334,negverify,hearing,0,0,full,0.01091639,91.6054
NEG0334,negverify,respiratory,0,0,full,0.01091639,91.6054
NEG0334,negverify,bowel,0,0,full,0.01091639,91.6054
NEG0334,negverify,urinary,0,0,full,0.01091639,91.6054
NEG0334,negverify,sexual_reproductive,0,0,full,0.01091639,91.6054
NEG0334,negverify,limb_lymphedema,0,0,full,0.01091639,91.6054
NEG0334,negverify,visual,0,0,full,0.01091639,91.6054
NEG0335,negverify,cognition,0,0,full,0.01091639,91.6054
NEG0335,negverify,neuropathy,0,0,full,0.01091639,91.6054
NEG0335,negverify,fatigue,0,0,full,0.01091639,91.6054
NEG0335,negverify,pain,0,0,full,0.01091639,91.6054
NEG0335,negverify,physical_function,0,0,full,0.01091639,91.6054
NEG0335,negverify,swallowing,0,0,full,0.01091639,91.6054
NEG0335,negverify,speech_voice,0,0,full,0.01091639,91.6054
NEG0335,negverify,hearing,0,0,full,0.01091639,91.6054
NEG0335,negverify,respiratory,0,0,full,0.01091639,91.6054
NEG0335,negverify,bowel,0,0,full,0.01091639,91.6054
NEG0335,negverify,urinary,0,0,full,0.01091639,91.6054
NEG0335,negverify,sexual_reproductive,0,0,full,0.01091639,91.6054
NEG0335,negverify,limb_lymphedema,0,0,full,0.01091639,91.6054
NEG0335,negverify,visual,0,0,full,0.01091639,91.6054
NEG0336,negverify,cognition,0,0,full,0.01091639,91.6054
NEG0336,negverify,neuropathy,0,0,full,0.01091639,91.6054
NEG0336,negverify,fatigue,0,0,full,0.01091639,91.6054
NEG0336,negverify,pain,0,0,full,0.01091639,91.6054
NEG0336,negverify,physical_function,0,0,full,0.01091639,91.6054
NEG0336,negverify,swallowing,0,0,full,0.01091639,91.6054
NEG0336,negverify,speech_voice,0,0,full,0.01091639,91.6054
NEG0336,negverify,hearing,0,0,full,0.01091639,91.6054
NEG0336,negverify,respiratory,0,0,full,0.01091639,91.6054
NEG0336,negverify,bowel,0,0,full,0.01091639,91.6054
NEG0336,negverify,urinary,0,0,full,0.01091639,91.6054
NEG0336,negverify,sexual_reproductive,0,0,full,0.01091639,91.6054
NEG0336,negverify,limb_lymphedema,0,0,full,0.01091639,91.6054
NEG0336,negverify,visual,0,0,full,0.01091639,91.6054
NEG0337,negverify,cognition,0,0,full,0.01091639,91.6054
NEG0337,negverify,neuropathy,0,0,full,0.01091639,91.6054
NEG0337,negverify,fatigue,0,0,full,0.01091639,91.6054
NEG0337,negverify,pain,0,0,full,0.01091639,91.6054
NEG0337,negverify,physical_function,0,0,full,0.01091639,91.6054
NEG0337,negverify,swallowing,0,0,full,0.01091639,91.6054
NEG0337,negverify,speech_voice,0,0,full,0.01091639,91.6054
NEG0337,negverify,hearing,0,0,full,0.01091639,91.6054
NEG0337,negverify,respiratory,0,0,full,0.01091639,91.6054
NEG0337,negverify,bowel,0,0,full,0.01091639,91.6054
NEG0337,negverify,urinary,0,0,full,0.01091639,91.6054
NEG0337,negverify,sexual_reproductive,0,0,full,0.01091639,91.6054
NEG0337,negverify,limb_lymphedema,0,0,full,0.01091639,91.6054
NEG0337,negverify,visual,0,0,full,0.01091639,91.6054
NEG0338,negverify,cognition,0,0,full,0.01091639,91.6054
NEG0338,negverify,neuropathy,0,0,full,0.01091639,91.6054
NEG0338,negverify,fatigue,0,0,full,0.01091639,91.6054
NEG0338,negverify,pain,0,0,full,0.01091639,91.6054
NEG0338,negverify,physical_function,0,0,full,0.01091639,91.6054
NEG0338,negverify,swallowing,0,0,full,0.01091639,91.6054
NEG0338,negverify,speech_voice,0,0,full,0.01091639,91.6054
NEG0338,negverify,hearing,0,0,full,0.01091639,91.6054
NEG0338,negverify,respiratory,0,0,full,0.01091639,91.6054
NEG0338,negverify,bowel,0,0,full,0.01091639,91.6054
NEG0338,negverify,urinary,0,0,full,0.01091639,91.6054
NEG0338,negverify,sexual_reproductive,0,0,full,0.01091639,91.6054
NEG0338,negverify,limb_lymphedema,0,0,full,0.01091639,91.6054
NEG0338,negverify,visual,0,0,full,0.01091639,91.6054
NEG0339,negverify,cognition,0,0,truncated,0.01091639,91.6054
NEG0339,negverify,neuropathy,0,0,truncated,0.01091639,91.6054
NEG0339,negverify,fatigue,0,0,truncated,0.01091639,91.6054
NEG0339,negverify,pain,0,0,truncated,0.01091639,91.6054
NEG0339,negverify,physical_function,0,0,truncated,0.01091639,91.6054
NEG0339,negverify,swallowing,0,0,truncated,0.01091639,91.6054
NEG0339,negverify,speech_voice,0,0,truncated,0.01091639,91.6054
NEG0339,negverify,hearing,0,0,truncated,0.01091639,91.6054
NEG0339,negverify,respiratory,0,0,truncated,0.01091639,91.6054
NEG0339,negverify,bowel,0,0,truncated,0.01091639,91.6054
NEG0339,negverify,urinary,0,0,truncated,0.01091639,91.6054
NEG0339,negverify,sexual_reproductive,0,0,truncated,0.01091639,91.6054
NEG0339,negverify,limb_lymphedema,0,0,truncated,0.01091639,91.6054
NEG0339,negverify,visual,0,0,truncated,0.01091639,91.6054
NEG0340,negverify,cognition,0,0,full,0.01091639,91.6054
NEG0340,negverify,neuropathy,0,0,full,0.01091639,91.6054
NEG0340,negverify,fatigue,0,0,full,0.01091639,91.6054
NEG0340,negverify,pain,0,0,full,0.01091639,91.6054
NEG0340,negverify,physical_function,0,0,full,0.01091639,91.6054
NEG0340,negverify,swallowing,0,0,full,0.01091639,91.6054
NEG0340,negverify,speech_voice,0,0,full,0.01091639,91.6054
NEG0340,negverify,hearing,0,0,full,0.01091639,91.6054
NEG0340,negverify,respiratory,0,0,full,0.01091639,91.6054
NEG0340,negverify,bowel,0,0,full,0.01091639,91.6054
NEG0340,negverify,urinary,0,0,full,0.01091639,91.6054
NEG0340,negverify,sexual_reproductive,0,0,full,0.01091639,91.6054
NEG0340,negverify,limb_lymphedema,0,0,full,0.01091639,91.6054
NEG0340,negverify,visual,0,0,full,0.01091639,91.6054
NEG0341,negverify,cognition,0,0,full,0.01091639,91.6054
NEG0341,negverify,neuropathy,0,0,full,0.01091639,91.6054
NEG0341,negverify,fatigue,0,0,full,0.01091639,91.6054
NEG0341,negverify,pain,0,0,full,0.01091639,91.6054
NEG0341,negverify,physical_function,0,0,full,0.01091639,91.6054
NEG0341,negverify,swallowing,0,0,full,0.01091639,91.6054
NEG0341,negverify,speech_voice,0,0,full,0.01091639,91.6054
NEG0341,negverify,hearing,0,0,full,0.01091639,91.6054
NEG0341,negverify,respiratory,0,0,full,0.01091639,91.6054
NEG0341,negverify,bowel,0,0,full,0.01091639,91.6054
NEG0341,negverify,urinary,0,0,full,0.01091639,91.6054
NEG0341,negverify,sexual_reproductive,0,0,full,0.01091639,91.6054
NEG0341,negverify,limb_lymphedema,0,0,full,0.01091639,91.6054
NEG0341,negverify,visual,0,0,full,0.01091639,91.6054
NEG0342,negverify,cognition,0,0,truncated,0.01091639,91.6054
NEG0342,negverify,neuropathy,0,0,truncated,0.01091639,91.6054
NEG0342,negverify,fatigue,0,0,truncated,0.01091639,91.6054
NEG0342,negverify,pain,0,0,truncated,0.01091639,91.6054
NEG0342,negverify,physical_function,0,0,truncated,0.01091639,91.6054
NEG0342,negverify,swallowing,0,0,truncated,0.01091639,91.6054
NEG0342,negverify,speech_voice,0,0,truncated,0.01091639,91.6054
NEG0342,negverify,hearing,0,0,truncated,0.01091639,91.6054
NEG0342,negverify,respiratory,0,0,truncated,0.01091639,91.6054
NEG0342,negverify,bowel,0,0,truncated,0.01091639,91.6054
NEG0342,negverify,urinary,0,0,truncated,0.01091639,91.6054
NEG0342,negverify,sexual_reproductive,0,0,truncated,0.01091639,91.6054
NEG0342,negverify,limb_lymphedema,0,0,truncated,0.01091639,91.6054
NEG0342,negverify,visual,0,0,truncated,0.01091639,91.6054
NEG0343,negverify,cognition,0,0,full,0.01091639,91.6054
NEG0343,negverify,neuropathy,0,0,full,0.01091639,91.6054
NEG0343,negverify,fatigue,0,0,full,0.01091639,91.6054
NEG0343,negverify,pain,0,0,full,0.01091639,91.6054
NEG0343,negverify,physical_function,0,0,full,0.01091639,91.6054
NEG0343,negverify,swallowing,0,0,full,0.01091639,91.6054
NEG0343,negverify,speech_voice,0,0,full,0.01091639,91.6054
NEG0343,negverify,hearing,0,0,full,0.01091639,91.6054
NEG0343,negverify,respiratory,0,0,full,0.01091639,91.6054
NEG0343,negverify,bowel,0,0,full,0.01091639,91.6054
NEG0343,negverify,urinary,0,0,full,0.01091639,91.6054
NEG0343,negverify,sexual_reproductive,0,0,full,0.01091639,91.6054
NEG0343,negverify,limb_lymphedema,0,0,full,0.01091639,91.6054
NEG0343,negverify,visual,0,0,full,0.01091639,91.6054
NEG0344,negverify,cognition,0,0,full,0.01091639,91.6054
NEG0344,negverify,neuropathy,0,0,full,0.01091639,91.6054
NEG0344,negverify,fatigue,0,0,full,0.01091639,91.6054
NEG0344,negverify,pain,0,0,full,0.01091639,91.6054
NEG0344,negverify,physical_function,0,0,full,0.01091639,91.6054
NEG0344,negverify,swallowing,0,0,full,0.01091639,91.6054
NEG0344,negverify,speech_voice,0,0,full,0.01091639,91.6054
NEG0344,negverify,hearing,0,0,full,0.01091639,91.6054
NEG0344,negverify,respiratory,0,0,full,0.01091639,91.6054
NEG0344,negverify,bowel,0,0,full,0.01091639,91.6054
NEG0344,negverify,urinary,0,0,full,0.01091639,91.6054
NEG0344,negverify,sexual_reproductive,0,0,full,0.01091639,91.6054
NEG0344,negverify,limb_lymphedema,0,0,full,0.01091639,91.6054
NEG0344,negverify,visual,0,0,full,0.01091639,91.6054
NEG0345,negverify,cognition,0,0,full,0.01091639,91.6054
NEG0345,negverify,neuropathy,0,0,full,0.01091639,91.6054
NEG0345,negverify,fatigue,0,0,full,0.01091639,91.6054
NEG0345,negverify,pain,0,0,full,0.01091639,91.6054
NEG0345,negverify,physical_function,0,0,full,0.01091639,91.6054
NEG0345,negverify,swallowing,0,0,full,0.01091639,91.6054
NEG0345,negverify,speech_voice,0,0,full,0.01091639,91.6054
NEG0345,negverify,hearing,0,0,full,0.01091639,91.6054
NEG0345,negverify,respiratory,0,0,full,0.01091639,91.6054
NEG0345,negverify,bowel,0,0,full,0.01091639,91.6054
NEG0345,negverify,urinary,0,0,full,0.01091639,91.6054
NEG0345,negverify,sexual_reproductive,0,0,full,0.01091639,91.6054
NEG0345,negverify,limb_lymphedema,0,0,full,0.01091639,91.6054
NEG0345,negverify,visual,0,0,full,0.01091639,91.6054
NEG0346,negverify,cognition,0,0,full,0.01091639,91.6054
NEG0346,negverify,neuropathy,0,0,full,0.01091639,91.6054
NEG0346,negverify,fatigue,0,0,full,0.01091639,91.6054
NEG0346,negverify,pain,0,0,full,0.01091639,91.6054
NEG0346,negverify,physical_function,0,0,full,0.01091639,91.6054
NEG0346,negverify,swallowing,0,0,full,0.01091639,91.6054
NEG0346,negverify,speech_voice,0,0,full,0.01091639,91.6054
NEG0346,negverify,hearing,0,0,full,0.01091639,91.6054
NEG0346,negverify,respiratory,0,0,full,0.01091639,91.6054
NEG0346,negverify,bowel,0,0,full,0.01091639,91.6054
NEG0346,negverify,urinary,0,0,full,0.01091639,91.6054
NEG0346,negverify,sexual_reproductive,0,0,full,0.01091639,91.6054
NEG0346,negverify,limb_lymphedema,0,0,full,0.01091639,91.6054
NEG0346,negverify,visual,0,0,full,0.01091639,91.6054
NEG0347,negverify,cognition,0,0,full,0.01091639,91.6054
NEG0347,negverify,neuropathy,0,0,full,0.01091639,91.6054
NEG0347,negverify,fatigue,0,0,full,0.01091639,91.6054
NEG0347,negverify,pain,0,0,full,0.01091639,91.6054
NEG0347,negverify,physical_function,0,0,full,0.01091639,91.6054
NEG0347,negverify,swallowing,0,0,full,0.01091639,91.6054
NEG0347,negverify,speech_voice,0,0,full,0.01091639,91.6054
NEG0347,negverify,hearing,0,0,full,0.01091639,91.6054
NEG0347,negverify,respiratory,0,0,full,0.01091639,91.6054
NEG0347,negverify,bowel,0,1,full,0.01091639,91.6054
NEG0347,negverify,urinary,0,0,full,0.01091639,91.6054
NEG0347,negverify,sexual_reproductive,0,0,full,0.01091639,91.6054
NEG0347,negverify,limb_lymphedema,0,0,full,0.01091639,91.6054
NEG0347,negverify,visual,0,0,full,0.01091639,91.6054
NEG0348,negverify,cognition,0,0,full,0.01091639,91.6054
NEG0348,negverify,neuropathy,0,0,full,0.01091639,91.6054
NEG0348,negverify,fatigue,0,0,full,0.01091639,91.6054
NEG0348,negverify,pain,0,0,full,0.01091639,91.6054
NEG0348,negverify,physical_function,0,0,full,0.01091639,91.6054
NEG0348,negverify,swallowing,0,0,full,0.01091639,91.6054
NEG0348,negverify,speech_voice,0,0,full,0.01091639,91.6054
NEG0348,negverify,hearing,0,0,full,0.01091639,91.6054
NEG0348,negverify,respiratory,0,0,full,0.01091639,91.6054
NEG0348,negverify,bowel,0,0,full,0.01091639,91.6054
NEG0348,negverify,urinary,0,0,full,0.01091639,91.6054
NEG0348,negverify,sexual_reproductive,0,0,full,0.01091639,91.6054
NEG0348,negverify,limb_lymphedema,0,0,full,0.01091639,91.6054
NEG0348,negverify,visual,0,0,full,0.01091639,91.6054
NEG0349,negverify,cognition,0,0,full,0.01091639,91.6054
NEG0349,negverify,neuropathy,0,0,full,0.01091639,91.6054
NEG0349,negverify,fatigue,0,0,full,0.01091639,91.6054
NEG0349,negverify,pain,0,0,full,0.01091639,91.6054
NEG0349,negverify,physical_function,0,0,full,0.01091639,91.6054
NEG0349,negverify,swallowing,0,0,full,0.01091639,91.6054
NEG0349,negverify,speech_voice,0,0,full,0.01091639,91.6054
NEG0349,negverify,hearing,0,0,full,0.01091639,91.6054
NEG0349,negverify,respiratory,0,0,full,0.01091639,91.6054
NEG0349,negverify,bowel,0,0,full,0.01091639,91.6054
NEG0349,negverify,urinary,0,0,full,0.01091639,91.6054
NEG0349,negverify,sexual_reproductive,0,0,full,0.01091639,91.6054
NEG0349,negverify,limb_lymphedema,0,0,full,0.01091639,91.6054
NEG0349,negverify,visual,0,0,full,0.01091639,91.6054
NEG0350,negverify,cognition,0,0,full,0.01091639,91.6054
NEG0350,negverify,neuropathy,0,0,full,0.01091639,91.6054
NEG0350,negverify,fatigue,0,0,full,0.01091639,91.6054
NEG0350,negverify,pain,0,0,full,0.01091639,91.6054
NEG0350,negverify,physical_function,0,0,full,0.01091639,91.6054
NEG0350,negverify,swallowing,0,0,full,0.01091639,91.6054
NEG0350,negverify,speech_voice,0,0,full,0.01091639,91.6054
NEG0350,negverify,hearing,0,0,full,0.01091639,91.6054
NEG0350,negverify,respiratory,0,0,full,0.01091639,91.6054
NEG0350,negverify,bowel,0,0,full,0.01091639,91.6054
NEG0350,negverify,urinary,0,0,full,0.01091639,91.6054
NEG0350,negverify,sexual_reproductive,0,0,full,0.01091639,91.6054
NEG0350,negverify,limb_lymphedema,0,0,full,0.01091639,91.6054
NEG0350,negverify,visual,0,0,full,0.01091639,91.6054
NEG0351,negverify,cognition,0,0,full,0.01091639,91.6054
NEG0351,negverify,neuropathy,0,0,full,0.01091639,91.6054
NEG0351,negverify,fatigue,0,0,full,0.01091639,91.6054
NEG0351,negverify,pain,0,0,full,0.01091639,91.6054
NEG0351,negverify,physical_function,0,0,full,0.01091639,91.6054
NEG0351,negverify,swallowing,0,0,full,0.01091639,91.6054
NEG0351,negverify,speech_voice,0,0,full,0.01091639,91.6054
NEG0351,negverify,hearing,0,0,full,0.01091639,91.6054
NEG0351,negverify,respiratory,0,0,full,0.01091639,91.6054
NEG0351,negverify,bowel,0,0,full,0.01091639,91.6054
NEG0351,negverify,urinary,0,0,full,0.01091639,91.6054
NEG0351,negverify,sexual_reproductive,0,0,full,0.01091639,91.6054
NEG0351,negverify,limb_lymphedema,0,0,full,0.01091639,91.6054
NEG0351,negverify,visual,0,0,full,0.01091639,91.6054
NEG0352,negverify,cognition,0,0,full,0.01091639,91.6054
NEG0352,negverify,neuropathy,0,0,full,0.01091639,91.6054
NEG0352,negverify,fatigue,0,0,full,0.01091639,91.6054
NEG0352,negverify,pain,0,0,full,0.01091639,91.6054
NEG0352,negverify,physical_function,0,0,full,0.01091639,91.6054
NEG0352,negverify,swallowing,0,0,full,0.01091639,91.6054
NEG0352,negverify,speech_voice,0,0,full,0.01091639,91.6054
NEG0352,negverify,hearing,0,0,full,0.01091639,91.6054
NEG0352,negverify,respiratory,0,0,full,0.01091639,91.6054
NEG0352,negverify,bowel,0,0,full,0.01091639,91.6054
NEG0352,negverify,urinary,0,0,full,0.01091639,91.6054
NEG0352,negverify,sexual_reproductive,0,0,full,0.01091639,91.6054
NEG0352,negverify,limb_lymphedema,0,0,full,0.01091639,91.6054
NEG0352,negverify,visual,0,0,full,0.01091639,91.6054
NEG0353,negverify,cognition,0,0,full,0.01091639,91.6054
NEG0353,negverify,neuropathy,0,0,full,0.01091639,91.6054
NEG0353,negverify,fatigue,0,0,full,0.01091639,91.6054
NEG0353,negverify,pain,0,0,full,0.01091639,91.6054
NEG0353,negverify,physical_function,0,0,full,0.01091639,91.6054
NEG0353,negverify,swallowing,0,0,full,0.01091639,91.6054
NEG0353,negverify,speech_voice,0,0,full,0.01091639,91.6054
NEG0353,negverify,hearing,0,0,full,0.01091639,91.6054
NEG0353,negverify,respiratory,0,0,full,0.01091639,91.6054
NEG0353,negverify,bowel,0,0,full,0.01091639,91.6054
NEG0353,negverify,urinary,0,0,full,0.01091639,91.6054
NEG0353,negverify,sexual_reproductive,0,0,full,0.01091639,91.6054
NEG0353,negverify,limb_lymphedema,0,0,full,0.01091639,91.6054
NEG0353,negverify,visual,0,0,full,0.01091639,91.6054
NEG0354,negverify,cognition,0,0,full,0.01091639,91.6054
NEG0354,negverify,neuropathy,0,0,full,0.01091639,91.6054
NEG0354,negverify,fatigue,0,0,full,0.01091639,91.6054
NEG0354,negverify,pain,0,0,full,0.01091639,91.6054
NEG0354,negverify,physical_function,0,0,full,0.01091639,91.6054
NEG0354,negverify,swallowing,0,0,full,0.01091639,91.6054
NEG0354,negverify,speech_voice,0,0,full,0.01091639,91.6054
NEG0354,negverify,hearing,0,0,full,0.01091639,91.6054
NEG0354,negverify,respiratory,0,0,full,0.01091639,91.6054
NEG0354,negverify,bowel,0,0,full,0.01091639,91.6054
NEG0354,negverify,urinary,0,0,full,0.01091639,91.6054
NEG0354,negverify,sexual_reproductive,0,0,full,0.01091639,91.6054
NEG0354,negverify,limb_lymphedema,0,0,full,0.01091639,91.6054
NEG0354,negverify,visual,0,0,full,0.01091639,91.6054
NEG0355,negverify,cognition,0,0,full,0.01091639,91.6054
NEG0355,negverify,neuropathy,0,0,full,0.01091639,91.6054
NEG0355,negverify,fatigue,0,0,full,0.01091639,91.6054
NEG0355,negverify,pain,0,0,full,0.01091639,91.6054
NEG0355,negverify,physical_function,0,0,full,0.01091639,91.6054
NEG0355,negverify,swallowing,0,0,full,0.01091639,91.6054
NEG0355,negverify,speech_voice,0,0,full,0.01091639,91.6054
NEG0355,negverify,hearing,0,0,full,0.01091639,91.6054
NEG0355,negverify,respiratory,0,0,full,0.01091639,91.6054
NEG0355,negverify,bowel,0,0,full,0.01091639,91.6054
NEG0355,negverify,urinary,0,0,full,0.01091639,91.6054
NEG0355,negverify,sexual_reproductive,0,0,full,0.01091639,91.6054
NEG0355,negverify,limb_lymphedema,0,0,full,0.01091639,91.6054
NEG0355,negverify,visual,0,0,full,0.01091639,91.6054
NEG0356,negverify,cognition,0,0,full,0.01091639,91.6054
NEG0356,negverify,neuropathy,0,0,full,0.01091639,91.6054
NEG0356,negverify,fatigue,0,0,full,0.01091639,91.6054
NEG0356,negverify,pain,0,0,full,0.01091639,91.6054
NEG0356,negverify,physical_function,0,0,full,0.01091639,91.6054
NEG0356,negverify,swallowing,0,0,full,0.01091639,91.6054
NEG0356,negverify,speech_voice,0,0,full,0.01091639,91.6054
NEG0356,negverify,hearing,0,0,full,0.01091639,91.6054
NEG0356,negverify,respiratory,0,0,full,0.01091639,91.6054
NEG0356,negverify,bowel,0,0,full,0.01091639,91.6054
NEG0356,negverify,urinary,0,0,full,0.01091639,91.6054
NEG0356,negverify,sexual_reproductive,0,0,full,0.01091639,91.6054
NEG0356,negverify,limb_lymphedema,0,0,full,0.01091639,91.6054
NEG0356,negverify,visual,0,0,full,0.01091639,91.6054
NEG0357,negverify,cognition,0,0,truncated,0.01091639,91.6054
NEG0357,negverify,neuropathy,0,0,truncated,0.01091639,91.6054
NEG0357,negverify,fatigue,0,0,truncated,0.01091639,91.6054
NEG0357,negverify,pain,0,0,truncated,0.01091639,91.6054
NEG0357,negverify,physical_function,0,0,truncated,0.01091639,91.6054
NEG0357,negverify,swallowing,0,0,truncated,0.01091639,91.6054
NEG0357,negverify,speech_voice,0,0,truncated,0.01091639,91.6054
NEG0357,negverify,hearing,0,0,truncated,0.01091639,91.6054
NEG0357,negverify,respiratory,0,0,truncated,0.01091639,91.6054
NEG0357,negverify,bowel,0,0,truncated,0.01091639,91.6054
NEG0357,negverify,urinary,0,0,truncated,0.01091639,91.6054
NEG0357,negverify,sexual_reproductive,0,0,truncated,0.01091639,91.6054
NEG0357,negverify,limb_lymphedema,0,0,truncated,0.01091639,91.6054
NEG0357,negverify,visual,0,0,truncated,0.01091639,91.6054
NEG0358,negverify,cognition,0,0,full,0.01091639,91.6054
NEG0358,negverify,neuropathy,0,0,full,0.01091639,91.6054
NEG0358,negverify,fatigue,0,0,full,0.01091639,91.6054
NEG0358,negverify,pain,0,0,full,0.01091639,91.6054
NEG0358,negverify,physical_function,0,0,full,0.01091639,91.6054
NEG0358,negverify,swallowing,0,0,full,0.01091639,91.6054
NEG0358,negverify,speech_voice,0,0,full,0.01091639,91.6054
NEG0358,negverify,hearing,0,0,full,0.01091639,91.6054
NEG0358,negverify,respiratory,0,0,full,0.01091639,91.6054
NEG0358,negverify,bowel,0,0,full,0.01091639,91.6054
NEG0358,negverify,urinary,0,0,full,0.01091639,91.6054
NEG0358,negverify,sexual_reproductive,0,0,full,0.01091639,91.6054
NEG0358,negverify,limb_lymphedema,0,0,full,0.01091639,91.6054
NEG0358,negverify,visual,0,0,full,0.01091639,91.6054
NEG0359,negverify,cognition,0,0,full,0.01091639,91.6054
NEG0359,negverify,neuropathy,0,0,full,0.01091639,91.6054
NEG0359,negverify,fatigue,0,0,full,0.01091639,91.6054
NEG0359,negverify,pain,0,0,full,0.01091639,91.6054
NEG0359,negverify,physical_function,0,0,full,0.01091639,91.6054
NEG0359,negverify,swallowing,0,0,full,0.01091639,91.6054
NEG0359,negverify,speech_voice,0,0,full,0.01091639,91.6054
NEG0359,negverify,hearing,0,0,full,0.01091639,91.6054
NEG0359,negverify,respiratory,0,0,full,0.01091639,91.6054
NEG0359,negverify,bowel,0,0,full,0.01091639,91.6054
NEG0359,negverify,urinary,0,0,full,0.01091639,91.6054
NEG0359,negverify,sexual_reproductive,0,0,full,0.01091639,91.6054
NEG0359,negverify,limb_lymphedema,0,0,full,0.01091639,91.6054
NEG0359,negverify,visual,0,0,full,0.01091639,91.6054
NEG0360,negverify,cognition,0,0,full,0.01091639,91.6054
NEG0360,negverify,neuropathy,0,0,full,0.01091639,91.6054
NEG0360,negverify,fatigue,0,0,full,0.01091639,91.6054
NEG0360,negverify,pain,0,0,full,0.01091639,91.6054
NEG0360,negverify,physical_function,0,0,full,0.01091639,91.6054
NEG0360,negverify,swallowing,0,0,full,0.01091639,91.6054
NEG0360,negverify,speech_voice,0,0,full,0.01091639,91.6054
NEG0360,negverify,hearing,0,0,full,0.01091639,91.6054
NEG0360,negverify,respiratory,0,0,full,0.01091639,91.6054
NEG0360,negverify,bowel,0,0,full,0.01091639,91.6054
NEG0360,negverify,urinary,0,0,full,0.01091639,91.6054
NEG0360,negverify,sexual_reproductive,0,0,full,0.01091639,91.6054
NEG0360,negverify,limb_lymphedema,0,0,full,0.01091639,91.6054
NEG0360,negverify,visual,0,0,full,0.01091639,91.6054
NEG0361,negverify,cognition,0,0,full,0.01091639,91.6054
NEG0361,negverify,neuropathy,0,0,full,0.01091639,91.6054
NEG0361,negverify,fatigue,0,0,full,0.01091639,91.6054
NEG0361,negverify,pain,0,0,full,0.01091639,91.6054
NEG0361,negverify,physical_function,0,0,full,0.01091639,91.6054
NEG0361,negverify,swallowing,0,0,full,0.01091639,91.6054
NEG0361,negverify,speech_voice,0,0,full,0.01091639,91.6054
NEG0361,negverify,hearing,0,0,full,0.01091639,91.6054
NEG0361,negverify,respiratory,0,0,full,0.01091639,91.6054
NEG0361,negverify,bowel,0,0,full,0.01091639,91.6054
NEG0361,negverify,urinary,0,0,full,0.01091639,91.6054
NEG0361,negverify,sexual_reproductive,0,0,full,0.01091639,91.6054
NEG0361,negverify,limb_lymphedema,0,0,full,0.01091639,91.6054
NEG0361,negverify,visual,0,0,full,0.01091639,91.6054
NEG0362,negverify,cognition,0,0,full,0.01091639,91.6054
NEG0362,negverify,neuropathy,0,0,full,0.01091639,91.6054
NEG0362,negverify,fatigue,0,0,full,0.01091639,91.6054
NEG0362,negverify,pain,0,0,full,0.01091639,91.6054
NEG0362,negverify,physical_function,0,0,full,0.01091639,91.6054
NEG0362,negverify,swallowing,0,0,full,0.01091639,91.6054
NEG0362,negverify,speech_voice,0,0,full,0.01091639,91.6054
NEG0362,negverify,hearing,0,0,full,0.01091639,91.6054
NEG0362,negverify,respiratory,0,0,full,0.01091639,91.6054
NEG0362,negverify,bowel,0,0,full,0.01091639,91.6054
NEG0362,negverify,urinary,0,0,full,0.01091639,91.6054
NEG0362,negverify,sexual_reproductive,0,0,full,0.01091639,91.6054
NEG0362,negverify,limb_lymphedema,0,0,full,0.01091639,91.6054
NEG0362,negverify,visual,0,0,full,0.01091639,91.6054
NEG0363,negverify,cognition,0,0,full,0.01091639,91.6054
NEG0363,negverify,neuropathy,0,0,full,0.01091639,91.6054
NEG0363,negverify,fatigue,0,0,full,0.01091639,91.6054
NEG0363,negverify,pain,0,0,full,0.01091639,91.6054
NEG0363,negverify,physical_function,0,0,full,0.01091639,91.6054
NEG0363,negverify,swallowing,0,0,full,0.01091639,91.6054
NEG0363,negverify,speech_voice,0,0,full,0.01091639,91.6054
NEG0363,negverify,hearing,0,0,full,0.01091639,91.6054
NEG0363,negverify,respiratory,0,0,full,0.01091639,91.6054
NEG0363,negverify,bowel,0,0,full,0.01091639,91.6054
NEG0363,negverify,urinary,0,0,full,0.01091639,91.6054
NEG0363,negverify,sexual_reproductive,0,0,full,0.01091639,91.6054
NEG0363,negverify,limb_lymphedema,0,0,full,0.01091639,91.6054
NEG0363,negverify,visual,0,0,full,0.01091639,91.6054
NEG0364,negverify,cognition,0,0,full,0.01091639,91.6054
NEG0364,negverify,neuropathy,0,0,full,0.01091639,91.6054
NEG0364,negverify,fatigue,0,0,full,0.01091639,91.6054
NEG0364,negverify,pain,0,0,full,0.01091639,91.6054
NEG0364,negverify,physical_function,0,0,full,0.01091639,91.6054
NEG0364,negverify,swallowing,0,0,full,0.01091639,91.6054
NEG0364,negverify,speech_voice,0,0,full,0.01091639,91.6054
NEG0364,negverify,hearing,0,0,full,0.01091639,91.6054
NEG0364,negverify,respiratory,0,0,full,0.01091639,91.6054
NEG0364,negverify,bowel,0,0,full,0.01091639,91.6054
NEG0364,negverify,urinary,0,0,full,0.01091639,91.6054
NEG0364,negverify,sexual_reproductive,0,0,full,0.01091639,91.6054
NEG0364,negverify,limb_lymphedema,0,0,full,0.01091639,91.6054
NEG0364,negverify,visual,0,0,full,0.01091639,91.6054
NEG0365,negverify,cognition,0,0,full,0.01091639,91.6054
NEG0365,negverify,neuropathy,0,0,full,0.01091639,91.6054
NEG0365,negverify,fatigue,0,0,full,0.01091639,91.6054
NEG0365,negverify,pain,0,0,full,0.01091639,91.6054
NEG0365,negverify,physical_function,0,0,full,0.01091639,91.6054
NEG0365,negverify,swallowing,0,0,full,0.01091639,91.6054
NEG0365,negverify,speech_voice,0,0,full,0.01091639,91.6054
NEG0365,negverify,hearing,0,0,full,0.01091639,91.6054
NEG0365,negverify,respiratory,0,0,full,0.01091639,91.6054
NEG0365,negverify,bowel,0,0,full,0.01091639,91.6054
NEG0365,negverify,urinary,0,0,full,0.01091639,91.6054
NEG0365,negverify,sexual_reproductive,0,0,full,0.01091639,91.6054
NEG0365,negverify,limb_lymphedema,0,0,full,0.01091639,91.6054
NEG0365,negverify,visual,0,0,full,0.01091639,91.6054
NEG0366,negverify,cognition,0,0,full,0.01091639,91.6054
NEG0366,negverify,neuropathy,0,0,full,0.01091639,91.6054
NEG0366,negverify,fatigue,0,0,full,0.01091639,91.6054
NEG0366,negverify,pain,0,0,full,0.01091639,91.6054
NEG0366,negverify,physical_function,0,0,full,0.01091639,91.6054
NEG0366,negverify,swallowing,0,0,full,0.01091639,91.6054
NEG0366,negverify,speech_voice,0,0,full,0.01091639,91.6054
NEG0366,negverify,hearing,0,0,full,0.01091639,91.6054
NEG0366,negverify,respiratory,0,0,full,0.01091639,91.6054
NEG0366,negverify,bowel,0,0,full,0.01091639,91.6054
NEG0366,negverify,urinary,0,0,full,0.01091639,91.6054
NEG0366,negverify,sexual_reproductive,0,0,full,0.01091639,91.6054
NEG0366,negverify,limb_lymphedema,0,0,full,0.01091639,91.6054
NEG0366,negverify,visual,0,0,full,0.01091639,91.6054
NEG0367,negverify,cognition,0,0,full,0.01091639,91.6054
NEG0367,negverify,neuropathy,0,0,full,0.01091639,91.6054
NEG0367,negverify,fatigue,0,0,full,0.01091639,91.6054
NEG0367,negverify,pain,0,0,full,0.01091639,91.6054
NEG0367,negverify,physical_function,0,0,full,0.01091639,91.6054
NEG0367,negverify,swallowing,0,0,full,0.01091639,91.6054
NEG0367,negverify,speech_voice,0,0,full,0.01091639,91.6054
NEG0367,negverify,hearing,0,0,full,0.01091639,91.6054
NEG0367,negverify,respiratory,0,0,full,0.01091639,91.6054
NEG0367,negverify,bowel,0,0,full,0.01091639,91.6054
NEG0367,negverify,urinary,0,0,full,0.01091639,91.6054
NEG0367,negverify,sexual_reproductive,0,0,full,0.01091639,91.6054
NEG0367,negverify,limb_lymphedema,0,0,full,0.01091639,91.6054
NEG0367,negverify,visual,0,0,full,0.01091639,91.6054
NEG0368,negverify,cognition,0,0,full,0.01091639,91.6054
NEG0368,negverify,neuropathy,0,0,full,0.01091639,91.6054
NEG0368,negverify,fatigue,0,0,full,0.01091639,91.6054
NEG0368,negverify,pain,0,0,full,0.01091639,91.6054
NEG0368,negverify,physical_function,0,0,full,0.01091639,91.6054
NEG0368,negverify,swallowing,0,0,full,0.01091639,91.6054
NEG0368,negverify,speech_voice,0,0,full,0.01091639,91.6054
NEG0368,negverify,hearing,0,0,full,0.01091639,91.6054
NEG0368,negverify,respiratory,0,0,full,0.01091639,91.6054
NEG0368,negverify,bowel,0,0,full,0.01091639,91.6054
NEG0368,negverify,urinary,0,0,full,0.01091639,91.6054
NEG0368,negverify,sexual_reproductive,0,0,full,0.01091639,91.6054
NEG0368,negverify,limb_lymphedema,0,0,full,0.01091639,91.6054
NEG0368,negverify,visual,0,0,full,0.01091639,91.6054
NEG0369,negverify,cognition,0,0,full,0.01091639,91.6054
NEG0369,negverify,neuropathy,0,0,full,0.01091639,91.6054
NEG0369,negverify,fatigue,0,0,full,0.01091639,91.6054
NEG0369,negverify,pain,0,0,full,0.01091639,91.6054
NEG0369,negverify,physical_function,0,0,full,0.01091639,91.6054
NEG0369,negverify,swallowing,0,0,full,0.01091639,91.6054
NEG0369,negverify,speech_voice,0,0,full,0.01091639,91.6054
NEG0369,negverify,hearing,0,0,full,0.01091639,91.6054
NEG0369,negverify,respiratory,0,0,full,0.01091639,91.6054
NEG0369,negverify,bowel,0,0,full,0.01091639,91.6054
NEG0369,negverify,urinary,0,0,full,0.01091639,91.6054
NEG0369,negverify,sexual_reproductive,0,0,full,0.01091639,91.6054
NEG0369,negverify,limb_lymphedema,0,0,full,0.01091639,91.6054
NEG0369,negverify,visual,0,0,full,0.01091639,91.6054
NEG0370,negverify,cognition,0,0,truncated,0.01091639,91.6054
NEG0370,negverify,neuropathy,0,0,truncated,0.01091639,91.6054
NEG0370,negverify,fatigue,0,0,truncated,0.01091639,91.6054
NEG0370,negverify,pain,0,0,truncated,0.01091639,91.6054
NEG0370,negverify,physical_function,0,0,truncated,0.01091639,91.6054
NEG0370,negverify,swallowing,0,0,truncated,0.01091639,91.6054
NEG0370,negverify,speech_voice,0,0,truncated,0.01091639,91.6054
NEG0370,negverify,hearing,0,0,truncated,0.01091639,91.6054
NEG0370,negverify,respiratory,0,0,truncated,0.01091639,91.6054
NEG0370,negverify,bowel,0,0,truncated,0.01091639,91.6054
NEG0370,negverify,urinary,0,0,truncated,0.01091639,91.6054
NEG0370,negverify,sexual_reproductive,0,0,truncated,0.01091639,91.6054
NEG0370,negverify,limb_lymphedema,0,0,truncated,0.01091639,91.6054
NEG0370,negverify,visual,0,0,truncated,0.01091639,91.6054
NEG0371,negverify,cognition,0,0,full,0.01091639,91.6054
NEG0371,negverify,neuropathy,0,0,full,0.01091639,91.6054
NEG0371,negverify,fatigue,0,0,full,0.01091639,91.6054
NEG0371,negverify,pain,0,0,full,0.01091639,91.6054
NEG0371,negverify,physical_function,0,0,full,0.01091639,91.6054
NEG0371,negverify,swallowing,0,0,full,0.01091639,91.6054
NEG0371,negverify,speech_voice,0,0,full,0.01091639,91.6054
NEG0371,negverify,hearing,0,0,full,0.01091639,91.6054
NEG0371,negverify,respiratory,0,0,full,0.01091639,91.6054
NEG0371,negverify,bowel,0,0,full,0.01091639,91.6054
NEG0371,negverify,urinary,0,0,full,0.01091639,91.6054
NEG0371,negverify,sexual_reproductive,0,0,full,0.01091639,91.6054
NEG0371,negverify,limb_lymphedema,0,0,full,0.01091639,91.6054
NEG0371,negverify,visual,0,0,full,0.01091639,91.6054
NEG0372,negverify,cognition,0,0,full,0.01091639,91.6054
NEG0372,negverify,neuropathy,0,0,full,0.01091639,91.6054
NEG0372,negverify,fatigue,0,0,full,0.01091639,91.6054
NEG0372,negverify,pain,0,0,full,0.01091639,91.6054
NEG0372,negverify,physical_function,0,0,full,0.01091639,91.6054
NEG0372,negverify,swallowing,0,0,full,0.01091639,91.6054
NEG0372,negverify,speech_voice,0,0,full,0.01091639,91.6054
NEG0372,negverify,hearing,0,0,full,0.01091639,91.6054
NEG0372,negverify,respiratory,0,0,full,0.01091639,91.6054
NEG0372,negverify,bowel,0,0,full,0.01091639,91.6054
NEG0372,negverify,urinary,0,0,full,0.01091639,91.6054
NEG0372,negverify,sexual_reproductive,0,0,full,0.01091639,91.6054
NEG0372,negverify,limb_lymphedema,0,0,full,0.01091639,91.6054
NEG0372,negverify,visual,0,0,full,0.01091639,91.6054
NEG0373,negverify,cognition,0,0,full,0.01091639,91.6054
NEG0373,negverify,neuropathy,0,0,full,0.01091639,91.6054
NEG0373,negverify,fatigue,0,0,full,0.01091639,91.6054
NEG0373,negverify,pain,0,0,full,0.01091639,91.6054
NEG0373,negverify,physical_function,0,0,full,0.01091639,91.6054
NEG0373,negverify,swallowing,0,0,full,0.01091639,91.6054
NEG0373,negverify,speech_voice,0,0,full,0.01091639,91.6054
NEG0373,negverify,hearing,0,0,full,0.01091639,91.6054
NEG0373,negverify,respiratory,0,0,full,0.01091639,91.6054
NEG0373,negverify,bowel,0,0,full,0.01091639,91.6054
NEG0373,negverify,urinary,0,0,full,0.01091639,91.6054
NEG0373,negverify,sexual_reproductive,0,0,full,0.01091639,91.6054
NEG0373,negverify,limb_lymphedema,0,0,full,0.01091639,91.6054
NEG0373,negverify,visual,0,0,full,0.01091639,91.6054
NEG0374,negverify,cognition,0,0,full,0.01091639,91.6054
NEG0374,negverify,neuropathy,0,0,full,0.01091639,91.6054
NEG0374,negverify,fatigue,0,0,full,0.01091639,91.6054
NEG0374,negverify,pain,0,0,full,0.01091639,91.6054
NEG0374,negverify,physical_function,0,0,full,0.01091639,91.6054
NEG0374,negverify,swallowing,0,0,full,0.01091639,91.6054
NEG0374,negverify,speech_voice,0,0,full,0.01091639,91.6054
NEG0374,negverify,hearing,0,0,full,0.01091639,91.6054
NEG0374,negverify,respiratory,0,0,full,0.01091639,91.6054
NEG0374,negverify,bowel,0,0,full,0.01091639,91.6054
NEG0374,negverify,urinary,0,0,full,0.01091639,91.6054
NEG0374,negverify,sexual_reproductive,0,0,full,0.01091639,91.6054
NEG0374,negverify,limb_lymphedema,0,0,full,0.01091639,91.6054
NEG0374,negverify,visual,0,0,full,0.01091639,91.6054
NEG0375,negverify,cognition,0,0,full,0.01091639,91.6054
NEG0375,negverify,neuropathy,0,0,full,0.01091639,91.6054
NEG0375,negverify,fatigue,0,0,full,0.01091639,91.6054
NEG0375,negverify,pain,0,0,full,0.01091639,91.6054
NEG0375,negverify,physical_function,0,0,full,0.01091639,91.6054
NEG0375,negverify,swallowing,0,0,full,0.01091639,91.6054
NEG0375,negverify,speech_voice,0,0,full,0.01091639,91.6054
NEG0375,negverify,hearing,0,0,full,0.01091639,91.6054
NEG0375,negverify,respiratory,0,0,full,0.01091639,91.6054
NEG0375,negverify,bowel,0,0,full,0.01091639,91.6054
NEG0375,negverify,urinary,0,0,full,0.01091639,91.6054
NEG0375,negverify,sexual_reproductive,0,0,full,0.01091639,91.6054
NEG0375,negverify,limb_lymphedema,0,0,full,0.01091639,91.6054
NEG0375,negverify,visual,0,0,full,0.01091639,91.6054
NEG0376,negverify,cognition,0,0,full,0.01091639,91.6054
NEG0376,negverify,neuropathy,0,0,full,0.01091639,91.6054
NEG0376,negverify,fatigue,0,0,full,0.01091639,91.6054
NEG0376,negverify,pain,0,0,full,0.01091639,91.6054
NEG0376,negverify,physical_function,0,0,full,0.01091639,91.6054
NEG0376,negverify,swallowing,0,0,full,0.01091639,91.6054
NEG0376,negverify,speech_voice,0,0,full,0.01091639,91.6054
NEG0376,negverify,hearing,0,0,full,0.01091639,91.6054
NEG0376,negverify,respiratory,0,0,full,0.01091639,91.6054
NEG0376,negverify,bowel,0,0,full,0.01091639,91.6054
NEG0376,negverify,urinary,0,0,full,0.01091639,91.6054
NEG0376,negverify,sexual_reproductive,0,0,full,0.01091639,91.6054
NEG0376,negverify,limb_lymphedema,0,0,full,0.01091639,91.6054
NEG0376,negverify,visual,0,0,full,0.01091639,91.6054
NEG0377,negverify,cognition,0,0,full,0.01091639,91.6054
NEG0377,negverify,neuropathy,0,0,full,0.01091639,91.6054
NEG0377,negverify,fatigue,0,0,full,0.01091639,91.6054
NEG0377,negverify,pain,0,0,full,0.01091639,91.6054
NEG0377,negverify,physical_function,0,0,full,0.01091639,91.6054
NEG0377,negverify,swallowing,0,0,full,0.01091639,91.6054
NEG0377,negverify,speech_voice,0,0,full,0.01091639,91.6054
NEG0377,negverify,hearing,0,0,full,0.01091639,91.6054
NEG0377,negverify,respiratory,0,0,full,0.01091639,91.6054
NEG0377,negverify,bowel,0,0,full,0.01091639,91.6054
NEG0377,negverify,urinary,0,0,full,0.01091639,91.6054
NEG0377,negverify,sexual_reproductive,0,0,full,0.01091639,91.6054
NEG0377,negverify,limb_lymphedema,0,0,full,0.01091639,91.6054
NEG0377,negverify,visual,0,0,full,0.01091639,91.6054
NEG0378,negverify,cognition,0,0,full,0.01091639,91.6054
NEG0378,negverify,neuropathy,0,0,full,0.01091639,91.6054
NEG0378,negverify,fatigue,0,0,full,0.01091639,91.6054
NEG0378,negverify,pain,0,0,full,0.01091639,91.6054
NEG0378,negverify,physical_function,0,0,full,0.01091639,91.6054
NEG0378,negverify,swallowing,0,0,full,0.01091639,91.6054
NEG0378,negverify,speech_voice,0,0,full,0.01091639,91.6054
NEG0378,negverify,hearing,0,0,full,0.01091639,91.6054
NEG0378,negverify,respiratory,0,0,full,0.01091639,91.6054
NEG0378,negverify,bowel,0,0,full,0.01091639,91.6054
NEG0378,negverify,urinary,0,0,full,0.01091639,91.6054
NEG0378,negverify,sexual_reproductive,0,1,full,0.01091639,91.6054
NEG0378,negverify,limb_lymphedema,0,0,full,0.01091639,91.6054
NEG0378,negverify,visual,0,0,full,0.01091639,91.6054
NEG0379,negverify,cognition,0,0,full,0.01091639,91.6054
NEG0379,negverify,neuropathy,0,0,full,0.01091639,91.6054
NEG0379,negverify,fatigue,0,0,full,0.01091639,91.6054
NEG0379,negverify,pain,0,0,full,0.01091639,91.6054
NEG0379,negverify,physical_function,0,0,full,0.01091639,91.6054
NEG0379,negverify,swallowing,0,0,full,0.01091639,91.6054
NEG0379,negverify,speech_voice,0,0,full,0.01091639,91.6054
NEG0379,negverify,hearing,0,0,full,0.01091639,91.6054
NEG0379,negverify,respiratory,0,0,full,0.01091639,91.6054
NEG0379,negverify,bowel,0,0,full,0.01091639,91.6054
NEG0379,negverify,urinary,0,0,full,0.01091639,91.6054
NEG0379,negverify,sexual_reproductive,0,0,full,0.01091639,91.6054
NEG0379,negverify,limb_lymphedema,0,0,full,0.01091639,91.6054
NEG0379,negverify,visual,0,0,full,0.01091639,91.6054
NEG0380,negverify,cognition,0,0,full,0.01091639,91.6054
NEG0380,negverify,neuropathy,0,0,full,0.01091639,91.6054
NEG0380,negverify,fatigue,0,0,full,0.01091639,91.6054
NEG0380,negverify,pain,0,0,full,0.01091639,91.6054
NEG0380,negverify,physical_function,0,0,full,0.01091639,91.6054
NEG0380,negverify,swallowing,0,0,full,0.01091639,91.6054
NEG0380,negverify,speech_voice,0,0,full,0.01091639,91.6054
NEG0380,negverify,hearing,0,0,full,0.01091639,91.6054
NEG0380,negverify,respiratory,0,0,full,0.01091639,91.6054
NEG0380,negverify,bowel,0,0,full,0.01091639,91.6054
NEG0380,negverify,urinary,0,0,full,0.01091639,91.6054
NEG0380,negverify,sexual_reproductive,0,0,full,0.01091639,91.6054
NEG0380,negverify,limb_lymphedema,0,0,full,0.01091639,91.6054
NEG0380,negverify,visual,0,0,full,0.01091639,91.6054
NEG0381,negverify,cognition,0,0,truncated,0.01091639,91.6054
NEG0381,negverify,neuropathy,0,0,truncated,0.01091639,91.6054
NEG0381,negverify,fatigue,0,0,truncated,0.01091639,91.6054
NEG0381,negverify,pain,0,0,truncated,0.01091639,91.6054
NEG0381,negverify,physical_function,0,0,truncated,0.01091639,91.6054
NEG0381,negverify,swallowing,0,0,truncated,0.01091639,91.6054
NEG0381,negverify,speech_voice,0,0,truncated,0.01091639,91.6054
NEG0381,negverify,hearing,0,0,truncated,0.01091639,91.6054
NEG0381,negverify,respiratory,0,0,truncated,0.01091639,91.6054
NEG0381,negverify,bowel,0,0,truncated,0.01091639,91.6054
NEG0381,negverify,urinary,0,0,truncated,0.01091639,91.6054
NEG0381,negverify,sexual_reproductive,0,0,truncated,0.01091639,91.6054
NEG0381,negverify,limb_lymphedema,0,0,truncated,0.01091639,91.6054
NEG0381,negverify,visual,0,0,truncated,0.01091639,91.6054
NEG0382,negverify,cognition,0,0,full,0.01091639,91.6054
NEG0382,negverify,neuropathy,0,0,full,0.01091639,91.6054
NEG0382,negverify,fatigue,0,0,full,0.01091639,91.6054
NEG0382,negverify,pain,0,0,full,0.01091639,91.6054
NEG0382,negverify,physical_function,0,0,full,0.01091639,91.6054
NEG0382,negverify,swallowing,0,0,full,0.01091639,91.6054
NEG0382,negverify,speech_voice,0,0,full,0.01091639,91.6054
NEG0382,negverify,hearing,0,0,full,0.01091639,91.6054
NEG0382,negverify,respiratory,0,0,full,0.01091639,91.6054
NEG0382,negverify,bowel,0,0,full,0.01091639,91.6054
NEG0382,negverify,urinary,0,0,full,0.01091639,91.6054
NEG0382,negverify,sexual_reproductive,0,0,full,0.01091639,91.6054
NEG0382,negverify,limb_lymphedema,0,0,full,0.01091639,91.6054
NEG0382,negverify,visual,0,0,full,0.01091639,91.6054
NEG0383,negverify,cognition,0,0,full,0.01091639,91.6054
NEG0383,negverify,neuropathy,0,0,full,0.01091639,91.6054
NEG0383,negverify,fatigue,0,0,full,0.01091639,91.6054
NEG0383,negverify,pain,0,0,full,0.01091639,91.6054
NEG0383,negverify,physical_function,0,0,full,0.01091639,91.6054
NEG0383,negverify,swallowing,0,0,full,0.01091639,91.6054
NEG0383,negverify,speech_voice,0,0,full,0.01091639,91.6054
NEG0383,negverify,hearing,0,0,full,0.01091639,91.6054
NEG0383,negverify,respiratory,0,0,full,0.01091639,91.6054
NEG0383,negverify,bowel,0,0,full,0.01091639,91.6054
NEG0383,negverify,urinary,0,0,full,0.01091639,91.6054
NEG0383,negverify,sexual_reproductive,0,0,full,0.01091639,91.6054
NEG0383,negverify,limb_lymphedema,0,0,full,0.01091639,91.6054
NEG0383,negverify,visual,0,0,full,0.01091639,91.6054
NEG0384,negverify,cognition,0,0,full,0.01091639,91.6054
NEG0384,negverify,neuropathy,0,0,full,0.01091639,91.6054
NEG0384,negverify,fatigue,0,0,full,0.01091639,91.6054
NEG0384,negverify,pain,0,0,full,0.01091639,91.6054
NEG0384,negverify,physical_function,0,0,full,0.01091639,91.6054
NEG0384,negverify,swallowing,0,0,full,0.01091639,91.6054
NEG0384,negverify,speech_voice,0,0,full,0.01091639,91.6054
NEG0384,negverify,hearing,0,0,full,0.01091639,91.6054
NEG0384,negverify,respiratory,0,0,full,0.01091639,91.6054
NEG0384,negverify,bowel,0,0,full,0.01091639,91.6054
NEG0384,negverify,urinary,0,0,full,0.01091639,91.6054
NEG0384,negverify,sexual_reproductive,0,0,full,0.01091639,91.6054
NEG0384,negverify,limb_lymphedema,0,0,full,0.01091639,91.6054
NEG0384,negverify,visual,0,0,full,0.01091639,91.6054
NEG0385,negverify,cognition,0,0,full,0.01091639,91.6054
NEG0385,negverify,neuropathy,0,0,full,0.01091639,91.6054
NEG0385,negverify,fatigue,0,0,full,0.01091639,91.6054
NEG0385,negverify,pain,0,0,full,0.01091639,91.6054
NEG0385,negverify,physical_function,0,0,full,0.01091639,91.6054
NEG0385,negverify,swallowing,0,0,full,0.01091639,91.6054
NEG0385,negverify,speech_voice,0,0,full,0.01091639,91.6054
NEG0385,negverify,hearing,0,0,full,0.01091639,91.6054
NEG0385,negverify,respiratory,0,0,full,0.01091639,91.6054
NEG0385,negverify,bowel,0,0,full,0.01091639,91.6054
NEG0385,negverify,urinary,0,0,full,0.01091639,91.6054
NEG0385,negverify,sexual_reproductive,0,0,full,0.01091639,91.6054
NEG0385,negverify,limb_lymphedema,0,0,full,0.01091639,91.6054
NEG0385,negverify,visual,0,0,full,0.01091639,91.6054
NEG0386,negverify,cognition,0,0,full,0.01091639,91.6054
NEG0386,negverify,neuropathy,0,0,full,0.01091639,91.6054
NEG0386,negverify,fatigue,0,0,full,0.01091639,91.6054
NEG0386,negverify,pain,0,0,full,0.01091639,91.6054
NEG0386,negverify,physical_function,0,0,full,0.01091639,91.6054
NEG0386,negverify,swallowing,0,0,full,0.01091639,91.6054
NEG0386,negverify,speech_voice,0,0,full,0.01091639,91.6054
NEG0386,negverify,hearing,0,0,full,0.01091639,91.6054
NEG0386,negverify,respiratory,0,0,full,0.01091639,91.6054
NEG0386,negverify,bowel,0,0,full,0.01091639,91.6054
NEG0386,negverify,urinary,0,0,full,0.01091639,91.6054
NEG0386,negverify,sexual_reproductive,0,0,full,0.01091639,91.6054
NEG0386,negverify,limb_lymphedema,0,0,full,0.01091639,91.6054
NEG0386,negverify,visual,0,0,full,0.01091639,91.6054
NEG0387,negverify,cognition,0,0,full,0.01091639,91.6054
NEG0387,negverify,neuropathy,0,0,full,0.01091639,91.6054
NEG0387,negverify,fatigue,0,0,full,0.01091639,91.6054
NEG0387,negverify,pain,0,0,full,0.01091639,91.6054
NEG0387,negverify,physical_function,0,0,full,0.01091639,91.6054
NEG0387,negverify,swallowing,0,0,full,0.01091639,91.6054
NEG0387,negverify,speech_voice,0,0,full,0.01091639,91.6054
NEG0387,negverify,hearing,0,0,full,0.01091639,91.6054
NEG0387,negverify,respiratory,0,0,full,0.01091639,91.6054
NEG0387,negverify,bowel,0,0,full,0.01091639,91.6054
NEG0387,negverify,urinary,0,0,full,0.01091639,91.6054
NEG0387,negverify,sexual_reproductive,0,0,full,0.01091639,91.6054
NEG0387,negverify,limb_lymphedema,0,0,full,0.01091639,91.6054
NEG0387,negverify,visual,0,0,full,0.01091639,91.6054
NEG0388,negverify,cognition,0,0,full,0.01091639,91.6054
NEG0388,negverify,neuropathy,0,0,full,0.01091639,91.6054
NEG0388,negverify,fatigue,0,0,full,0.01091639,91.6054
NEG0388,negverify,pain,0,0,full,0.01091639,91.6054
NEG0388,negverify,physical_function,0,0,full,0.01091639,91.6054
NEG0388,negverify,swallowing,0,0,full,0.01091639,91.6054
NEG0388,negverify,speech_voice,0,0,full,0.01091639,91.6054
NEG0388,negverify,hearing,0,0,full,0.01091639,91.6054
NEG0388,negverify,respiratory,0,0,full,0.01091639,91.6054
NEG0388,negverify,bowel,0,0,full,0.01091639,91.6054
NEG0388,negverify,urinary,0,0,full,0.01091639,91.6054
NEG0388,negverify,sexual_reproductive,0,0,full,0.01091639,91.6054
NEG0388,negverify,limb_lymphedema,0,0,full,0.01091639,91.6054
NEG0388,negverify,visual,0,0,full,0.01091639,91.6054
NEG0389,negverify,cognition,0,0,full,0.01091639,91.6054
NEG0389,negverify,neuropathy,0,0,full,0.01091639,91.6054
NEG0389,negverify,fatigue,0,0,full,0.01091639,91.6054
NEG0389,negverify,pain,0,0,full,0.01091639,91.6054
NEG0389,negverify,physical_function,0,0,full,0.01091639,91.6054
NEG0389,negverify,swallowing,0,0,full,0.01091639,91.6054
NEG0389,negverify,speech_voice,0,0,full,0.01091639,91.6054
NEG0389,negverify,hearing,0,0,full,0.01091639,91.6054
NEG0389,negverify,respiratory,0,0,full,0.01091639,91.6054
NEG0389,negverify,bowel,0,0,full,0.01091639,91.6054
NEG0389,negverify,urinary,0,0,full,0.01091639,91.6054
NEG0389,negverify,sexual_reproductive,0,0,full,0.01091639,91.6054
NEG0389,negverify,limb_lymphedema,0,0,full,0.01091639,91.6054
NEG0389,negverify,visual,0,0,full,0.01091639,91.6054
NEG0390,negverify,cognition,0,0,full,0.01091639,91.6054
NEG0390,negverify,neuropathy,0,0,full,0.01091639,91.6054
NEG0390,negverify,fatigue,0,0,full,0.01091639,91.6054
NEG0390,negverify,pain,0,0,full,0.01091639,91.6054
NEG0390,negverify,physical_function,0,0,full,0.01091639,91.6054
NEG0390,negverify,swallowing,0,0,full,0.01091639,91.6054
NEG0390,negverify,speech_voice,0,0,full,0.01091639,91.6054
NEG0390,negverify,hearing,0,0,full,0.01091639,91.6054
NEG0390,negverify,respiratory,0,0,full,0.01091639,91.6054
NEG0390,negverify,bowel,0,0,full,0.01091639,91.6054
NEG0390,negverify,urinary,0,0,full,0.01091639,91.6054
NEG0390,negverify,sexual_reproductive,0,0,full,0.01091639,91.6054
NEG0390,negverify,limb_lymphedema,0,0,full,0.01091639,91.6054
NEG0390,negverify,visual,0,0,full,0.01091639,91.6054
NEG0391,negverify,cognition,0,0,truncated,0.01091639,91.6054
NEG0391,negverify,neuropathy,0,0,truncated,0.01091639,91.6054
NEG0391,negverify,fatigue,0,0,truncated,0.01091639,91.6054
NEG0391,negverify,pain,0,0,truncated,0.01091639,91.6054
NEG0391,negverify,physical_function,0,0,truncated,0.01091639,91.6054
NEG0391,negverify,swallowing,0,0,truncated,0.01091639,91.6054
NEG0391,negverify,speech_voice,0,0,truncated,0.01091639,91.6054
NEG0391,negverify,hearing,0,0,truncated,0.01091639,91.6054
NEG0391,negverify,respiratory,0,0,truncated,0.01091639,91.6054
NEG0391,negverify,bowel,0,0,truncated,0.01091639,91.6054
NEG0391,negverify,urinary,0,0,truncated,0.01091639,91.6054
NEG0391,negverify,sexual_reproductive,0,0,truncated,0.01091639,91.6054
NEG0391,negverify,limb_lymphedema,0,0,truncated,0.01091639,91.6054
NEG0391,negverify,visual,0,0,truncated,0.01091639,91.6054
NEG0392,negverify,cognition,0,0,full,0.01091639,91.6054
NEG0392,negverify,neuropathy,0,0,full,0.01091639,91.6054
NEG0392,negverify,fatigue,0,0,full,0.01091639,91.6054
NEG0392,negverify,pain,0,0,full,0.01091639,91.6054
NEG0392,negverify,physical_function,0,0,full,0.01091639,91.6054
NEG0392,negverify,swallowing,0,0,full,0.01091639,91.6054
NEG0392,negverify,speech_voice,0,0,full,0.01091639,91.6054
NEG0392,negverify,hearing,0,0,full,0.01091639,91.6054
NEG0392,negverify,respiratory,0,0,full,0.01091639,91.6054
NEG0392,negverify,bowel,0,0,full,0.01091639,91.6054
NEG0392,negverify,urinary,0,0,full,0.01091639,91.6054
NEG0392,negverify,sexual_reproductive,0,0,full,0.01091639,91.6054
NEG0392,negverify,limb_lymphedema,0,0,full,0.01091639,91.6054
NEG0392,negverify,visual,0,0,full,0.01091639,91.6054
NEG0393,negverify,cognition,0,0,truncated,0.01091639,91.6054
NEG0393,negverify,neuropathy,0,0,truncated,0.01091639,91.6054
NEG0393,negverify,fatigue,0,0,truncated,0.01091639,91.6054
NEG0393,negverify,pain,0,0,truncated,0.01091639,91.6054
NEG0393,negverify,physical_function,0,0,truncated,0.01091639,91.6054
NEG0393,negverify,swallowing,0,0,truncated,0.01091639,91.6054
NEG0393,negverify,speech_voice,0,0,truncated,0.01091639,91.6054
NEG0393,negverify,hearing,0,0,truncated,0.01091639,91.6054
NEG0393,negverify,respiratory,0,0,truncated,0.01091639,91.6054
NEG0393,negverify,bowel,0,0,truncated,0.01091639,91.6054
NEG0393,negverify,urinary,0,0,truncated,0.01091639,91.6054
NEG0393,negverify,sexual_reproductive,0,0,truncated,0.01091639,91.6054
NEG0393,negverify,limb_lymphedema,0,0,truncated,0.01091639,91.6054
NEG0393,negverify,visual,0,0,truncated,0.01091639,91.6054
NEG0394,negverify,cognition,0,0,truncated,0.01091639,91.6054
NEG0394,negverify,neuropathy,0,0,truncated,0.01091639,91.6054
NEG0394,negverify,fatigue,0,0,truncated,0.01091639,91.6054
NEG0394,negverify,pain,0,0,truncated,0.01091639,91.6054
NEG0394,negverify,physical_function,0,0,truncated,0.01091639,91.6054
NEG0394,negverify,swallowing,0,0,truncated,0.01091639,91.6054
NEG0394,negverify,speech_voice,0,0,truncated,0.01091639,91.6054
NEG0394,negverify,hearing,0,0,truncated,0.01091639,91.6054
NEG0394,negverify,respiratory,0,0,truncated,0.01091639,91.6054
NEG0394,negverify,bowel,0,0,truncated,0.01091639,91.6054
NEG0394,negverify,urinary,0,0,truncated,0.01091639,91.6054
NEG0394,negverify,sexual_reproductive,0,0,truncated,0.01091639,91.6054
NEG0394,negverify,limb_lymphedema,0,0,truncated,0.01091639,91.6054
NEG0394,negverify,visual,0,0,truncated,0.01091639,91.6054
NEG0395,negverify,cognition,0,0,full,0.01091639,91.6054
NEG0395,negverify,neuropathy,0,0,full,0.01091639,91.6054
NEG0395,negverify,fatigue,0,0,full,0.01091639,91.6054
NEG0395,negverify,pain,0,0,full,0.01091639,91.6054
NEG0395,negverify,physical_function,0,0,full,0.01091639,91.6054
NEG0395,negverify,swallowing,0,0,full,0.01091639,91.6054
NEG0395,negverify,speech_voice,0,0,full,0.01091639,91.6054
NEG0395,negverify,hearing,0,0,full,0.01091639,91.6054
NEG0395,negverify,respiratory,0,0,full,0.01091639,91.6054
NEG0395,negverify,bowel,0,0,full,0.01091639,91.6054
NEG0395,negverify,urinary,0,0,full,0.01091639,91.6054
NEG0395,negverify,sexual_reproductive,0,0,full,0.01091639,91.6054
NEG0395,negverify,limb_lymphedema,0,0,full,0.01091639,91.6054
NEG0395,negverify,visual,0,0,full,0.01091639,91.6054
NEG0396,negverify,cognition,0,0,full,0.01091639,91.6054
NEG0396,negverify,neuropathy,0,0,full,0.01091639,91.6054
NEG0396,negverify,fatigue,0,0,full,0.01091639,91.6054
NEG0396,negverify,pain,0,0,full,0.01091639,91.6054
NEG0396,negverify,physical_function,0,0,full,0.01091639,91.6054
NEG0396,negverify,swallowing,0,0,full,0.01091639,91.6054
NEG0396,negverify,speech_voice,0,0,full,0.01091639,91.6054
NEG0396,negverify,hearing,0,0,full,0.01091639,91.6054
NEG0396,negverify,respiratory,0,0,full,0.01091639,91.6054
NEG0396,negverify,bowel,0,0,full,0.01091639,91.6054
NEG0396,negverify,urinary,0,0,full,0.01091639,91.6054
NEG0396,negverify,sexual_reproductive,0,0,full,0.01091639,91.6054
NEG0396,negverify,limb_lymphedema,0,0,full,0.01091639,91.6054
NEG0396,negverify,visual,0,0,full,0.01091639,91.6054
NEG0397,negverify,cognition,0,0,full,0.01091639,91.6054
NEG0397,negverify,neuropathy,0,0,full,0.01091639,91.6054
NEG0397,negverify,fatigue,0,0,full,0.01091639,91.6054
NEG0397,negverify,pain,0,0,full,0.01091639,91.6054
NEG0397,negverify,physical_function,0,0,full,0.01091639,91.6054
NEG0397,negverify,swallowing,0,0,full,0.01091639,91.6054
NEG0397,negverify,speech_voice,0,0,full,0.01091639,91.6054
NEG0397,negverify,hearing,0,0,full,0.01091639,91.6054
NEG0397,negverify,respiratory,0,0,full,0.01091639,91.6054
NEG0397,negverify,bowel,0,0,full,0.01091639,91.6054
NEG0397,negverify,urinary,0,0,full,0.01091639,91.6054
NEG0397,negverify,sexual_reproductive,0,0,full,0.01091639,91.6054
NEG0397,negverify,limb_lymphedema,0,0,full,0.01091639,91.6054
NEG0397,negverify,visual,0,0,full,0.01091639,91.6054
NEG0398,negverify,cognition,0,0,full,0.01091639,91.6054
NEG0398,negverify,neuropathy,0,0,full,0.01091639,91.6054
NEG0398,negverify,fatigue,0,0,full,0.01091639,91.6054
NEG0398,negverify,pain,0,0,full,0.01091639,91.6054
NEG0398,negverify,physical_function,0,0,full,0.01091639,91.6054
NEG0398,negverify,swallowing,0,0,full,0.01091639,91.6054
NEG0398,negverify,speech_voice,0,0,full,0.01091639,91.6054
NEG0398,negverify,hearing,0,0,full,0.01091639,91.6054
NEG0398,negverify,respiratory,0,0,full,0.01091639,91.6054
NEG0398,negverify,bowel,0,0,full,0.01091639,91.6054
NEG0398,negverify,urinary,0,0,full,0.01091639,91.6054
NEG0398,negverify,sexual_reproductive,0,0,full,0.01091639,91.6054
NEG0398,negverify,limb_lymphedema,0,0,full,0.01091639,91.6054
NEG0398,negverify,visual,0,0,full,0.01091639,91.6054
NEG0399,negverify,cognition,0,0,full,0.01091639,91.6054
NEG0399,negverify,neuropathy,0,0,full,0.01091639,91.6054
NEG0399,negverify,fatigue,0,0,full,0.01091639,91.6054
NEG0399,negverify,pain,0,0,full,0.01091639,91.6054
NEG0399,negverify,physical_function,0,0,full,0.01091639,91.6054
NEG0399,negverify,swallowing,0,0,full,0.01091639,91.6054
NEG0399,negverify,speech_voice,0,0,full,0.01091639,91.6054
NEG0399,negverify,hearing,0,0,full,0.01091639,91.6054
NEG0399,negverify,respiratory,0,0,full,0.01091639,91.6054
NEG0399,negverify,bowel,0,0,full,0.01091639,91.6054
NEG0399,negverify,urinary,0,0,full,0.01091639,91.6054
NEG0399,negverify,sexual_reproductive,0,0,full,0.01091639,91.6054
NEG0399,negverify,limb_lymphedema,0,0,full,0.01091639,91.6054
NEG0399,negverify,visual,0,0,full,0.01091639,91.6054
NEG0400,negverify,cognition,0,0,full,0.01091639,91.6054
NEG0400,negverify,neuropathy,0,0,full,0.01091639,91.6054
NEG0400,negverify,fatigue,0,0,full,0.01091639,91.6054
NEG0400,negverify,pain,0,0,full,0.01091639,91.6054
NEG0400,negverify,physical_function,0,0,full,0.01091639,91.6054
NEG0400,negverify,swallowing,0,0,full,0.01091639,91.6054
NEG0400,negverify,speech_voice,0,0,full,0.01091639,91.6054
NEG0400,negverify,hearing,0,0,full,0.01091639,91.6054
NEG0400,negverify,respiratory,0,0,full,0.01091639,91.6054
NEG0400,negverify,bowel,0,0,full,0.01091639,91.6054
NEG0400,negverify,urinary,0,0,full,0.01091639,91.6054
NEG0400,negverify,sexual_reproductive,0,0,full,0.01091639,91.6054
NEG0400,negverify,limb_lymphedema,0,0,full,0.01091639,91.6054
NEG0400,negverify,visual,0,0,full,0.01091639,91.6054
NEG0401,negverify,cognition,0,0,full,0.01091639,91.6054
NEG0401,negverify,neuropathy,0,0,full,0.01091639,91.6054
NEG0401,negverify,fatigue,0,0,full,0.01091639,91.6054
NEG0401,negverify,pain,0,0,full,0.01091639,91.6054
NEG0401,negverify,physical_function,0,0,full,0.01091639,91.6054
NEG0401,negverify,swallowing,0,0,full,0.01091639,91.6054
NEG0401,negverify,speech_voice,0,0,full,0.01091639,91.6054
NEG0401,negverify,hearing,0,0,full,0.01091639,91.6054
NEG0401,negverify,respiratory,0,0,full,0.01091639,91.6054
NEG0401,negverify,bowel,0,0,full,0.01091639,91.6054
NEG0401,negverify,urinary,0,0,full,0.01091639,91.6054
NEG0401,negverify,sexual_reproductive,0,0,full,0.01091639,91.6054
NEG0401,negverify,limb_lymphedema,0,0,full,0.01091639,91.6054
NEG0401,negverify,visual,0,0,full,0.01091639,91.6054
NEG0402,negverify,cognition,0,0,full,0.01091639,91.6054
NEG0402,negverify,neuropathy,0,0,full,0.01091639,91.6054
NEG0402,negverify,fatigue,0,0,full,0.01091639,91.6054
NEG0402,negverify,pain,0,0,full,0.01091639,91.6054
NEG0402,negverify,physical_function,0,0,full,0.01091639,91.6054
NEG0402,negverify,swallowing,0,0,full,0.01091639,91.6054
NEG0402,negverify,speech_voice,0,0,full,0.01091639,91.6054
NEG0402,negverify,hearing,0,0,full,0.01091639,91.6054
NEG0402,negverify,respiratory,0,0,full,0.01091639,91.6054
NEG0402,negverify,bowel,0,0,full,0.01091639,91.6054
NEG0402,negverify,urinary,0,0,full,0.01091639,91.6054
NEG0402,negverify,sexual_reproductive,0,0,full,0.01091639,91.6054
NEG0402,negverify,limb_lymphedema,0,0,full,0.01091639,91.6054
NEG0402,negverify,visual,0,0,full,0.01091639,91.6054
NEG0403,negverify,cognition,0,0,full,0.01091639,91.6054
NEG0403,negverify,neuropathy,0,0,full,0.01091639,91.6054
NEG0403,negverify,fatigue,0,0,full,0.01091639,91.6054
NEG0403,negverify,pain,0,0,full,0.01091639,91.6054
NEG0403,negverify,physical_function,0,0,full,0.01091639,91.6054
NEG0403,negverify,swallowing,0,0,full,0.01091639,91.6054
NEG0403,negverify,speech_voice,0,0,full,0.01091639,91.6054
NEG0403,negverify,hearing,0,0,full,0.01091639,91.6054
NEG0403,negverify,respiratory,0,0,full,0.01091639,91.6054
NEG0403,negverify,bowel,0,0,full,0.01091639,91.6054
NEG0403,negverify,urinary,0,0,full,0.01091639,91.6054
NEG0403,negverify,sexual_reproductive,0,0,full,0.01091639,91.6054
NEG0403,negverify,limb_lymphedema,0,0,full,0.01091639,91.6054
NEG0403,negverify,visual,0,0,full,0.01091639,91.6054
NEG0404,negverify,cognition,0,0,full,0.01091639,91.6054
NEG0404,negverify,neuropathy,0,0,full,0.01091639,91.6054
NEG0404,negverify,fatigue,0,0,full,0.01091639,91.6054
NEG0404,negverify,pain,0,0,full,0.01091639,91.6054
NEG0404,negverify,physical_function,0,0,full,0.01091639,91.6054
NEG0404,negverify,swallowing,0,0,full,0.01091639,91.6054
NEG0404,negverify,speech_voice,0,0,full,0.01091639,91.6054
NEG0404,negverify,hearing,0,0,full,0.01091639,91.6054
NEG0404,negverify,respiratory,0,0,full,0.01091639,91.6054
NEG0404,negverify,bowel,0,0,full,0.01091639,91.6054
NEG0404,negverify,urinary,0,0,full,0.01091639,91.6054
NEG0404,negverify,sexual_reproductive,0,0,full,0.01091639,91.6054
NEG0404,negverify,limb_lymphedema,0,0,full,0.01091639,91.6054
NEG0404,negverify,visual,0,0,full,0.01091639,91.6054
NEG0405,negverify,cognition,0,0,full,0.01091639,91.6054
NEG0405,negverify,neuropathy,0,0,full,0.01091639,91.6054
NEG0405,negverify,fatigue,0,0,full,0.01091639,91.6054
NEG0405,negverify,pain,0,0,full,0.01091639,91.6054
NEG0405,negverify,physical_function,0,0,full,0.01091639,91.6054
NEG0405,negverify,swallowing,0,0,full,0.01091639,91.6054
NEG0405,negverify,speech_voice,0,0,full,0.01091639,91.6054
NEG0405,negverify,hearing,0,0,full,0.01091639,91.6054
NEG0405,negverify,respiratory,0,0,full,0.01091639,91.6054
NEG0405,negverify,bowel,0,0,full,0.01091639,91.6054
NEG0405,negverify,urinary,0,0,full,0.01091639,91.6054
NEG0405,negverify,sexual_reproductive,0,0,full,0.01091639,91.6054
NEG0405,negverify,limb_lymphedema,0,0,full,0.01091639,91.6054
NEG0405,negverify,visual,0,0,full,0.01091639,91.6054
NEG0406,negverify,cognition,0,0,full,0.01091639,91.6054
NEG0406,negverify,neuropathy,0,0,full,0.01091639,91.6054
NEG0406,negverify,fatigue,0,0,full,0.01091639,91.6054
NEG0406,negverify,pain,0,0,full,0.01091639,91.6054
NEG0406,negverify,physical_function,0,0,full,0.01091639,91.6054
NEG0406,negverify,swallowing,0,0,full,0.01091639,91.6054
NEG0406,negverify,speech_voice,0,0,full,0.01091639,91.6054
NEG0406,negverify,hearing,0,0,full,0.01091639,91.6054
NEG0406,negverify,respiratory,0,0,full,0.01091639,91.6054
NEG0406,negverify,bowel,0,0,full,0.01091639,91.6054
NEG0406,negverify,urinary,0,0,full,0.01091639,91.6054
NEG0406,negverify,sexual_reproductive,0,0,full,0.01091639,91.6054
NEG0406,negverify,limb_lymphedema,0,0,full,0.01091639,91.6054
NEG0406,negverify,visual,0,0,full,0.01091639,91.6054
NEG0407,negverify,cognition,0,0,full,0.01091639,91.6054
NEG0407,negverify,neuropathy,0,0,full,0.01091639,91.6054
NEG0407,negverify,fatigue,0,0,full,0.01091639,91.6054
NEG0407,negverify,pain,0,0,full,0.01091639,91.6054
NEG0407,negverify,physical_function,0,0,full,0.01091639,91.6054
NEG0407,negverify,swallowing,0,0,full,0.01091639,91.6054
NEG0407,negverify,speech_voice,0,0,full,0.01091639,91.6054
NEG0407,negverify,hearing,0,0,full,0.01091639,91.6054
NEG0407,negverify,respiratory,0,0,full,0.01091639,91.6054
NEG0407,negverify,bowel,0,0,full,0.01091639,91.6054
NEG0407,negverify,urinary,0,0,full,0.01091639,91.6054
NEG0407,negverify,sexual_reproductive,0,0,full,0.01091639,91.6054
NEG0407,negverify,limb_lymphedema,0,0,full,0.01091639,91.6054
NEG0407,negverify,visual,0,0,full,0.01091639,91.6054
NEG0408,negverify,cognition,0,0,full,0.01091639,91.6054
NEG0408,negverify,neuropathy,0,0,full,0.01091639,91.6054
NEG0408,negverify,fatigue,0,0,full,0.01091639,91.6054
NEG0408,negverify,pain,0,0,full,0.01091639,91.6054
NEG0408,negverify,physical_function,0,0,full,0.01091639,91.6054
NEG0408,negverify,swallowing,0,0,full,0.01091639,91.6054
NEG0408,negverify,speech_voice,0,0,full,0.01091639,91.6054
NEG0408,negverify,hearing,0,0,full,0.01091639,91.6054
NEG0408,negverify,respiratory,0,0,full,0.01091639,91.6054
NEG0408,negverify,bowel,0,0,full,0.01091639,91.6054
NEG0408,negverify,urinary,0,0,full,0.01091639,91.6054
NEG0408,negverify,sexual_reproductive,0,0,full,0.01091639,91.6054
NEG0408,negverify,limb_lymphedema,0,0,full,0.01091639,91.6054
NEG0408,negverify,visual,0,0,full,0.01091639,91.6054
NEG0409,negverify,cognition,0,0,full,0.01091639,91.6054
NEG0409,negverify,neuropathy,0,0,full,0.01091639,91.6054
NEG0409,negverify,fatigue,0,0,full,0.01091639,91.6054
NEG0409,negverify,pain,0,0,full,0.01091639,91.6054
NEG0409,negverify,physical_function,0,0,full,0.01091639,91.6054
NEG0409,negverify,swallowing,0,0,full,0.01091639,91.6054
NEG0409,negverify,speech_voice,0,0,full,0.01091639,91.6054
NEG0409,negverify,hearing,0,0,full,0.01091639,91.6054
NEG0409,negverify,respiratory,0,0,full,0.01091639,91.6054
NEG0409,negverify,bowel,0,0,full,0.01091639,91.6054
NEG0409,negverify,urinary,0,0,full,0.01091639,91.6054
NEG0409,negverify,sexual_reproductive,0,0,full,0.01091639,91.6054
NEG0409,negverify,limb_lymphedema,0,0,full,0.01091639,91.6054
NEG0409,negverify,visual,0,0,full,0.01091639,91.6054
NEG0410,negverify,cognition,0,0,full,0.01091639,91.6054
NEG0410,negverify,neuropathy,0,0,full,0.01091639,91.6054
NEG0410,negverify,fatigue,0,0,full,0.01091639,91.6054
NEG0410,negverify,pain,0,0,full,0.01091639,91.6054
NEG0410,negverify,physical_function,0,0,full,0.01091639,91.6054
NEG0410,negverify,swallowing,0,0,full,0.01091639,91.6054
NEG0410,negverify,speech_voice,0,0,full,0.01091639,91.6054
NEG0410,negverify,hearing,0,0,full,0.01091639,91.6054
NEG0410,negverify,respiratory,0,0,full,0.01091639,91.6054
NEG0410,negverify,bowel,0,0,full,0.01091639,91.6054
NEG0410,negverify,urinary,0,0,full,0.01091639,91.6054
NEG0410,negverify,sexual_reproductive,0,0,full,0.01091639,91.6054
NEG0410,negverify,limb_lymphedema,0,0,full,0.01091639,91.6054
NEG0410,negverify,visual,0,0,full,0.01091639,91.6054
NEG0411,negverify,cognition,0,0,full,0.01091639,91.6054
NEG0411,negverify,neuropathy,0,0,full,0.01091639,91.6054
NEG0411,negverify,fatigue,0,0,full,0.01091639,91.6054
NEG0411,negverify,pain,0,0,full,0.01091639,91.6054
NEG0411,negverify,physical_function,0,0,full,0.01091639,91.6054
NEG0411,negverify,swallowing,0,0,full,0.01091639,91.6054
NEG0411,negverify,speech_voice,0,0,full,0.01091639,91.6054
NEG0411,negverify,hearing,0,0,full,0.01091639,91.6054
NEG0411,negverify,respiratory,0,0,full,0.01091639,91.6054
NEG0411,negverify,bowel,0,0,full,0.01091639,91.6054
NEG0411,negverify,urinary,0,0,full,0.01091639,91.6054
NEG0411,negverify,sexual_reproductive,0,0,full,0.01091639,91.6054
NEG0411,negverify,limb_lymphedema,0,0,full,0.01091639,91.6054
NEG0411,negverify,visual,0,0,full,0.01091639,91.6054
NEG0412,negverify,cognition,0,0,full,0.01091639,91.6054
NEG0412,negverify,neuropathy,0,0,full,0.01091639,91.6054
NEG0412,negverify,fatigue,0,0,full,0.01091639,91.6054
NEG0412,negverify,pain,0,0,full,0.01091639,91.6054
NEG0412,negverify,physical_function,0,0,full,0.01091639,91.6054
NEG0412,negverify,swallowing,0,0,full,0.01091639,91.6054
NEG0412,negverify,speech_voice,0,0,full,0.01091639,91.6054
NEG0412,negverify,hearing,0,0,full,0.01091639,91.6054
NEG0412,negverify,respiratory,0,0,full,0.01091639,91.6054
NEG0412,negverify,bowel,0,0,full,0.01091639,91.6054
NEG0412,negverify,urinary,0,0,full,0.01091639,91.6054
NEG0412,negverify,sexual_reproductive,0,0,full,0.01091639,91.6054
NEG0412,negverify,limb_lymphedema,0,0,full,0.01091639,91.6054
NEG0412,negverify,visual,0,0,full,0.01091639,91.6054
NEG0413,negverify,cognition,0,0,full,0.01091639,91.6054
NEG0413,negverify,neuropathy,0,0,full,0.01091639,91.6054
NEG0413,negverify,fatigue,0,0,full,0.01091639,91.6054
NEG0413,negverify,pain,0,0,full,0.01091639,91.6054
NEG0413,negverify,physical_function,0,0,full,0.01091639,91.6054
NEG0413,negverify,swallowing,0,0,full,0.01091639,91.6054
NEG0413,negverify,speech_voice,0,0,full,0.01091639,91.6054
NEG0413,negverify,hearing,0,0,full,0.01091639,91.6054
NEG0413,negverify,respiratory,0,0,full,0.01091639,91.6054
NEG0413,negverify,bowel,0,0,full,0.01091639,91.6054
NEG0413,negverify,urinary,0,0,full,0.01091639,91.6054
NEG0413,negverify,sexual_reproductive,0,0,full,0.01091639,91.6054
NEG0413,negverify,limb_lymphedema,0,0,full,0.01091639,91.6054
NEG0413,negverify,visual,0,0,full,0.01091639,91.6054
NEG0414,negverify,cognition,0,0,full,0.01091639,91.6054
NEG0414,negverify,neuropathy,0,0,full,0.01091639,91.6054
NEG0414,negverify,fatigue,0,0,full,0.01091639,91.6054
NEG0414,negverify,pain,0,0,full,0.01091639,91.6054
NEG0414,negverify,physical_function,0,0,full,0.01091639,91.6054
NEG0414,negverify,swallowing,0,0,full,0.01091639,91.6054
NEG0414,negverify,speech_voice,0,0,full,0.01091639,91.6054
NEG0414,negverify,hearing,0,0,full,0.01091639,91.6054
NEG0414,negverify,respiratory,0,0,full,0.01091639,91.6054
NEG0414,negverify,bowel,0,0,full,0.01091639,91.6054
NEG0414,negverify,urinary,0,0,full,0.01091639,91.6054
NEG0414,negverify,sexual_reproductive,0,0,full,0.01091639,91.6054
NEG0414,negverify,limb_lymphedema,0,0,full,0.01091639,91.6054
NEG0414,negverify,visual,0,0,full,0.01091639,91.6054
NEG0415,negverify,cognition,0,0,full,0.01091639,91.6054
NEG0415,negverify,neuropathy,0,0,full,0.01091639,91.6054
NEG0415,negverify,fatigue,0,0,full,0.01091639,91.6054
NEG0415,negverify,pain,0,0,full,0.01091639,91.6054
NEG0415,negverify,physical_function,0,0,full,0.01091639,91.6054
NEG0415,negverify,swallowing,0,0,full,0.01091639,91.6054
NEG0415,negverify,speech_voice,0,0,full,0.01091639,91.6054
NEG0415,negverify,hearing,0,0,full,0.01091639,91.6054
NEG0415,negverify,respiratory,0,0,full,0.01091639,91.6054
NEG0415,negverify,bowel,0,0,full,0.01091639,91.6054
NEG0415,negverify,urinary,0,0,full,0.01091639,91.6054
NEG0415,negverify,sexual_reproductive,0,0,full,0.01091639,91.6054
NEG0415,negverify,limb_lymphedema,0,0,full,0.01091639,91.6054
NEG0415,negverify,visual,0,0,full,0.01091639,91.6054
NEG0416,negverify,cognition,0,0,full,0.01091639,91.6054
NEG0416,negverify,neuropathy,0,0,full,0.01091639,91.6054
NEG0416,negverify,fatigue,0,0,full,0.01091639,91.6054
NEG0416,negverify,pain,0,0,full,0.01091639,91.6054
NEG0416,negverify,physical_function,0,0,full,0.01091639,91.6054
NEG0416,negverify,swallowing,0,0,full,0.01091639,91.6054
NEG0416,negverify,speech_voice,0,0,full,0.01091639,91.6054
NEG0416,negverify,hearing,0,0,full,0.01091639,91.6054
NEG0416,negverify,respiratory,0,0,full,0.01091639,91.6054
NEG0416,negverify,bowel,0,0,full,0.01091639,91.6054
NEG0416,negverify,urinary,0,0,full,0.01091639,91.6054
NEG0416,negverify,sexual_reproductive,0,0,full,0.01091639,91.6054
NEG0416,negverify,limb_lymphedema,0,0,full,0.01091639,91.6054
NEG0416,negverify,visual,0,0,full,0.01091639,91.6054
NEG0417,negverify,cognition,0,0,full,0.01091639,91.6054
NEG0417,negverify,neuropathy,0,0,full,0.01091639,91.6054
NEG0417,negverify,fatigue,0,0,full,0.01091639,91.6054
NEG0417,negverify,pain,0,0,full,0.01091639,91.6054
NEG0417,negverify,physical_function,0,0,full,0.01091639,91.6054
NEG0417,negverify,swallowing,0,0,full,0.01091639,91.6054
NEG0417,negverify,speech_voice,0,0,full,0.01091639,91.6054
NEG0417,negverify,hearing,0,0,full,0.01091639,91.6054
NEG0417,negverify,respiratory,0,0,full,0.01091639,91.6054
NEG0417,negverify,bowel,0,0,full,0.01091639,91.6054
NEG0417,negverify,urinary,0,0,full,0.01091639,91.6054
NEG0417,negverify,sexual_reproductive,0,0,full,0.01091639,91.6054
NEG0417,negverify,limb_lymphedema,0,0,full,0.01091639,91.6054
NEG0417,negverify,visual,0,0,full,0.01091639,91.6054
NEG0418,negverify,cognition,0,0,full,0.01091639,91.6054
NEG0418,negverify,neuropathy,0,0,full,0.01091639,91.6054
NEG0418,negverify,fatigue,0,0,full,0.01091639,91.6054
NEG0418,negverify,pain,0,0,full,0.01091639,91.6054
NEG0418,negverify,physical_function,0,0,full,0.01091639,91.6054
NEG0418,negverify,swallowing,0,0,full,0.01091639,91.6054
NEG0418,negverify,speech_voice,0,0,full,0.01091639,91.6054
NEG0418,negverify,hearing,0,0,full,0.01091639,91.6054
NEG0418,negverify,respiratory,0,0,full,0.01091639,91.6054
NEG0418,negverify,bowel,0,0,full,0.01091639,91.6054
NEG0418,negverify,urinary,0,0,full,0.01091639,91.6054
NEG0418,negverify,sexual_reproductive,0,0,full,0.01091639,91.6054
NEG0418,negverify,limb_lymphedema,0,0,full,0.01091639,91.6054
NEG0418,negverify,visual,0,0,full,0.01091639,91.6054
NEG0419,negverify,cognition,0,0,full,0.01091639,91.6054
NEG0419,negverify,neuropathy,0,0,full,0.01091639,91.6054
NEG0419,negverify,fatigue,0,0,full,0.01091639,91.6054
NEG0419,negverify,pain,0,0,full,0.01091639,91.6054
NEG0419,negverify,physical_function,0,0,full,0.01091639,91.6054
NEG0419,negverify,swallowing,0,0,full,0.01091639,91.6054
NEG0419,negverify,speech_voice,0,0,full,0.01091639,91.6054
NEG0419,negverify,hearing,0,0,full,0.01091639,91.6054
NEG0419,negverify,respiratory,0,0,full,0.01091639,91.6054
NEG0419,negverify,bowel,0,0,full,0.01091639,91.6054
NEG0419,negverify,urinary,0,0,full,0.01091639,91.6054
NEG0419,negverify,sexual_reproductive,0,0,full,0.01091639,91.6054
NEG0419,negverify,limb_lymphedema,0,0,full,0.01091639,91.6054
NEG0419,negverify,visual,0,0,full,0.01091639,91.6054
NEG0420,negverify,cognition,0,0,truncated,0.01091639,91.6054
NEG0420,negverify,neuropathy,0,0,truncated,0.01091639,91.6054
NEG0420,negverify,fatigue,0,0,truncated,0.01091639,91.6054
NEG0420,negverify,pain,0,0,truncated,0.01091639,91.6054
NEG0420,negverify,physical_function,0,0,truncated,0.01091639,91.6054
NEG0420,negverify,swallowing,0,0,truncated,0.01091639,91.6054
NEG0420,negverify,speech_voice,0,0,truncated,0.01091639,91.6054
NEG0420,negverify,hearing,0,0,truncated,0.01091639,91.6054
NEG0420,negverify,respiratory,0,0,truncated,0.01091639,91.6054
NEG0420,negverify,bowel,0,0,truncated,0.01091639,91.6054
NEG0420,negverify,urinary,0,0,truncated,0.01091639,91.6054
NEG0420,negverify,sexual_reproductive,0,0,truncated,0.01091639,91.6054
NEG0420,negverify,limb_lymphedema,0,0,truncated,0.01091639,91.6054
NEG0420,negverify,visual,0,0,truncated,0.01091639,91.6054
NEG0421,negverify,cognition,0,0,full,0.01091639,91.6054
NEG0421,negverify,neuropathy,0,0,full,0.01091639,91.6054
NEG0421,negverify,fatigue,0,0,full,0.01091639,91.6054
NEG0421,negverify,pain,0,0,full,0.01091639,91.6054
NEG0421,negverify,physical_function,0,0,full,0.01091639,91.6054
NEG0421,negverify,swallowing,0,0,full,0.01091639,91.6054
NEG0421,negverify,speech_voice,0,0,full,0.01091639,91.6054
NEG0421,negverify,hearing,0,0,full,0.01091639,91.6054
NEG0421,negverify,respiratory,0,0,full,0.01091639,91.6054
NEG0421,negverify,bowel,0,0,full,0.01091639,91.6054
NEG0421,negverify,urinary,0,0,full,0.01091639,91.6054
NEG0421,negverify,sexual_reproductive,0,0,full,0.01091639,91.6054
NEG0421,negverify,limb_lymphedema,0,0,full,0.01091639,91.6054
NEG0421,negverify,visual,0,0,full,0.01091639,91.6054
NEG0422,negverify,cognition,0,0,full,0.01091639,91.6054
NEG0422,negverify,neuropathy,0,0,full,0.01091639,91.6054
NEG0422,negverify,fatigue,0,0,full,0.01091639,91.6054
NEG0422,negverify,pain,0,0,full,0.01091639,91.6054
NEG0422,negverify,physical_function,0,0,full,0.01091639,91.6054
NEG0422,negverify,swallowing,0,0,full,0.01091639,91.6054
NEG0422,negverify,speech_voice,0,0,full,0.01091639,91.6054
NEG0422,negverify,hearing,0,0,full,0.01091639,91.6054
NEG0422,negverify,respiratory,0,0,full,0.01091639,91.6054
NEG0422,negverify,bowel,0,0,full,0.01091639,91.6054
NEG0422,negverify,urinary,0,0,full,0.01091639,91.6054
NEG0422,negverify,sexual_reproductive,0,0,full,0.01091639,91.6054
NEG0422,negverify,limb_lymphedema,0,0,full,0.01091639,91.6054
NEG0422,negverify,visual,0,0,full,0.01091639,91.6054
NEG0423,negverify,cognition,0,0,full,0.01091639,91.6054
NEG0423,negverify,neuropathy,0,0,full,0.01091639,91.6054
NEG0423,negverify,fatigue,0,0,full,0.01091639,91.6054
NEG0423,negverify,pain,0,0,full,0.01091639,91.6054
NEG0423,negverify,physical_function,0,0,full,0.01091639,91.6054
NEG0423,negverify,swallowing,0,0,full,0.01091639,91.6054
NEG0423,negverify,speech_voice,0,0,full,0.01091639,91.6054
NEG0423,negverify,hearing,0,0,full,0.01091639,91.6054
NEG0423,negverify,respiratory,0,0,full,0.01091639,91.6054
NEG0423,negverify,bowel,0,0,full,0.01091639,91.6054
NEG0423,negverify,urinary,0,0,full,0.01091639,91.6054
NEG0423,negverify,sexual_reproductive,0,0,full,0.01091639,91.6054
NEG0423,negverify,limb_lymphedema,0,0,full,0.01091639,91.6054
NEG0423,negverify,visual,0,0,full,0.01091639,91.6054
NEG0424,negverify,cognition,0,0,full,0.01091639,91.6054
NEG0424,negverify,neuropathy,0,0,full,0.01091639,91.6054
NEG0424,negverify,fatigue,0,0,full,0.01091639,91.6054
NEG0424,negverify,pain,0,0,full,0.01091639,91.6054
NEG0424,negverify,physical_function,0,0,full,0.01091639,91.6054
NEG0424,negverify,swallowing,0,0,full,0.01091639,91.6054
NEG0424,negverify,speech_voice,0,0,full,0.01091639,91.6054
NEG0424,negverify,hearing,0,0,full,0.01091639,91.6054
NEG0424,negverify,respiratory,0,0,full,0.01091639,91.6054
NEG0424,negverify,bowel,0,0,full,0.01091639,91.6054
NEG0424,negverify,urinary,0,0,full,0.01091639,91.6054
NEG0424,negverify,sexual_reproductive,0,0,full,0.01091639,91.6054
NEG0424,negverify,limb_lymphedema,0,0,full,0.01091639,91.6054
NEG0424,negverify,visual,0,0,full,0.01091639,91.6054
NEG0425,negverify,cognition,0,0,full,0.01091639,91.6054
NEG0425,negverify,neuropathy,0,0,full,0.01091639,91.6054
NEG0425,negverify,fatigue,0,0,full,0.01091639,91.6054
NEG0425,negverify,pain,0,0,full,0.01091639,91.6054
NEG0425,negverify,physical_function,0,0,full,0.01091639,91.6054
NEG0425,negverify,swallowing,0,0,full,0.01091639,91.6054
NEG0425,negverify,speech_voice,0,0,full,0.01091639,91.6054
NEG0425,negverify,hearing,0,0,full,0.01091639,91.6054
NEG0425,negverify,respiratory,0,0,full,0.01091639,91.6054
NEG0425,negverify,bowel,0,0,full,0.01091639,91.6054
NEG0425,negverify,urinary,0,0,full,0.01091639,91.6054
NEG0425,negverify,sexual_reproductive,0,0,full,0.01091639,91.6054
NEG0425,negverify,limb_lymphedema,0,0,full,0.01091639,91.6054
NEG0425,negverify,visual,0,0,full,0.01091639,91.6054
NEG0426,negverify,cognition,0,0,full,0.01091639,91.6054
NEG0426,negverify,neuropathy,0,0,full,0.01091639,91.6054
NEG0426,negverify,fatigue,0,0,full,0.01091639,91.6054
NEG0426,negverify,pain,0,0,full,0.01091639,91.6054
NEG0426,negverify,physical_function,0,0,full,0.01091639,91.6054
NEG0426,negverify,swallowing,0,0,full,0.01091639,91.6054
NEG0426,negverify,speech_voice,0,0,full,0.01091639,91.6054
NEG0426,negverify,hearing,0,0,full,0.01091639,91.6054
NEG0426,negverify,respiratory,0,0,full,0.01091639,91.6054
NEG0426,negverify,bowel,0,0,full,0.01091639,91.6054
NEG0426,negverify,urinary,0,0,full,0.01091639,91.6054
NEG0426,negverify,sexual_reproductive,0,0,full,0.01091639,91.6054
NEG0426,negverify,limb_lymphedema,0,0,full,0.01091639,91.6054
NEG0426,negverify,visual,0,0,full,0.01091639,91.6054
NEG0427,negverify,cognition,0,0,full,0.01091639,91.6054
NEG0427,negverify,neuropathy,0,0,full,0.01091639,91.6054
NEG0427,negverify,fatigue,0,0,full,0.01091639,91.6054
NEG0427,negverify,pain,0,0,full,0.01091639,91.6054
NEG0427,negverify,physical_function,0,0,full,0.01091639,91.6054
NEG0427,negverify,swallowing,0,0,full,0.01091639,91.6054
NEG0427,negverify,speech_voice,0,0,full,0.01091639,91.6054
NEG0427,negverify,hearing,0,0,full,0.01091639,91.6054
NEG0427,negverify,respiratory,0,0,full,0.01091639,91.6054
NEG0427,negverify,bowel,0,0,full,0.01091639,91.6054
NEG0427,negverify,urinary,0,0,full,0.01091639,91.6054
NEG0427,negverify,sexual_reproductive,0,0,full,0.01091639,91.6054
NEG0427,negverify,limb_lymphedema,0,0,full,0.01091639,91.6054
NEG0427,negverify,visual,0,0,full,0.01091639,91.6054
NEG0428,negverify,cognition,0,0,full,0.01091639,91.6054
NEG0428,negverify,neuropathy,0,0,full,0.01091639,91.6054
NEG0428,negverify,fatigue,0,0,full,0.01091639,91.6054
NEG0428,negverify,pain,0,0,full,0.01091639,91.6054
NEG0428,negverify,physical_function,0,0,full,0.01091639,91.6054
NEG0428,negverify,swallowing,0,0,full,0.01091639,91.6054
NEG0428,negverify,speech_voice,0,0,full,0.01091639,91.6054
NEG0428,negverify,hearing,0,0,full,0.01091639,91.6054
NEG0428,negverify,respiratory,0,0,full,0.01091639,91.6054
NEG0428,negverify,bowel,0,0,full,0.01091639,91.6054
NEG0428,negverify,urinary,0,0,full,0.01091639,91.6054
NEG0428,negverify,sexual_reproductive,0,0,full,0.01091639,91.6054
NEG0428,negverify,limb_lymphedema,0,0,full,0.01091639,91.6054
NEG0428,negverify,visual,0,0,full,0.01091639,91.6054
NEG0429,negverify,cognition,0,0,full,0.01091639,91.6054
NEG0429,negverify,neuropathy,0,0,full,0.01091639,91.6054
NEG0429,negverify,fatigue,0,0,full,0.01091639,91.6054
NEG0429,negverify,pain,0,0,full,0.01091639,91.6054
NEG0429,negverify,physical_function,0,0,full,0.01091639,91.6054
NEG0429,negverify,swallowing,0,0,full,0.01091639,91.6054
NEG0429,negverify,speech_voice,0,0,full,0.01091639,91.6054
NEG0429,negverify,hearing,0,0,full,0.01091639,91.6054
NEG0429,negverify,respiratory,0,0,full,0.01091639,91.6054
NEG0429,negverify,bowel,0,0,full,0.01091639,91.6054
NEG0429,negverify,urinary,0,0,full,0.01091639,91.6054
NEG0429,negverify,sexual_reproductive,0,0,full,0.01091639,91.6054
NEG0429,negverify,limb_lymphedema,0,0,full,0.01091639,91.6054
NEG0429,negverify,visual,0,0,full,0.01091639,91.6054
NEG0430,negverify,cognition,0,0,full,0.01091639,91.6054
NEG0430,negverify,neuropathy,0,0,full,0.01091639,91.6054
NEG0430,negverify,fatigue,0,0,full,0.01091639,91.6054
NEG0430,negverify,pain,0,0,full,0.01091639,91.6054
NEG0430,negverify,physical_function,0,0,full,0.01091639,91.6054
NEG0430,negverify,swallowing,0,0,full,0.01091639,91.6054
NEG0430,negverify,speech_voice,0,0,full,0.01091639,91.6054
NEG0430,negverify,hearing,0,0,full,0.01091639,91.6054
NEG0430,negverify,respiratory,0,0,full,0.01091639,91.6054
NEG0430,negverify,bowel,0,0,full,0.01091639,91.6054
NEG0430,negverify,urinary,0,0,full,0.01091639,91.6054
NEG0430,negverify,sexual_reproductive,0,0,full,0.01091639,91.6054
NEG0430,negverify,limb_lymphedema,0,0,full,0.01091639,91.6054
NEG0430,negverify,visual,0,0,full,0.01091639,91.6054
NEG0431,negverify,cognition,0,0,full,0.01091639,91.6054
NEG0431,negverify,neuropathy,0,0,full,0.01091639,91.6054
NEG0431,negverify,fatigue,0,0,full,0.01091639,91.6054
NEG0431,negverify,pain,0,0,full,0.01091639,91.6054
NEG0431,negverify,physical_function,0,0,full,0.01091639,91.6054
NEG0431,negverify,swallowing,0,0,full,0.01091639,91.6054
NEG0431,negverify,speech_voice,0,0,full,0.01091639,91.6054
NEG0431,negverify,hearing,0,0,full,0.01091639,91.6054
NEG0431,negverify,respiratory,0,0,full,0.01091639,91.6054
NEG0431,negverify,bowel,0,0,full,0.01091639,91.6054
NEG0431,negverify,urinary,0,0,full,0.01091639,91.6054
NEG0431,negverify,sexual_reproductive,0,0,full,0.01091639,91.6054
NEG0431,negverify,limb_lymphedema,0,0,full,0.01091639,91.6054
NEG0431,negverify,visual,0,0,full,0.01091639,91.6054
NEG0432,negverify,cognition,0,0,full,0.01091639,91.6054
NEG0432,negverify,neuropathy,0,0,full,0.01091639,91.6054
NEG0432,negverify,fatigue,0,0,full,0.01091639,91.6054
NEG0432,negverify,pain,0,0,full,0.01091639,91.6054
NEG0432,negverify,physical_function,0,0,full,0.01091639,91.6054
NEG0432,negverify,swallowing,0,0,full,0.01091639,91.6054
NEG0432,negverify,speech_voice,0,0,full,0.01091639,91.6054
NEG0432,negverify,hearing,0,0,full,0.01091639,91.6054
NEG0432,negverify,respiratory,0,0,full,0.01091639,91.6054
NEG0432,negverify,bowel,0,0,full,0.01091639,91.6054
NEG0432,negverify,urinary,0,0,full,0.01091639,91.6054
NEG0432,negverify,sexual_reproductive,0,0,full,0.01091639,91.6054
NEG0432,negverify,limb_lymphedema,0,0,full,0.01091639,91.6054
NEG0432,negverify,visual,0,0,full,0.01091639,91.6054
NEG0433,negverify,cognition,0,0,full,0.01091639,91.6054
NEG0433,negverify,neuropathy,0,0,full,0.01091639,91.6054
NEG0433,negverify,fatigue,0,0,full,0.01091639,91.6054
NEG0433,negverify,pain,0,0,full,0.01091639,91.6054
NEG0433,negverify,physical_function,0,0,full,0.01091639,91.6054
NEG0433,negverify,swallowing,0,0,full,0.01091639,91.6054
NEG0433,negverify,speech_voice,0,0,full,0.01091639,91.6054
NEG0433,negverify,hearing,0,0,full,0.01091639,91.6054
NEG0433,negverify,respiratory,0,0,full,0.01091639,91.6054
NEG0433,negverify,bowel,0,0,full,0.01091639,91.6054
NEG0433,negverify,urinary,0,0,full,0.01091639,91.6054
NEG0433,negverify,sexual_reproductive,0,0,full,0.01091639,91.6054
NEG0433,negverify,limb_lymphedema,0,0,full,0.01091639,91.6054
NEG0433,negverify,visual,0,0,full,0.01091639,91.6054
NEG0434,negverify,cognition,0,0,full,0.01091639,91.6054
NEG0434,negverify,neuropathy,0,0,full,0.01091639,91.6054
NEG0434,negverify,fatigue,0,0,full,0.01091639,91.6054
NEG0434,negverify,pain,0,0,full,0.01091639,91.6054
NEG0434,negverify,physical_function,0,0,full,0.01091639,91.6054
NEG0434,negverify,swallowing,0,0,full,0.01091639,91.6054
NEG0434,negverify,speech_voice,0,0,full,0.01091639,91.6054
NEG0434,negverify,hearing,0,0,full,0.01091639,91.6054
NEG0434,negverify,respiratory,0,0,full,0.01091639,91.6054
NEG0434,negverify,bowel,0,0,full,0.01091639,91.6054
NEG0434,negverify,urinary,0,0,full,0.01091639,91.6054
NEG0434,negverify,sexual_reproductive,0,0,full,0.01091639,91.6054
NEG0434,negverify,limb_lymphedema,0,0,full,0.01091639,91.6054
NEG0434,negverify,visual,0,0,full,0.01091639,91.6054
NEG0435,negverify,cognition,0,0,full,0.01091639,91.6054
NEG0435,negverify,neuropathy,0,0,full,0.01091639,91.6054
NEG0435,negverify,fatigue,0,0,full,0.01091639,91.6054
NEG0435,negverify,pain,0,0,full,0.01091639,91.6054
NEG0435,negverify,physical_function,0,0,full,0.01091639,91.6054
NEG0435,negverify,swallowing,0,0,full,0.01091639,91.6054
NEG0435,negverify,speech_voice,0,0,full,0.01091639,91.6054
NEG0435,negverify,hearing,0,0,full,0.01091639,91.6054
NEG0435,negverify,respiratory,0,0,full,0.01091639,91.6054
NEG0435,negverify,bowel,0,0,full,0.01091639,91.6054
NEG0435,negverify,urinary,0,0,full,0.01091639,91.6054
NEG0435,negverify,sexual_reproductive,0,0,full,0.01091639,91.6054
NEG0435,negverify,limb_lymphedema,0,0,full,0.01091639,91.6054
NEG0435,negverify,visual,0,0,full,0.01091639,91.6054
NEG0436,negverify,cognition,0,0,truncated,0.01091639,91.6054
NEG0436,negverify,neuropathy,0,0,truncated,0.01091639,91.6054
NEG0436,negverify,fatigue,0,0,truncated,0.01091639,91.6054
NEG0436,negverify,pain,0,0,truncated,0.01091639,91.6054
NEG0436,negverify,physical_function,0,0,truncated,0.01091639,91.6054
NEG0436,negverify,swallowing,0,0,truncated,0.01091639,91.6054
NEG0436,negverify,speech_voice,0,0,truncated,0.01091639,91.6054
NEG0436,negverify,hearing,0,0,truncated,0.01091639,91.6054
NEG0436,negverify,respiratory,0,0,truncated,0.01091639,91.6054
NEG0436,negverify,bowel,0,0,truncated,0.01091639,91.6054
NEG0436,negverify,urinary,0,0,truncated,0.01091639,91.6054
NEG0436,negverify,sexual_reproductive,0,0,truncated,0.01091639,91.6054
NEG0436,negverify,limb_lymphedema,0,0,truncated,0.01091639,91.6054
NEG0436,negverify,visual,0,0,truncated,0.01091639,91.6054
NEG0437,negverify,cognition,0,0,full,0.01091639,91.6054
NEG0437,negverify,neuropathy,0,0,full,0.01091639,91.6054
NEG0437,negverify,fatigue,0,0,full,0.01091639,91.6054
NEG0437,negverify,pain,0,0,full,0.01091639,91.6054
NEG0437,negverify,physical_function,0,0,full,0.01091639,91.6054
NEG0437,negverify,swallowing,0,0,full,0.01091639,91.6054
NEG0437,negverify,speech_voice,0,0,full,0.01091639,91.6054
NEG0437,negverify,hearing,0,0,full,0.01091639,91.6054
NEG0437,negverify,respiratory,0,0,full,0.01091639,91.6054
NEG0437,negverify,bowel,0,0,full,0.01091639,91.6054
NEG0437,negverify,urinary,0,0,full,0.01091639,91.6054
NEG0437,negverify,sexual_reproductive,0,0,full,0.01091639,91.6054
NEG0437,negverify,limb_lymphedema,0,0,full,0.01091639,91.6054
NEG0437,negverify,visual,0,0,full,0.01091639,91.6054
NEG0438,negverify,cognition,0,0,full,0.01091639,91.6054
NEG0438,negverify,neuropathy,0,0,full,0.01091639,91.6054
NEG0438,negverify,fatigue,0,0,full,0.01091639,91.6054
NEG0438,negverify,pain,0,0,full,0.01091639,91.6054
NEG0438,negverify,physical_function,0,0,full,0.01091639,91.6054
NEG0438,negverify,swallowing,0,0,full,0.01091639,91.6054
NEG0438,negverify,speech_voice,0,0,full,0.01091639,91.6054
NEG0438,negverify,hearing,0,0,full,0.01091639,91.6054
NEG0438,negverify,respiratory,0,0,full,0.01091639,91.6054
NEG0438,negverify,bowel,0,0,full,0.01091639,91.6054
NEG0438,negverify,urinary,0,0,full,0.01091639,91.6054
NEG0438,negverify,sexual_reproductive,0,0,full,0.01091639,91.6054
NEG0438,negverify,limb_lymphedema,0,0,full,0.01091639,91.6054
NEG0438,negverify,visual,0,0,full,0.01091639,91.6054
NEG0439,negverify,cognition,0,0,full,0.01091639,91.6054
NEG0439,negverify,neuropathy,0,0,full,0.01091639,91.6054
NEG0439,negverify,fatigue,0,0,full,0.01091639,91.6054
NEG0439,negverify,pain,0,0,full,0.01091639,91.6054
NEG0439,negverify,physical_function,0,0,full,0.01091639,91.6054
NEG0439,negverify,swallowing,0,0,full,0.01091639,91.6054
NEG0439,negverify,speech_voice,0,0,full,0.01091639,91.6054
NEG0439,negverify,hearing,0,0,full,0.01091639,91.6054
NEG0439,negverify,respiratory,0,0,full,0.01091639,91.6054
NEG0439,negverify,bowel,0,0,full,0.01091639,91.6054
NEG0439,negverify,urinary,0,0,full,0.01091639,91.6054
NEG0439,negverify,sexual_reproductive,0,0,full,0.01091639,91.6054
NEG0439,negverify,limb_lymphedema,0,0,full,0.01091639,91.6054
NEG0439,negverify,visual,0,0,full,0.01091639,91.6054
NEG0440,negverify,cognition,0,0,full,0.01091639,91.6054
NEG0440,negverify,neuropathy,0,0,full,0.01091639,91.6054
NEG0440,negverify,fatigue,0,0,full,0.01091639,91.6054
NEG0440,negverify,pain,0,0,full,0.01091639,91.6054
NEG0440,negverify,physical_function,0,0,full,0.01091639,91.6054
NEG0440,negverify,swallowing,0,0,full,0.01091639,91.6054
NEG0440,negverify,speech_voice,0,0,full,0.01091639,91.6054
NEG0440,negverify,hearing,0,0,full,0.01091639,91.6054
NEG0440,negverify,respiratory,0,0,full,0.01091639,91.6054
NEG0440,negverify,bowel,0,0,full,0.01091639,91.6054
NEG0440,negverify,urinary,0,0,full,0.01091639,91.6054
NEG0440,negverify,sexual_reproductive,0,0,full,0.01091639,91.6054
NEG0440,negverify,limb_lymphedema,0,0,full,0.01091639,91.6054
NEG0440,negverify,visual,0,0,full,0.01091639,91.6054
NEG0441,negverify,cognition,0,0,full,0.01091639,91.6054
NEG0441,negverify,neuropathy,0,0,full,0.01091639,91.6054
NEG0441,negverify,fatigue,0,0,full,0.01091639,91.6054
NEG0441,negverify,pain,0,0,full,0.01091639,91.6054
NEG0441,negverify,physical_function,0,0,full,0.01091639,91.6054
NEG0441,negverify,swallowing,0,0,full,0.01091639,91.6054
NEG0441,negverify,speech_voice,0,0,full,0.01091639,91.6054
NEG0441,negverify,hearing,0,0,full,0.01091639,91.6054
NEG0441,negverify,respiratory,0,0,full,0.01091639,91.6054
NEG0441,negverify,bowel,0,0,full,0.01091639,91.6054
NEG0441,negverify,urinary,0,0,full,0.01091639,91.6054
NEG0441,negverify,sexual_reproductive,0,0,full,0.01091639,91.6054
NEG0441,negverify,limb_lymphedema,0,0,full,0.01091639,91.6054
NEG0441,negverify,visual,0,0,full,0.01091639,91.6054
NEG0442,negverify,cognition,0,0,full,0.01091639,91.6054
NEG0442,negverify,neuropathy,0,0,full,0.01091639,91.6054
NEG0442,negverify,fatigue,0,0,full,0.01091639,91.6054
NEG0442,negverify,pain,0,0,full,0.01091639,91.6054
NEG0442,negverify,physical_function,0,0,full,0.01091639,91.6054
NEG0442,negverify,swallowing,0,0,full,0.01091639,91.6054
NEG0442,negverify,speech_voice,0,0,full,0.01091639,91.6054
NEG0442,negverify,hearing,0,0,full,0.01091639,91.6054
NEG0442,negverify,respiratory,0,0,full,0.01091639,91.6054
NEG0442,negverify,bowel,0,0,full,0.01091639,91.6054
NEG0442,negverify,urinary,0,0,full,0.01091639,91.6054
NEG0442,negverify,sexual_reproductive,0,0,full,0.01091639,91.6054
NEG0442,negverify,limb_lymphedema,0,0,full,0.01091639,91.6054
NEG0442,negverify,visual,0,0,full,0.01091639,91.6054
NEG0443,negverify,cognition,0,0,full,0.01091639,91.6054
NEG0443,negverify,neuropathy,0,0,full,0.01091639,91.6054
NEG0443,negverify,fatigue,0,0,full,0.01091639,91.6054
NEG0443,negverify,pain,0,0,full,0.01091639,91.6054
NEG0443,negverify,physical_function,0,0,full,0.01091639,91.6054
NEG0443,negverify,swallowing,0,0,full,0.01091639,91.6054
NEG0443,negverify,speech_voice,0,0,full,0.01091639,91.6054
NEG0443,negverify,hearing,0,0,full,0.01091639,91.6054
NEG0443,negverify,respiratory,0,0,full,0.01091639,91.6054
NEG0443,negverify,bowel,0,0,full,0.01091639,91.6054
NEG0443,negverify,urinary,0,0,full,0.01091639,91.6054
NEG0443,negverify,sexual_reproductive,0,0,full,0.01091639,91.6054
NEG0443,negverify,limb_lymphedema,0,0,full,0.01091639,91.6054
NEG0443,negverify,visual,0,0,full,0.01091639,91.6054
NEG0444,negverify,cognition,0,0,full,0.01091639,91.6054
NEG0444,negverify,neuropathy,0,0,full,0.01091639,91.6054
NEG0444,negverify,fatigue,0,0,full,0.01091639,91.6054
NEG0444,negverify,pain,0,0,full,0.01091639,91.6054
NEG0444,negverify,physical_function,0,0,full,0.01091639,91.6054
NEG0444,negverify,swallowing,0,0,full,0.01091639,91.6054
NEG0444,negverify,speech_voice,0,0,full,0.01091639,91.6054
NEG0444,negverify,hearing,0,0,full,0.01091639,91.6054
NEG0444,negverify,respiratory,0,0,full,0.01091639,91.6054
NEG0444,negverify,bowel,0,0,full,0.01091639,91.6054
NEG0444,negverify,urinary,0,0,full,0.01091639,91.6054
NEG0444,negverify,sexual_reproductive,0,0,full,0.01091639,91.6054
NEG0444,negverify,limb_lymphedema,0,0,full,0.01091639,91.6054
NEG0444,negverify,visual,0,0,full,0.01091639,91.6054
NEG0445,negverify,cognition,0,0,full,0.01091639,91.6054
NEG0445,negverify,neuropathy,0,0,full,0.01091639,91.6054
NEG0445,negverify,fatigue,0,0,full,0.01091639,91.6054
NEG0445,negverify,pain,0,0,full,0.01091639,91.6054
NEG0445,negverify,physical_function,0,0,full,0.01091639,91.6054
NEG0445,negverify,swallowing,0,0,full,0.01091639,91.6054
NEG0445,negverify,speech_voice,0,0,full,0.01091639,91.6054
NEG0445,negverify,hearing,0,0,full,0.01091639,91.6054
NEG0445,negverify,respiratory,0,0,full,0.01091639,91.6054
NEG0445,negverify,bowel,0,0,full,0.01091639,91.6054
NEG0445,negverify,urinary,0,0,full,0.01091639,91.6054
NEG0445,negverify,sexual_reproductive,0,0,full,0.01091639,91.6054
NEG0445,negverify,limb_lymphedema,0,0,full,0.01091639,91.6054
NEG0445,negverify,visual,0,0,full,0.01091639,91.6054
NEG0446,negverify,cognition,0,0,full,0.01091639,91.6054
NEG0446,negverify,neuropathy,0,0,full,0.01091639,91.6054
NEG0446,negverify,fatigue,0,0,full,0.01091639,91.6054
NEG0446,negverify,pain,0,0,full,0.01091639,91.6054
NEG0446,negverify,physical_function,0,0,full,0.01091639,91.6054
NEG0446,negverify,swallowing,0,0,full,0.01091639,91.6054
NEG0446,negverify,speech_voice,0,0,full,0.01091639,91.6054
NEG0446,negverify,hearing,0,0,full,0.01091639,91.6054
NEG0446,negverify,respiratory,0,0,full,0.01091639,91.6054
NEG0446,negverify,bowel,0,0,full,0.01091639,91.6054
NEG0446,negverify,urinary,0,0,full,0.01091639,91.6054
NEG0446,negverify,sexual_reproductive,0,0,full,0.01091639,91.6054
NEG0446,negverify,limb_lymphedema,0,0,full,0.01091639,91.6054
NEG0446,negverify,visual,0,0,full,0.01091639,91.6054
NEG0447,negverify,cognition,0,0,full,0.01091639,91.6054
NEG0447,negverify,neuropathy,0,0,full,0.01091639,91.6054
NEG0447,negverify,fatigue,0,0,full,0.01091639,91.6054
NEG0447,negverify,pain,0,0,full,0.01091639,91.6054
NEG0447,negverify,physical_function,0,0,full,0.01091639,91.6054
NEG0447,negverify,swallowing,0,0,full,0.01091639,91.6054
NEG0447,negverify,speech_voice,0,0,full,0.01091639,91.6054
NEG0447,negverify,hearing,0,0,full,0.01091639,91.6054
NEG0447,negverify,respiratory,0,0,full,0.01091639,91.6054
NEG0447,negverify,bowel,0,0,full,0.01091639,91.6054
NEG0447,negverify,urinary,0,0,full,0.01091639,91.6054
NEG0447,negverify,sexual_reproductive,0,0,full,0.01091639,91.6054
NEG0447,negverify,limb_lymphedema,0,0,full,0.01091639,91.6054
NEG0447,negverify,visual,0,0,full,0.01091639,91.6054
NEG0448,negverify,cognition,0,0,full,0.01091639,91.6054
NEG0448,negverify,neuropathy,0,0,full,0.01091639,91.6054
NEG0448,negverify,fatigue,0,0,full,0.01091639,91.6054
NEG0448,negverify,pain,0,0,full,0.01091639,91.6054
NEG0448,negverify,physical_function,0,0,full,0.01091639,91.6054
NEG0448,negverify,swallowing,0,0,full,0.01091639,91.6054
NEG0448,negverify,speech_voice,0,0,full,0.01091639,91.6054
NEG0448,negverify,hearing,0,0,full,0.01091639,91.6054
NEG0448,negverify,respiratory,0,0,full,0.01091639,91.6054
NEG0448,negverify,bowel,0,0,full,0.01091639,91.6054
NEG0448,negverify,urinary,0,0,full,0.01091639,91.6054
NEG0448,negverify,sexual_reproductive,0,0,full,0.01091639,91.6054
NEG0448,negverify,limb_lymphedema,0,0,full,0.01091639,91.6054
NEG0448,negverify,visual,0,0,full,0.01091639,91.6054
NEG0449,negverify,cognition,0,0,full,0.01091639,91.6054
NEG0449,negverify,neuropathy,0,0,full,0.01091639,91.6054
NEG0449,negverify,fatigue,0,0,full,0.01091639,91.6054
NEG0449,negverify,pain,0,0,full,0.01091639,91.6054
NEG0449,negverify,physical_function,0,0,full,0.01091639,91.6054
NEG0449,negverify,swallowing,0,0,full,0.01091639,91.6054
NEG0449,negverify,speech_voice,0,0,full,0.01091639,91.6054
NEG0449,negverify,hearing,0,0,full,0.01091639,91.6054
NEG0449,negverify,respiratory,0,0,full,0.01091639,91.6054
NEG0449,negverify,bowel,0,0,full,0.01091639,91.6054
NEG0449,negverify,urinary,0,0,full,0.01091639,91.6054
NEG0449,negverify,sexual_reproductive,0,0,full,0.01091639,91.6054
NEG0449,negverify,limb_lymphedema,0,0,full,0.01091639,91.6054
NEG0449,negverify,visual,0,0,full,0.01091639,91.6054
NEG0450,negverify,cognition,0,0,full,0.01091639,91.6054
NEG0450,negverify,neuropathy,0,0,full,0.01091639,91.6054
NEG0450,negverify,fatigue,0,0,full,0.01091639,91.6054
NEG0450,negverify,pain,0,0,full,0.01091639,91.6054
NEG0450,negverify,physical_function,0,0,full,0.01091639,91.6054
NEG0450,negverify,swallowing,0,0,full,0.01091639,91.6054
NEG0450,negverify,speech_voice,0,0,full,0.01091639,91.6054
NEG0450,negverify,hearing,0,0,full,0.01091639,91.6054
NEG0450,negverify,respiratory,0,0,full,0.01091639,91.6054
NEG0450,negverify,bowel,0,0,full,0.01091639,91.6054
NEG0450,negverify,urinary,0,0,full,0.01091639,91.6054
NEG0450,negverify,sexual_reproductive,0,0,full,0.01091639,91.6054
NEG0450,negverify,limb_lymphedema,0,0,full,0.01091639,91.6054
NEG0450,negverify,visual,0,0,full,0.01091639,91.6054
SNE0001,enrichment,cognition,0,0,full,,
SNE0002,enrichment,cognition,0,0,full,,
SNE0003,enrichment,cognition,0,0,full,,
SNE0004,enrichment,cognition,0,0,full,,
SNE0005,enrichment,cognition,0,0,truncated,,
SNE0006,enrichment,cognition,0,0,full,,
SNE0007,enrichment,cognition,0,0,truncated,,
SNE0008,enrichment,cognition,0,0,full,,
SNE0009,enrichment,cognition,0,0,full,,
SNE0010,enrichment,cognition,0,0,truncated,,
SNE0011,enrichment,cognition,0,0,truncated,,
SNE0012,enrichment,cognition,0,0,full,,
SNE0013,enrichment,cognition,0,0,full,,
SNE0014,enrichment,cognition,0,0,full,,
SNE0015,enrichment,cognition,0,0,full,,
SNE0016,enrichment,cognition,0,0,truncated,,
SNE0017,enrichment,cognition,0,0,truncated,,
SNE0018,enrichment,cognition,0,0,full,,
SNE0019,enrichment,cognition,0,0,full,,
SNE0020,enrichment,cognition,0,0,full,,
SNE0021,enrichment,cognition,0,0,truncated,,
SNE0022,enrichment,cognition,0,0,full,,
SNE0023,enrichment,cognition,0,0,full,,
SNE0024,enrichment,cognition,0,0,full,,
SNE0025,enrichment,cognition,0,0,truncated,,
SNE0026,enrichment,cognition,0,0,full,,
SNE0027,enrichment,cognition,0,0,truncated,,
SNE0028,enrichment,cognition,0,0,full,,
SNE0029,enrichment,cognition,0,0,full,,
SNE0030,enrichment,cognition,0,0,full,,
SNE0031,enrichment,cognition,0,0,full,,
SNE0032,enrichment,cognition,0,0,truncated,,
SNE0033,enrichment,cognition,0,0,full,,
SNE0034,enrichment,cognition,0,0,full,,
SNE0035,enrichment,cognition,0,0,full,,
SNE0036,enrichment,cognition,0,0,full,,
SNE0037,enrichment,cognition,0,0,full,,
SNE0038,enrichment,cognition,0,0,truncated,,
SNE0039,enrichment,cognition,0,0,full,,
SNE0040,enrichment,cognition,0,0,full,,
SNE0041,enrichment,cognition,0,0,full,,
SNE0042,enrichment,cognition,0,0,truncated,,
SNE0043,enrichment,cognition,0,0,full,,
SNE0044,enrichment,cognition,0,0,full,,
SNE0045,enrichment,cognition,0,0,full,,
SNE0046,enrichment,cognition,0,0,truncated,,
SNE0047,enrichment,cognition,0,0,truncated,,
SNE0048,enrichment,cognition,0,0,full,,
SNE0049,enrichment,cognition,0,0,full,,
SNE0050,enrichment,cognition,0,0,full,,
SNE0051,enrichment,neuropathy,0,0,full,,
SNE0052,enrichment,neuropathy,0,0,full,,
SNE0053,enrichment,neuropathy,0,1,full,,
SNE0054,enrichment,neuropathy,0,0,full,,
SNE0055,enrichment,neuropathy,0,0,full,,
SNE0056,enrichment,neuropathy,0,0,full,,
SNE0057,enrichment,neuropathy,0,0,full,,
SNE0058,enrichment,neuropathy,0,0,full,,
SNE0059,enrichment,neuropathy,0,0,truncated,,
SNE0060,enrichment,neuropathy,0,0,full,,
SNE0061,enrichment,neuropathy,0,0,full,,
SNE0062,enrichment,neuropathy,0,0,truncated,,
SNE0063,enrichment,neuropathy,0,0,full,,
SNE0064,enrichment,neuropathy,0,0,full,,
SNE0065,enrichment,neuropathy,0,0,full,,
SNE0066,enrichment,neuropathy,0,0,full,,
SNE0067,enrichment,neuropathy,0,1,full,,
SNE0068,enrichment,neuropathy,0,0,full,,
SNE0069,enrichment,neuropathy,0,0,full,,
SNE0070,enrichment,neuropathy,0,0,full,,
SNE0071,enrichment,neuropathy,0,0,truncated,,
SNE0072,enrichment,neuropathy,0,0,full,,
SNE0073,enrichment,neuropathy,0,0,full,,
SNE0074,enrichment,neuropathy,0,0,full,,
SNE0075,enrichment,neuropathy,0,0,full,,
SNE0076,enrichment,neuropathy,0,0,full,,
SNE0077,enrichment,neuropathy,0,0,full,,
SNE0078,enrichment,neuropathy,0,0,truncated,,
SNE0079,enrichment,neuropathy,0,0,full,,
SNE0080,enrichment,neuropathy,0,0,full,,
SNE0081,enrichment,neuropathy,0,0,full,,
SNE0082,enrichment,neuropathy,0,0,full,,
SNE0083,enrichment,neuropathy,0,0,full,,
SNE0084,enrichment,neuropathy,0,1,full,,
SNE0085,enrichment,neuropathy,0,0,full,,
SNE0086,enrichment,neuropathy,0,0,full,,
SNE0087,enrichment,neuropathy,0,0,truncated,,
SNE0088,enrichment,neuropathy,0,0,full,,
SNE0089,enrichment,neuropathy,0,0,full,,
SNE0090,enrichment,neuropathy,0,0,truncated,,
SNE0091,enrichment,neuropathy,0,0,truncated,,
SNE0092,enrichment,neuropathy,0,0,truncated,,
SNE0093,enrichment,neuropathy,0,0,truncated,,
SNE0094,enrichment,neuropathy,0,0,truncated,,
SNE0095,enrichment,neuropathy,0,0,full,,
SNE0096,enrichment,neuropathy,0,0,full,,
SNE0097,enrichment,neuropathy,0,0,full,,
SNE0098,enrichment,neuropathy,0,0,full,,
SNE0099,enrichment,neuropathy,0,0,full,,
SNE0100,enrichment,neuropathy,0,0,full,,
SNE0101,enrichment,swallowing,0,0,full,,
SNE0102,enrichment,swallowing,0,0,full,,
SNE0103,enrichment,swallowing,0,0,full,,
SNE0104,enrichment,swallowing,0,0,full,,
SNE0105,enrichment,swallowing,0,0,truncated,,
SNE0106,enrichment,swallowing,0,0,full,,
SNE0107,enrichment,swallowing,0,0,truncated,,
SNE0108,enrichment,swallowing,0,0,full,,
SNE0109,enrichment,swallowing,0,0,full,,
SNE0110,enrichment,swallowing,0,0,full,,
SNE0111,enrichment,swallowing,0,0,full,,
SNE0112,enrichment,swallowing,0,0,full,,
SNE0113,enrichment,swallowing,0,0,full,,
SNE0114,enrichment,swallowing,0,0,full,,
SNE0115,enrichment,swallowing,0,0,full,,
SNE0116,enrichment,swallowing,0,0,full,,
SNE0117,enrichment,swallowing,0,0,full,,
SNE0118,enrichment,swallowing,0,0,full,,
SNE0119,enrichment,swallowing,0,0,full,,
SNE0120,enrichment,swallowing,0,0,full,,
SNE0121,enrichment,swallowing,0,0,full,,
SNE0122,enrichment,swallowing,0,0,full,,
SNE0123,enrichment,swallowing,0,0,full,,
SNE0124,enrichment,swallowing,0,0,full,,
SNE0125,enrichment,swallowing,0,0,full,,
SNE0126,enrichment,swallowing,0,0,full,,
SNE0127,enrichment,swallowing,0,0,full,,
SNE0128,enrichment,swallowing,0,0,full,,
SNE0129,enrichment,swallowing,0,0,full,,
SNE0130,enrichment,swallowing,0,0,full,,
SNE0131,enrichment,swallowing,0,0,full,,
SNE0132,enrichment,swallowing,0,0,full,,
SNE0133,enrichment,swallowing,0,0,truncated,,
SNE0134,enrichment,swallowing,0,0,full,,
SNE0135,enrichment,swallowing,0,0,full,,
SNE0136,enrichment,swallowing,0,0,full,,
SNE0137,enrichment,swallowing,0,0,full,,
SNE0138,enrichment,swallowing,0,0,full,,
SNE0139,enrichment,swallowing,0,0,full,,
SNE0140,enrichment,swallowing,0,0,full,,
SNE0141,enrichment,swallowing,0,0,full,,
SNE0142,enrichment,swallowing,0,0,full,,
SNE0143,enrichment,swallowing,0,0,full,,
SNE0144,enrichment,swallowing,0,0,full,,
SNE0145,enrichment,swallowing,0,0,full,,
SNE0146,enrichment,swallowing,0,0,full,,
SNE0147,enrichment,swallowing,0,0,full,,
SNE0148,enrichment,swallowing,0,0,full,,
SNE0149,enrichment,swallowing,0,0,full,,
SNE0150,enrichment,swallowing,0,0,full,,
SNE0151,enrichment,speech_voice,0,0,full,,
SNE0152,enrichment,speech_voice,0,0,full,,
SNE0153,enrichment,speech_voice,0,0,full,,
SNE0154,enrichment,speech_voice,0,0,full,,
SNE0155,enrichment,speech_voice,0,0,full,,
SNE0156,enrichment,speech_voice,0,0,full,,
SNE0157,enrichment,speech_voice,0,0,full,,
SNE0158,enrichment,speech_voice,0,0,full,,
SNE0159,enrichment,speech_voice,0,0,full,,
SNE0160,enrichment,speech_voice,0,0,full,,
SNE0161,enrichment,speech_voice,0,0,full,,
SNE0162,enrichment,speech_voice,0,0,full,,
SNE0163,enrichment,speech_voice,0,0,full,,
SNE0164,enrichment,speech_voice,0,0,full,,
SNE0165,enrichment,speech_voice,0,0,full,,
SNE0166,enrichment,speech_voice,0,0,full,,
SNE0167,enrichment,speech_voice,0,0,full,,
SNE0168,enrichment,speech_voice,0,0,full,,
SNE0169,enrichment,speech_voice,0,0,full,,
SNE0170,enrichment,speech_voice,0,0,full,,
SNE0171,enrichment,speech_voice,0,0,full,,
SNE0172,enrichment,speech_voice,0,0,full,,
SNE0173,enrichment,speech_voice,0,1,full,,
SNE0174,enrichment,speech_voice,0,0,full,,
SNE0175,enrichment,speech_voice,0,0,full,,
SNE0176,enrichment,speech_voice,0,0,full,,
SNE0177,enrichment,speech_voice,0,0,full,,
SNE0178,enrichment,speech_voice,0,0,truncated,,
SNE0179,enrichment,speech_voice,0,0,truncated,,
SNE0180,enrichment,speech_voice,0,0,full,,
SNE0181,enrichment,speech_voice,0,0,full,,
SNE0182,enrichment,speech_voice,0,0,truncated,,
SNE0183,enrichment,speech_voice,0,0,full,,
SNE0184,enrichment,speech_voice,0,0,full,,
SNE0185,enrichment,speech_voice,0,0,full,,
SNE0186,enrichment,speech_voice,0,0,full,,
SNE0187,enrichment,speech_voice,0,0,full,,
SNE0188,enrichment,speech_voice,0,0,full,,
SNE0189,enrichment,speech_voice,0,0,full,,
SNE0190,enrichment,speech_voice,0,0,full,,
SNE0191,enrichment,speech_voice,0,0,full,,
SNE0192,enrichment,speech_voice,0,0,truncated,,
SNE0193,enrichment,speech_voice,0,0,full,,
SNE0194,enrichment,speech_voice,0,0,full,,
SNE0195,enrichment,speech_voice,0,0,full,,
SNE0196,enrichment,speech_voice,0,0,full,,
SNE0197,enrichment,speech_voice,0,0,full,,
SNE0198,enrichment,speech_voice,0,0,full,,
SNE0199,enrichment,speech_voice,0,0,full,,
SNE0200,enrichment,speech_voice,0,0,full,,
SNE0201,enrichment,hearing,0,0,truncated,,
SNE0202,enrichment,hearing,0,0,full,,
SNE0203,enrichment,hearing,0,0,full,,
SNE0204,enrichment,hearing,0,0,full,,
SNE0205,enrichment,hearing,0,0,full,,
SNE0206,enrichment,hearing,0,0,full,,
SNE0207,enrichment,hearing,0,0,full,,
SNE0208,enrichment,hearing,0,0,full,,
SNE0209,enrichment,hearing,0,0,full,,
SNE0210,enrichment,hearing,0,0,full,,
SNE0211,enrichment,hearing,0,0,full,,
SNE0212,enrichment,hearing,0,0,full,,
SNE0213,enrichment,hearing,0,0,full,,
SNE0214,enrichment,hearing,0,0,full,,
SNE0215,enrichment,hearing,0,0,full,,
SNE0216,enrichment,hearing,0,0,full,,
SNE0217,enrichment,hearing,0,0,full,,
SNE0218,enrichment,hearing,0,0,full,,
SNE0219,enrichment,hearing,0,0,full,,
SNE0220,enrichment,hearing,0,0,full,,
SNE0221,enrichment,hearing,0,0,full,,
SNE0222,enrichment,hearing,0,0,full,,
SNE0223,enrichment,hearing,0,0,full,,
SNE0224,enrichment,hearing,0,0,full,,
SNE0225,enrichment,hearing,0,0,full,,
SNE0226,enrichment,hearing,0,0,full,,
SNE0227,enrichment,hearing,0,0,full,,
SNE0228,enrichment,hearing,0,0,full,,
SNE0229,enrichment,hearing,0,0,full,,
SNE0230,enrichment,hearing,0,0,full,,
SNE0231,enrichment,hearing,0,0,full,,
SNE0232,enrichment,hearing,0,0,truncated,,
SNE0233,enrichment,hearing,0,0,full,,
SNE0234,enrichment,hearing,0,0,full,,
SNE0235,enrichment,hearing,0,0,full,,
SNE0236,enrichment,hearing,0,0,full,,
SNE0237,enrichment,hearing,0,0,truncated,,
SNE0238,enrichment,hearing,0,0,full,,
SNE0239,enrichment,hearing,0,0,full,,
SNE0240,enrichment,hearing,0,0,truncated,,
SNE0241,enrichment,hearing,0,0,full,,
SNE0242,enrichment,hearing,0,0,full,,
SNE0243,enrichment,hearing,0,0,full,,
SNE0244,enrichment,hearing,0,0,truncated,,
SNE0245,enrichment,hearing,0,0,truncated,,
SNE0246,enrichment,hearing,0,0,full,,
SNE0247,enrichment,hearing,0,0,full,,
SNE0248,enrichment,hearing,0,0,full,,
SNE0249,enrichment,hearing,0,0,truncated,,
SNE0250,enrichment,hearing,0,0,full,,
SNE0251,enrichment,limb_lymphedema,0,0,full,,
SNE0252,enrichment,limb_lymphedema,0,0,full,,
SNE0253,enrichment,limb_lymphedema,0,0,full,,
SNE0254,enrichment,limb_lymphedema,0,0,full,,
SNE0255,enrichment,limb_lymphedema,0,0,truncated,,
SNE0256,enrichment,limb_lymphedema,0,0,full,,
SNE0257,enrichment,limb_lymphedema,0,0,truncated,,
SNE0258,enrichment,limb_lymphedema,0,0,full,,
SNE0259,enrichment,limb_lymphedema,0,1,full,,
SNE0260,enrichment,limb_lymphedema,0,0,full,,
SNE0261,enrichment,limb_lymphedema,0,0,full,,
SNE0262,enrichment,limb_lymphedema,0,1,full,,
SNE0263,enrichment,limb_lymphedema,0,0,full,,
SNE0264,enrichment,limb_lymphedema,0,0,full,,
SNE0265,enrichment,limb_lymphedema,0,0,full,,
SNE0266,enrichment,limb_lymphedema,0,0,full,,
SNE0267,enrichment,limb_lymphedema,0,0,full,,
SNE0268,enrichment,limb_lymphedema,0,0,full,,
SNE0269,enrichment,limb_lymphedema,0,0,full,,
SNE0270,enrichment,limb_lymphedema,0,0,full,,
SNE0271,enrichment,limb_lymphedema,0,0,full,,
SNE0272,enrichment,limb_lymphedema,0,0,full,,
SNE0273,enrichment,limb_lymphedema,0,0,full,,
SNE0274,enrichment,limb_lymphedema,0,0,full,,
SNE0275,enrichment,limb_lymphedema,0,0,full,,
SNE0276,enrichment,limb_lymphedema,0,0,full,,
SNE0277,enrichment,limb_lymphedema,0,0,full,,
SNE0278,enrichment,limb_lymphedema,0,0,full,,
SNE0279,enrichment,limb_lymphedema,0,0,full,,
SNE0280,enrichment,limb_lymphedema,0,1,full,,
SNE0281,enrichment,limb_lymphedema,0,0,full,,
SNE0282,enrichment,limb_lymphedema,0,0,full,,
SNE0283,enrichment,limb_lymphedema,0,0,full,,
SNE0284,enrichment,limb_lymphedema,0,0,truncated,,
SNE0285,enrichment,limb_lymphedema,0,0,full,,
SNE0286,enrichment,limb_lymphedema,0,0,full,,
SNE0287,enrichment,limb_lymphedema,0,0,truncated,,
SNE0288,enrichment,limb_lymphedema,0,0,full,,
SNE0289,enrichment,limb_lymphedema,0,0,full,,
SNE0290,enrichment,limb_lymphedema,0,0,full,,
SNE0291,enrichment,limb_lymphedema,0,0,truncated,,
SNE0292,enrichment,limb_lymphedema,0,0,full,,
SNE0293,enrichment,limb_lymphedema,0,0,full,,
SNE0294,enrichment,limb_lymphedema,0,0,truncated,,
SNE0295,enrichment,limb_lymphedema,0,0,full,,
SNE0296,enrichment,limb_lymphedema,0,0,full,,
SNE0297,enrichment,limb_lymphedema,0,0,full,,
SNE0298,enrichment,limb_lymphedema,0,0,truncated,,
SNE0299,enrichment,limb_lymphedema,0,0,truncated,,
SNE0300,enrichment,limb_lymphedema,0,0,full,,
SNE0301,enrichment,visual,0,0,full,,
SNE0302,enrichment,visual,0,0,full,,
SNE0303,enrichment,visual,0,0,full,,
SNE0304,enrichment,visual,0,0,full,,
SNE0305,enrichment,visual,0,0,full,,
SNE0306,enrichment,visual,0,0,full,,
SNE0307,enrichment,visual,0,0,truncated,,
SNE0308,enrichment,visual,0,0,full,,
SNE0309,enrichment,visual,0,0,full,,
SNE0310,enrichment,visual,0,0,full,,
SNE0311,enrichment,visual,0,0,full,,
SNE0312,enrichment,visual,0,0,full,,
SNE0313,enrichment,visual,0,0,full,,
SNE0314,enrichment,visual,0,0,full,,
SNE0315,enrichment,visual,0,0,full,,
SNE0316,enrichment,visual,0,0,full,,
SNE0317,enrichment,visual,0,0,full,,
SNE0318,enrichment,visual,0,0,full,,
SNE0319,enrichment,visual,0,0,full,,
SNE0320,enrichment,visual,0,0,full,,
SNE0321,enrichment,visual,0,0,full,,
SNE0322,enrichment,visual,0,0,truncated,,
SNE0323,enrichment,visual,0,0,full,,
SNE0324,enrichment,visual,0,0,full,,
SNE0325,enrichment,visual,0,0,full,,
SNE0326,enrichment,visual,0,0,full,,
SNE0327,enrichment,visual,0,0,full,,
SNE0328,enrichment,visual,0,0,full,,
SNE0329,enrichment,visual,0,0,full,,
SNE0330,enrichment,visual,0,0,full,,
SNE0331,enrichment,visual,0,0,truncated,,
SNE0332,enrichment,visual,0,0,full,,
SNE0333,enrichment,visual,0,0,full,,
SNE0334,enrichment,visual,0,0,full,,
SNE0335,enrichment,visual,0,0,full,,
SNE0336,enrichment,visual,0,0,full,,
SNE0337,enrichment,visual,0,0,truncated,,
SNE0338,enrichment,visual,0,0,full,,
SNE0339,enrichment,visual,0,0,truncated,,
SNE0340,enrichment,visual,0,0,full,,
SNE0341,enrichment,visual,0,0,full,,
SNE0342,enrichment,visual,0,0,full,,
SNE0343,enrichment,visual,0,0,full,,
SNE0344,enrichment,visual,0,0,full,,
SNE0345,enrichment,visual,0,0,truncated,,
SNE0346,enrichment,visual,0,0,full,,
SNE0347,enrichment,visual,0,0,full,,
SNE0348,enrichment,visual,0,0,full,,
SNE0349,enrichment,visual,0,0,full,,
SNE0350,enrichment,visual,0,0,full,,
ITEM0001,calibration,any_domain,0,0,full,0.01091639,91.6054
ITEM0002,calibration,any_domain,1,1,full,0.02599935,38.4625
ITEM0003,calibration,any_domain,1,1,full,0.06977172,14.3325
ITEM0004,calibration,any_domain,1,1,full,0.11560524,8.6501
ITEM0005,calibration,any_domain,1,1,full,0.04512277,22.1618
ITEM0006,calibration,any_domain,1,1,full,0.01669289,59.9057
ITEM0007,calibration,any_domain,0,0,full,0.01091639,91.6054
ITEM0008,calibration,any_domain,0,0,truncated,0.01091639,91.6054
ITEM0009,calibration,any_domain,1,1,full,0.05778939,17.3042
ITEM0010,calibration,any_domain,1,1,full,0.03078367,32.4848
ITEM0011,calibration,any_domain,1,0,full,0.02362207,42.3333
ITEM0012,calibration,any_domain,0,0,full,0.01091639,91.6054
ITEM0013,calibration,any_domain,1,1,truncated,0.11978389,8.3484
ITEM0014,calibration,any_domain,1,1,full,0.01406566,71.0951
ITEM0015,calibration,any_domain,1,0,full,0.07274311,13.7470
ITEM0016,calibration,any_domain,1,1,full,0.20396143,4.9029
ITEM0017,calibration,any_domain,1,0,full,0.11994941,8.3368
ITEM0018,calibration,any_domain,0,0,full,0.01091639,91.6054
ITEM0019,calibration,any_domain,1,1,full,0.01406566,71.0951
ITEM0020,calibration,any_domain,1,0,full,0.01924085,51.9728
ITEM0021,calibration,any_domain,1,1,full,0.02599935,38.4625
ITEM0022,calibration,any_domain,1,1,full,0.22297388,4.4848
ITEM0023,calibration,any_domain,1,1,full,0.39276617,2.5460
ITEM0024,calibration,any_domain,1,1,full,0.02849976,35.0880
ITEM0025,calibration,any_domain,1,1,full,0.28826664,3.4690
ITEM0026,calibration,any_domain,1,1,full,0.22297388,4.4848
ITEM0027,calibration,any_domain,1,0,full,0.01206549,82.8810
ITEM0028,calibration,any_domain,1,1,full,0.03477177,28.7590
ITEM0029,calibration,any_domain,1,0,full,0.01924085,51.9728
ITEM0030,calibration,any_domain,1,1,full,0.02644701,37.8115
ITEM0031,calibration,any_domain,1,1,full,0.00706867,141.4694
ITEM0032,calibration,any_domain,0,0,full,0.01091639,91.6054
ITEM0033,calibration,any_domain,1,1,full,0.04293921,23.2887
ITEM0034,calibration,any_domain,0,0,truncated,0.01091639,91.6054
ITEM0035,calibration,any_domain,1,1,full,0.03078367,32.4848
ITEM0036,calibration,any_domain,0,0,full,0.01091639,91.6054
ITEM0037,calibration,any_domain,1,0,full,0.03821489,26.1678
ITEM0038,calibration,any_domain,1,1,full,0.04412747,22.6616
ITEM0039,calibration,any_domain,0,0,full,0.01091639,91.6054
ITEM0040,calibration,any_domain,1,0,full,0.07274311,13.7470
ITEM0041,calibration,any_domain,1,0,full,0.03821489,26.1678
ITEM0042,calibration,any_domain,1,0,full,0.04645285,21.5272
ITEM0043,calibration,any_domain,0,0,full,0.01091639,91.6054
ITEM0044,calibration,any_domain,0,0,full,0.01091639,91.6054
ITEM0045,calibration,any_domain,1,0,full,0.03007535,33.2498
ITEM0046,calibration,any_domain,0,0,full,0.01091639,91.6054
ITEM0047,calibration,any_domain,1,1,full,0.01183902,84.4665
ITEM0048,calibration,any_domain,1,0,full,0.13894413,7.1971
ITEM0049,calibration,any_domain,0,0,full,0.01091639,91.6054
ITEM0050,calibration,any_domain,0,0,truncated,0.01091639,91.6054
ITEM0051,calibration,any_domain,1,1,full,0.20396143,4.9029
ITEM0052,calibration,any_domain,1,1,full,0.22997223,4.3484
ITEM0053,calibration,any_domain,1,0,full,0.07274311,13.7470
ITEM0054,calibration,any_domain,1,0,truncated,0.01406566,71.0951
ITEM0055,calibration,any_domain,0,0,full,0.01091639,91.6054
ITEM0056,calibration,any_domain,1,1,full,0.05650894,17.6963
ITEM0057,calibration,any_domain,0,0,full,0.01091639,91.6054
ITEM0058,calibration,any_domain,1,1,full,0.02164128,46.2080
ITEM0059,calibration,any_domain,1,1,full,0.14429763,6.9301
ITEM0060,calibration,any_domain,1,0,full,0.14429763,6.9301
ITEM0061,calibration,any_domain,0,0,full,0.01091639,91.6054
ITEM0062,calibration,any_domain,1,1,full,0.02405837,41.5656
ITEM0063,calibration,any_domain,0,0,full,0.01091639,91.6054
ITEM0064,calibration,any_domain,1,1,full,0.07045658,14.1931
ITEM0065,calibration,any_domain,0,0,truncated,0.01091639,91.6054
ITEM0066,calibration,any_domain,0,0,full,0.01091639,91.6054
ITEM0067,calibration,any_domain,1,0,full,0.06345283,15.7597
ITEM0068,calibration,any_domain,1,1,full,0.07274311,13.7470
ITEM0069,calibration,any_domain,1,1,full,0.03078367,32.4848
ITEM0070,calibration,any_domain,0,0,truncated,0.01091639,91.6054
ITEM0071,calibration,any_domain,1,0,full,0.01669289,59.9057
ITEM0072,calibration,any_domain,1,1,full,0.01691825,59.1078
ITEM0073,calibration,any_domain,1,1,full,0.02644701,37.8115
ITEM0074,calibration,any_domain,1,0,full,0.19288917,5.1843
ITEM0075,calibration,any_domain,1,0,full,0.06345283,15.7597
ITEM0076,calibration,any_domain,1,0,full,0.02849976,35.0880
ITEM0077,calibration,any_domain,0,0,truncated,0.01091639,91.6054
ITEM0078,calibration,any_domain,1,1,full,0.30488858,3.2799
ITEM0079,calibration,any_domain,1,0,full,0.01669289,59.9057
ITEM0080,calibration,any_domain,0,0,truncated,0.01091639,91.6054
ITEM0081,calibration,any_domain,0,0,full,0.01091639,91.6054
ITEM0082,calibration,any_domain,1,0,full,0.28826664,3.4690
ITEM0083,calibration,any_domain,1,1,full,0.03929281,25.4499
ITEM0084,calibration,any_domain,1,1,truncated,0.01669289,59.9057
ITEM0085,calibration,any_domain,1,0,full,0.03821489,26.1678
ITEM0086,calibration,any_domain,1,0,full,0.07417636,13.4814
ITEM0087,calibration,any_domain,0,0,full,0.01091639,91.6054
ITEM0088,calibration,any_domain,0,0,full,0.01091639,91.6054
ITEM0089,calibration,any_domain,1,0,full,0.01924085,51.9728
ITEM0090,calibration,any_domain,1,1,full,0.04512277,22.1618
ITEM0091,calibration,any_domain,1,0,full,0.02644701,37.8115
ITEM0092,calibration,any_domain,1,1,full,0.11560524,8.6501
ITEM0093,calibration,any_domain,1,0,full,0.06016480,16.6210
ITEM0094,calibration,any_domain,1,0,full,0.05243297,19.0720
ITEM0095,calibration,any_domain,0,0,full,0.01091639,91.6054
ITEM0096,calibration,any_domain,0,0,full,0.01091639,91.6054
ITEM0097,calibration,any_domain,1,0,full,0.06345283,15.7597
ITEM0098,calibration,any_domain,0,0,full,0.01091639,91.6054
ITEM0099,calibration,any_domain,1,0,full,0.07274311,13.7470
ITEM0100,calibration,any_domain,1,0,truncated,0.01406566,71.0951
ITEM0101,calibration,any_domain,1,1,full,0.04512277,22.1618
ITEM0102,calibration,any_domain,0,0,full,0.01091639,91.6054
ITEM0103,calibration,any_domain,1,0,full,0.12902015,7.7507
ITEM0104,calibration,any_domain,1,1,full,0.01206549,82.8810
ITEM0105,calibration,any_domain,1,0,full,0.03821489,26.1678
ITEM0106,calibration,any_domain,1,1,full,0.01691825,59.1078
ITEM0107,calibration,any_domain,1,0,full,0.04753722,21.0361
ITEM0108,calibration,any_domain,0,0,full,0.01091639,91.6054
ITEM0109,calibration,any_domain,0,0,full,0.01091639,91.6054
ITEM0110,calibration,any_domain,0,0,full,0.01091639,91.6054
ITEM0111,calibration,any_domain,1,1,full,0.17847923,5.6029
ITEM0112,calibration,any_domain,1,0,full,0.11978389,8.3484
ITEM0113,calibration,any_domain,1,0,full,0.07274311,13.7470
ITEM0114,calibration,any_domain,1,1,full,0.10511967,9.5130
ITEM0115,calibration,any_domain,0,0,truncated,0.01091639,91.6054
ITEM0116,calibration,any_domain,1,1,full,0.02510105,39.8390
ITEM0117,calibration,any_domain,1,1,full,0.22240602,4.4963
ITEM0118,calibration,any_domain,1,1,full,0.05923873,16.8808
ITEM0119,calibration,any_domain,1,1,full,0.01552180,64.4255
ITEM0120,calibration,any_domain,0,1,full,0.01091639,91.6054
ITEM0121,calibration,any_domain,1,1,truncated,0.03078367,32.4848
ITEM0122,calibration,any_domain,1,1,full,0.11560524,8.6501
ITEM0123,calibration,any_domain,0,0,full,0.01091639,91.6054
ITEM0124,calibration,any_domain,1,1,full,0.06977172,14.3325
ITEM0125,calibration,any_domain,1,0,full,0.03544009,28.2166
ITEM0126,calibration,any_domain,1,0,full,0.21345358,4.6849
ITEM0127,calibration,any_domain,0,0,full,0.01091639,91.6054
ITEM0128,calibration,any_domain,0,0,full,0.01091639,91.6054
ITEM0129,calibration,any_domain,0,0,full,0.01091639,91.6054
ITEM0130,calibration,any_domain,1,1,full,0.02510105,39.8390
ITEM0131,calibration,any_domain,1,1,full,0.20396143,4.9029
ITEM0132,calibration,any_domain,0,0,full,0.01091639,91.6054
ITEM0133,calibration,any_domain,0,0,full,0.01091639,91.6054
ITEM0134,calibration,any_domain,1,1,full,0.01552180,64.4255
ITEM0135,calibration,any_domain,0,0,full,0.01091639,91.6054
ITEM0136,calibration,any_domain,1,1,full,0.03951300,25.3081
ITEM0137,calibration,any_domain,0,0,full,0.01091639,91.6054
ITEM0138,calibration,any_domain,1,1,full,0.11560524,8.6501
ITEM0139,calibration,any_domain,1,1,full,0.01183902,84.4665
ITEM0140,calibration,any_domain,1,1,full,0.01691825,59.1078
ITEM0141,calibration,any_domain,0,0,full,0.01091639,91.6054
ITEM0142,calibration,any_domain,1,1,full,0.03078367,32.4848
ITEM0143,calibration,any_domain,1,0,full,0.07274311,13.7470
ITEM0144,calibration,any_domain,0,0,truncated,0.01091639,91.6054
ITEM0145,calibration,any_domain,0,0,full,0.01091639,91.6054
ITEM0146,calibration,any_domain,1,1,full,0.20396143,4.9029
ITEM0147,calibration,any_domain,1,1,full,0.21554949,4.6393
ITEM0148,calibration,any_domain,1,0,full,0.11266039,8.8762
ITEM0149,calibration,any_domain,1,0,full,0.01890860,52.8860
ITEM0150,calibration,any_domain,0,0,full,0.01091639,91.6054
ITEM0151,calibration,any_domain,0,0,full,0.01091639,91.6054
ITEM0152,calibration,any_domain,1,1,full,0.21461523,4.6595
ITEM0153,calibration,any_domain,1,1,full,0.11222599,8.9106
ITEM0154,calibration,any_domain,0,0,full,0.01091639,91.6054
ITEM0155,calibration,any_domain,0,0,truncated,0.01091639,91.6054
ITEM0156,calibration,any_domain,0,0,full,0.01091639,91.6054
ITEM0157,calibration,any_domain,0,0,full,0.01091639,91.6054
ITEM0158,calibration,any_domain,1,0,full,0.07274311,13.7470
ITEM0159,calibration,any_domain,0,0,full,0.01091639,91.6054
ITEM0160,calibration,any_domain,0,0,truncated,0.01091639,91.6054
ITEM0161,calibration,any_domain,1,0,full,0.17847923,5.6029
ITEM0162,calibration,any_domain,1,1,full,0.06345283,15.7597
ITEM0163,calibration,any_domain,0,0,full,0.01091639,91.6054
ITEM0164,calibration,any_domain,1,1,full,0.11560524,8.6501
ITEM0165,calibration,any_domain,1,1,full,0.01552180,64.4255
ITEM0166,calibration,any_domain,0,0,full,0.01091639,91.6054
ITEM0167,calibration,any_domain,0,0,full,0.01091639,91.6054
ITEM0168,calibration,any_domain,1,0,full,0.12472075,8.0179
ITEM0169,calibration,any_domain,1,1,full,0.02405837,41.5656
ITEM0170,calibration,any_domain,1,0,full,0.03821489,26.1678
ITEM0171,calibration,any_domain,1,1,full,0.28826664,3.4690
ITEM0172,calibration,any_domain,0,0,full,0.01091639,91.6054
ITEM0173,calibration,any_domain,1,0,full,0.04479929,22.3218
ITEM0174,calibration,any_domain,1,0,full,0.02528754,39.5452
ITEM0175,calibration,any_domain,0,0,full,0.01091639,91.6054
ITEM0176,calibration,any_domain,1,1,full,0.00706867,141.4694
ITEM0177,calibration,any_domain,1,1,full,0.19074613,5.2426
ITEM0178,calibration,any_domain,1,1,full,0.02599935,38.4625
ITEM0179,calibration,any_domain,0,0,full,0.01091639,91.6054
ITEM0180,calibration,any_domain,1,1,full,0.02849976,35.0880
ITEM0181,calibration,any_domain,0,0,truncated,0.01091639,91.6054
ITEM0182,calibration,any_domain,1,1,full,0.13874241,7.2076
ITEM0183,calibration,any_domain,1,1,full,0.03078367,32.4848
ITEM0184,calibration,any_domain,1,0,full,0.02599935,38.4625
ITEM0185,calibration,any_domain,1,1,full,0.05108696,19.5745
ITEM0186,calibration,any_domain,1,1,full,0.01406566,71.0951
ITEM0187,calibration,any_domain,1,0,full,0.11266039,8.8762
ITEM0188,calibration,any_domain,1,0,full,0.02599935,38.4625
ITEM0189,calibration,any_domain,0,0,full,0.01091639,91.6054
ITEM0190,calibration,any_domain,1,0,full,0.02405837,41.5656
ITEM0191,calibration,any_domain,1,1,full,0.01183902,84.4665
ITEM0192,calibration,any_domain,0,0,full,0.01091639,91.6054
ITEM0193,calibration,any_domain,0,0,full,0.01091639,91.6054
ITEM0194,calibration,any_domain,1,1,full,0.03569572,28.0146
ITEM0195,calibration,any_domain,1,0,full,0.01406566,71.0951
ITEM0196,calibration,any_domain,1,1,full,0.08582117,11.6521
ITEM0197,calibration,any_domain,1,1,full,0.01924085,51.9728
ITEM0198,calibration,any_domain,1,1,full,0.35557929,2.8123
ITEM0199,calibration,any_domain,1,0,full,0.10624110,9.4126
ITEM0200,calibration,any_domain,1,0,full,0.03951300,25.3081
ITEM0201,calibration,any_domain,0,0,full,0.01091639,91.6054
ITEM0202,calibration,any_domain,0,0,truncated,0.01091639,91.6054
ITEM0203,calibration,any_domain,1,1,full,0.03929281,25.4499
ITEM0204,calibration,any_domain,1,1,full,0.07274311,13.7470
ITEM0205,calibration,any_domain,0,0,full,0.01091639,91.6054
ITEM0206,calibration,any_domain,1,0,full,0.01924085,51.9728
ITEM0207,calibration,any_domain,0,0,full,0.01091639,91.6054
ITEM0208,calibration,any_domain,0,0,full,0.01091639,91.6054
ITEM0209,calibration,any_domain,0,0,full,0.01091639,91.6054
ITEM0210,calibration,any_domain,1,1,full,0.02506409,39.8977
ITEM0211,calibration,any_domain,1,1,full,0.03078367,32.4848
ITEM0212,calibration,any_domain,1,0,full,0.01691825,59.1078
ITEM0213,calibration,any_domain,1,0,full,0.14429763,6.9301
ITEM0214,calibration,any_domain,0,0,full,0.01091639,91.6054
ITEM0215,calibration,any_domain,1,0,full,0.01406566,71.0951
ITEM0216,calibration,any_domain,1,1,full,0.00706867,141.4694
ITEM0217,calibration,any_domain,1,0,full,0.31748646,3.1497
ITEM0218,calibration,any_domain,0,0,truncated,0.01091639,91.6054
ITEM0219,calibration,any_domain,0,0,full,0.01091639,91.6054
ITEM0220,calibration,any_domain,0,0,truncated,0.01091639,91.6054
ITEM0221,calibration,any_domain,0,0,full,0.01091639,91.6054
ITEM0222,calibration,any_domain,1,1,full,0.18194065,5.4963
ITEM0223,calibration,any_domain,0,0,full,0.01091639,91.6054
ITEM0224,calibration,any_domain,1,1,full,0.03947658,25.3315
ITEM0225,calibration,any_domain,1,0,full,0.08860908,11.2855
ITEM0226,calibration,any_domain,1,0,full,0.00706867,141.4694
ITEM0227,calibration,any_domain,1,1,full,0.28826664,3.4690
ITEM0228,calibration,any_domain,1,1,full,0.04293921,23.2887
ITEM0229,calibration,any_domain,1,1,full,0.07434103,13.4515
ITEM0230,calibration,any_domain,1,1,full,0.03929281,25.4499
ITEM0231,calibration,any_domain,1,1,full,0.00706867,141.4694
ITEM0232,calibration,any_domain,1,1,full,0.11560524,8.6501
ITEM0233,calibration,any_domain,0,0,full,0.01091639,91.6054
ITEM0234,calibration,any_domain,1,0,full,0.18771235,5.3273
ITEM0235,calibration,any_domain,0,0,truncated,0.01091639,91.6054
ITEM0236,calibration,any_domain,1,1,full,0.26563723,3.7645
ITEM0237,calibration,any_domain,0,0,full,0.01091639,91.6054
ITEM0238,calibration,any_domain,1,0,full,0.23337323,4.2850
ITEM0239,calibration,any_domain,1,0,full,0.01669289,59.9057
ITEM0240,calibration,any_domain,1,0,full,0.01924085,51.9728
ITEM0241,calibration,any_domain,1,1,full,0.03093564,32.3252
ITEM0242,calibration,any_domain,1,0,full,0.01406566,71.0951
ITEM0243,calibration,any_domain,1,1,full,0.10994609,9.0954
ITEM0244,calibration,any_domain,0,0,full,0.01091639,91.6054
ITEM0245,calibration,any_domain,0,0,truncated,0.01091639,91.6054
ITEM0246,calibration,any_domain,0,0,full,0.01091639,91.6054
ITEM0247,calibration,any_domain,1,0,full,0.15278595,6.5451
ITEM0248,calibration,any_domain,0,0,truncated,0.01091639,91.6054
ITEM0249,calibration,any_domain,0,0,full,0.01091639,91.6054
ITEM0250,calibration,any_domain,1,1,full,0.12744156,7.8467
ITEM0251,calibration,any_domain,1,0,full,0.19221995,5.2024
ITEM0252,calibration,any_domain,1,1,full,0.02849976,35.0880
ITEM0253,calibration,any_domain,1,1,full,0.07899931,12.6583
ITEM0254,calibration,any_domain,1,0,full,0.20396143,4.9029
ITEM0255,calibration,any_domain,1,1,full,0.11560524,8.6501
ITEM0256,calibration,any_domain,1,1,full,0.12744156,7.8467
ITEM0257,calibration,any_domain,1,1,full,0.20396143,4.9029
ITEM0258,calibration,any_domain,1,1,full,0.07274311,13.7470
ITEM0259,calibration,any_domain,1,0,full,0.07274311,13.7470
ITEM0260,calibration,any_domain,0,0,full,0.01091639,91.6054
ITEM0261,calibration,any_domain,1,1,full,0.16386512,6.1026
ITEM0262,calibration,any_domain,0,0,full,0.01091639,91.6054
ITEM0263,calibration,any_domain,1,0,full,0.06345283,15.7597
ITEM0264,calibration,any_domain,1,1,full,0.02164128,46.2080
ITEM0265,calibration,any_domain,1,0,full,0.00706867,141.4694
ITEM0266,calibration,any_domain,0,0,full,0.01091639,91.6054
ITEM0267,calibration,any_domain,1,0,full,0.03821489,26.1678
ITEM0268,calibration,any_domain,1,1,full,0.01183902,84.4665
ITEM0269,calibration,any_domain,0,0,full,0.01091639,91.6054
ITEM0270,calibration,any_domain,0,0,full,0.01091639,91.6054
ITEM0271,calibration,any_domain,1,1,full,0.01924085,51.9728
ITEM0272,calibration,any_domain,1,0,truncated,0.10784369,9.2727
ITEM0273,calibration,any_domain,1,1,full,0.10784369,9.2727
ITEM0274,calibration,any_domain,0,0,full,0.01091639,91.6054
ITEM0275,calibration,any_domain,0,0,full,0.01091639,91.6054
ITEM0276,calibration,any_domain,1,0,full,0.04512277,22.1618
ITEM0277,calibration,any_domain,0,0,full,0.01091639,91.6054
ITEM0278,calibration,any_domain,0,0,truncated,0.01091639,91.6054
ITEM0279,calibration,any_domain,1,0,full,0.02362207,42.3333
ITEM0280,calibration,any_domain,1,1,full,0.04512277,22.1618
ITEM0281,calibration,any_domain,0,0,truncated,0.01091639,91.6054
ITEM0282,calibration,any_domain,1,1,full,0.06977172,14.3325
ITEM0283,calibration,any_domain,0,0,full,0.01091639,91.6054
ITEM0284,calibration,any_domain,1,1,full,0.02599935,38.4625
ITEM0285,calibration,any_domain,0,0,truncated,0.01091639,91.6054
ITEM0286,calibration,any_domain,1,0,full,0.01552180,64.4255
ITEM0287,calibration,any_domain,1,1,full,0.13712474,7.2926
ITEM0288,calibration,any_domain,0,0,full,0.01091639,91.6054
ITEM0289,calibration,any_domain,1,1,full,0.37762218,2.6481
ITEM0290,calibration,any_domain,1,0,full,0.02599935,38.4625
ITEM0291,calibration,any_domain,1,0,full,0.01406566,71.0951
ITEM0292,calibration,any_domain,1,1,full,0.02510105,39.8390
ITEM0293,calibration,any_domain,1,1,full,0.03327180,30.0555
ITEM0294,calibration,any_domain,0,0,full,0.01091639,91.6054
ITEM0295,calibration,any_domain,1,1,full,0.01924085,51.9728
ITEM0296,calibration,any_domain,1,0,full,0.01924085,51.9728
ITEM0297,calibration,any_domain,0,0,full,0.01091639,91.6054
ITEM0298,calibration,any_domain,1,1,full,0.28826664,3.4690
ITEM0299,calibration,any_domain,1,1,full,0.02864074,34.9153
ITEM0300,calibration,any_domain,0,0,full,0.01091639,91.6054
ITEM0301,calibration,any_domain,1,1,full,0.03078367,32.4848
ITEM0302,calibration,any_domain,1,0,full,0.02506409,39.8977
ITEM0303,calibration,any_domain,1,1,full,0.06977172,14.3325
ITEM0304,calibration,any_domain,1,1,truncated,0.07434103,13.4515
ITEM0305,calibration,any_domain,1,0,full,0.11560524,8.6501
ITEM0306,calibration,any_domain,0,0,full,0.01091639,91.6054
ITEM0307,calibration,any_domain,0,0,full,0.01091639,91.6054
ITEM0308,calibration,any_domain,1,1,full,0.01552180,64.4255
ITEM0309,calibration,any_domain,1,0,full,0.03078367,32.4848
ITEM0310,calibration,any_domain,0,0,truncated,0.01091639,91.6054
ITEM0311,calibration,any_domain,1,1,full,0.04512277,22.1618
ITEM0312,calibration,any_domain,0,0,full,0.01091639,91.6054
ITEM0313,calibration,any_domain,1,0,full,0.01552180,64.4255
ITEM0314,calibration,any_domain,0,0,full,0.01091639,91.6054
ITEM0315,calibration,any_domain,1,1,full,0.02164128,46.2080
ITEM0316,calibration,any_domain,1,0,full,0.02849976,35.0880
ITEM0317,calibration,any_domain,1,1,full,0.15601080,6.4098
ITEM0318,calibration,any_domain,1,1,truncated,0.11560524,8.6501
ITEM0319,calibration,any_domain,1,0,full,0.04838538,20.6674
ITEM0320,calibration,any_domain,1,1,full,0.21461523,4.6595
ITEM0321,calibration,any_domain,0,0,truncated,0.01091639,91.6054
ITEM0322,calibration,any_domain,0,0,full,0.01091639,91.6054
ITEM0323,calibration,any_domain,1,1,full,0.01552180,64.4255
ITEM0324,calibration,any_domain,1,1,full,0.04142126,24.1422
ITEM0325,calibration,any_domain,1,1,full,0.03078367,32.4848
ITEM0326,calibration,any_domain,0,0,full,0.01091639,91.6054
ITEM0327,calibration,any_domain,0,0,full,0.01091639,91.6054
ITEM0328,calibration,any_domain,0,0,full,0.01091639,91.6054
ITEM0329,calibration,any_domain,1,1,full,0.06020820,16.6090
ITEM0330,calibration,any_domain,1,0,full,0.19221995,5.2024
ITEM0331,calibration,any_domain,1,1,full,0.07434103,13.4515
ITEM0332,calibration,any_domain,0,0,truncated,0.01091639,91.6054
ITEM0333,calibration,any_domain,1,1,full,0.06977172,14.3325
ITEM0334,calibration,any_domain,1,0,full,0.01183902,84.4665
ITEM0335,calibration,any_domain,0,0,full,0.01091639,91.6054
ITEM0336,calibration,any_domain,1,1,full,0.10784369,9.2727
ITEM0337,calibration,any_domain,1,1,full,0.12437818,8.0400
ITEM0338,calibration,any_domain,1,1,full,0.24456178,4.0889
ITEM0339,calibration,any_domain,0,0,full,0.01091639,91.6054
ITEM0340,calibration,any_domain,0,0,full,0.01091639,91.6054
ITEM0341,calibration,any_domain,1,1,full,0.04286146,23.3310
ITEM0342,calibration,any_domain,1,1,full,0.03078367,32.4848
ITEM0343,calibration,any_domain,1,1,full,0.03821489,26.1678
ITEM0344,calibration,any_domain,1,1,full,0.12915180,7.7428
ITEM0345,calibration,any_domain,0,0,full,0.01091639,91.6054
ITEM0346,calibration,any_domain,0,0,truncated,0.01091639,91.6054
ITEM0347,calibration,any_domain,1,0,full,0.02599935,38.4625
ITEM0348,calibration,any_domain,1,0,full,0.01406566,71.0951
ITEM0349,calibration,any_domain,1,1,full,0.18771235,5.3273
ITEM0350,calibration,any_domain,0,0,truncated,0.01091639,91.6054
ITEM0351,calibration,any_domain,1,1,full,0.11560524,8.6501
ITEM0352,calibration,any_domain,1,1,full,0.04293921,23.2887
ITEM0353,calibration,any_domain,0,0,full,0.01091639,91.6054
ITEM0354,calibration,any_domain,1,0,full,0.06016480,16.6210
ITEM0355,calibration,any_domain,1,0,full,0.09876887,10.1246
ITEM0356,calibration,any_domain,0,0,full,0.01091639,91.6054
ITEM0357,calibration,any_domain,1,1,full,0.06345283,15.7597
ITEM0358,calibration,any_domain,1,1,full,0.06977172,14.3325
ITEM0359,calibration,any_domain,0,0,full,0.01091639,91.6054
ITEM0360,calibration,any_domain,1,0,full,0.14007365,7.1391
ITEM0361,calibration,any_domain,1,1,full,0.00706867,141.4694
ITEM0362,calibration,any_domain,1,1,full,0.01206549,82.8810
ITEM0363,calibration,any_domain,1,1,full,0.11222599,8.9106
ITEM0364,calibration,any_domain,1,0,full,0.02849976,35.0880
ITEM0365,calibration,any_domain,1,0,truncated,0.00706867,141.4694
ITEM0366,calibration,any_domain,0,0,full,0.01091639,91.6054
ITEM0367,calibration,any_domain,1,0,truncated,0.01183902,84.4665
ITEM0368,calibration,any_domain,1,0,full,0.05650894,17.6963
ITEM0369,calibration,any_domain,1,0,full,0.01406566,71.0951
ITEM0370,calibration,any_domain,0,0,full,0.01091639,91.6054
ITEM0371,calibration,any_domain,1,1,full,0.11560524,8.6501
ITEM0372,calibration,any_domain,1,1,full,0.09558170,10.4623
ITEM0373,calibration,any_domain,0,0,full,0.01091639,91.6054
ITEM0374,calibration,any_domain,1,1,full,0.06977172,14.3325
ITEM0375,calibration,any_domain,1,1,truncated,0.04512277,22.1618
ITEM0376,calibration,any_domain,1,1,full,0.02510105,39.8390
ITEM0377,calibration,any_domain,1,1,full,0.05650894,17.6963
ITEM0378,calibration,any_domain,0,0,truncated,0.01091639,91.6054
ITEM0379,calibration,any_domain,1,0,full,0.09728644,10.2789
ITEM0380,calibration,any_domain,1,0,full,0.20396143,4.9029
ITEM0381,calibration,any_domain,0,0,full,0.01091639,91.6054
ITEM0382,calibration,any_domain,1,1,full,0.01206549,82.8810
ITEM0383,calibration,any_domain,1,0,full,0.11560524,8.6501
ITEM0384,calibration,any_domain,1,0,full,0.01924085,51.9728
ITEM0385,calibration,any_domain,1,1,full,0.02506409,39.8977
ITEM0386,calibration,any_domain,1,0,full,0.11994941,8.3368
ITEM0387,calibration,any_domain,1,0,full,0.01206549,82.8810
ITEM0388,calibration,any_domain,0,0,full,0.01091639,91.6054
ITEM0389,calibration,any_domain,1,1,full,0.31397866,3.1849
ITEM0390,calibration,any_domain,1,0,full,0.01406566,71.0951
ITEM0391,calibration,any_domain,1,1,full,0.06913617,14.4642
ITEM0392,calibration,any_domain,1,0,full,0.01552180,64.4255
ITEM0393,calibration,any_domain,1,1,full,0.03569572,28.0146
ITEM0394,calibration,any_domain,1,1,full,0.05782316,17.2941
ITEM0395,calibration,any_domain,1,0,full,0.07024349,14.2362
ITEM0396,calibration,any_domain,1,1,truncated,0.12828768,7.7950
ITEM0397,calibration,any_domain,1,1,truncated,0.04512277,22.1618
ITEM0398,calibration,any_domain,1,1,full,0.03327180,30.0555
ITEM0399,calibration,any_domain,1,1,full,0.03947658,25.3315
ITEM0400,calibration,any_domain,0,0,full,0.01091639,91.6054
ITEM0401,calibration,any_domain,0,0,full,0.01091639,91.6054
ITEM0402,calibration,any_domain,0,0,full,0.01091639,91.6054
ITEM0403,calibration,any_domain,1,1,full,0.07274311,13.7470
ITEM0404,calibration,any_domain,1,1,full,0.31080628,3.2174
ITEM0405,calibration,any_domain,1,1,full,0.01924085,51.9728
ITEM0406,calibration,any_domain,0,0,full,0.01091639,91.6054
ITEM0407,calibration,any_domain,1,1,full,0.02599935,38.4625
ITEM0408,calibration,any_domain,1,0,full,0.04142126,24.1422
ITEM0409,calibration,any_domain,0,0,truncated,0.01091639,91.6054
ITEM0410,calibration,any_domain,1,0,full,0.01890860,52.8860
ITEM0411,calibration,any_domain,1,0,full,0.06977172,14.3325
ITEM0412,calibration,any_domain,1,1,full,0.02849976,35.0880
ITEM0413,calibration,any_domain,1,1,full,0.01552180,64.4255
ITEM0414,calibration,any_domain,1,1,full,0.11560524,8.6501
ITEM0415,calibration,any_domain,1,0,full,0.04512277,22.1618
ITEM0416,calibration,any_domain,1,0,full,0.04512277,22.1618
ITEM0417,calibration,any_domain,1,1,full,0.06785051,14.7383
ITEM0418,calibration,any_domain,1,1,truncated,0.13969735,7.1583
ITEM0419,calibration,any_domain,1,1,full,0.02849976,35.0880
ITEM0420,calibration,any_domain,1,1,full,0.29445855,3.3961
ITEM0421,calibration,any_domain,1,0,full,0.02599935,38.4625
ITEM0422,calibration,any_domain,1,0,full,0.12915180,7.7428
ITEM0423,calibration,any_domain,1,1,full,0.10784369,9.2727
ITEM0424,calibration,any_domain,1,0,full,0.06345283,15.7597
ITEM0425,calibration,any_domain,1,0,full,0.01206549,82.8810
ITEM0426,calibration,any_domain,1,0,full,0.01406566,71.0951
ITEM0427,calibration,any_domain,1,1,full,0.03477177,28.7590
ITEM0428,calibration,any_domain,1,1,full,0.04286146,23.3310
ITEM0429,calibration,any_domain,1,0,full,0.06977172,14.3325
ITEM0430,calibration,any_domain,0,0,full,0.01091639,91.6054
ITEM0431,calibration,any_domain,1,1,full,0.02849976,35.0880
ITEM0432,calibration,any_domain,1,0,full,0.03821489,26.1678
ITEM0433,calibration,any_domain,1,1,full,0.06594397,15.1644
ITEM0434,calibration,any_domain,0,0,full,0.01091639,91.6054
ITEM0435,calibration,any_domain,1,0,full,0.23454452,4.2636
ITEM0436,calibration,any_domain,0,0,full,0.01091639,91.6054
ITEM0437,calibration,any_domain,0,0,full,0.01091639,91.6054
ITEM0438,calibration,any_domain,1,0,full,0.05636098,17.7428
ITEM0439,calibration,any_domain,0,0,truncated,0.01091639,91.6054
ITEM0440,calibration,any_domain,1,0,full,0.01406566,71.0951
ITEM0441,calibration,any_domain,1,1,full,0.01206549,82.8810
ITEM0442,calibration,any_domain,0,0,full,0.01091639,91.6054
ITEM0443,calibration,any_domain,1,1,truncated,0.11848196,8.4401
ITEM0444,calibration,any_domain,0,0,full,0.01091639,91.6054
ITEM0445,calibration,any_domain,1,1,full,0.06345283,15.7597
ITEM0446,calibration,any_domain,1,1,full,0.06977172,14.3325
ITEM0447,calibration,any_domain,0,0,full,0.01091639,91.6054
ITEM0448,calibration,any_domain,0,0,full,0.01091639,91.6054
ITEM0449,calibration,any_domain,0,0,full,0.01091639,91.6054
ITEM0450,calibration,any_domain,1,1,full,0.11994941,8.3368
ITEM0451,calibration,any_domain,1,0,full,0.25567554,3.9112
ITEM0452,calibration,any_domain,0,1,full,0.01091639,91.6054
ITEM0453,calibration,any_domain,0,0,truncated,0.01091639,91.6054
ITEM0454,calibration,any_domain,1,1,full,0.02164128,46.2080
ITEM0455,calibration,any_domain,0,0,full,0.01091639,91.6054
ITEM0456,calibration,any_domain,1,1,full,0.07274311,13.7470
ITEM0457,calibration,any_domain,1,0,full,0.01552180,64.4255
ITEM0458,calibration,any_domain,1,0,full,0.02849976,35.0880
ITEM0459,calibration,any_domain,1,1,full,0.14110309,7.0870
ITEM0460,calibration,any_domain,1,1,full,0.02849976,35.0880
ITEM0461,calibration,any_domain,1,0,full,0.10784369,9.2727
ITEM0462,calibration,any_domain,1,1,full,0.20396143,4.9029
ITEM0463,calibration,any_domain,1,0,full,0.03093564,32.3252
ITEM0464,calibration,any_domain,0,0,full,0.01091639,91.6054
ITEM0465,calibration,any_domain,1,1,full,0.04266514,23.4383
ITEM0466,calibration,any_domain,1,0,full,0.04293921,23.2887
ITEM0467,calibration,any_domain,1,1,full,0.02528754,39.5452
ITEM0468,calibration,any_domain,1,0,full,0.14995580,6.6686
ITEM0469,calibration,any_domain,1,0,full,0.03821489,26.1678
ITEM0470,calibration,any_domain,1,0,full,0.29698739,3.3671
ITEM0471,calibration,any_domain,0,0,full,0.01091639,91.6054
ITEM0472,calibration,any_domain,1,0,full,0.01924085,51.9728
ITEM0473,calibration,any_domain,1,0,full,0.02405837,41.5656
ITEM0474,calibration,any_domain,1,1,full,0.03821489,26.1678
ITEM0475,calibration,any_domain,1,1,full,0.00706867,141.4694
ITEM0476,calibration,any_domain,1,0,full,0.06345283,15.7597
ITEM0477,calibration,any_domain,1,1,full,0.20787160,4.8107
ITEM0478,calibration,any_domain,0,0,full,0.01091639,91.6054
ITEM0479,calibration,any_domain,1,1,full,0.13131436,7.6153
ITEM0480,calibration,any_domain,0,0,full,0.01091639,91.6054
ITEM0481,calibration,any_domain,1,0,full,0.11877513,8.4193
ITEM0482,calibration,any_domain,0,0,truncated,0.01091639,91.6054
ITEM0483,calibration,any_domain,1,1,truncated,0.01552180,64.4255
ITEM0484,calibration,any_domain,1,1,full,0.19833475,5.0420
ITEM0485,calibration,any_domain,1,1,full,0.01890860,52.8860
ITEM0486,calibration,any_domain,1,1,full,0.05650894,17.6963
ITEM0487,calibration,any_domain,0,0,full,0.01091639,91.6054
ITEM0488,calibration,any_domain,1,1,full,0.01691825,59.1078
ITEM0489,calibration,any_domain,1,1,full,0.00706867,141.4694
ITEM0490,calibration,any_domain,1,1,full,0.10198901,9.8050
ITEM0491,calibration,any_domain,1,1,full,0.02849976,35.0880
ITEM0492,calibration,any_domain,1,0,full,0.03821489,26.1678
ITEM0493,calibration,any_domain,0,0,full,0.01091639,91.6054
ITEM0494,calibration,any_domain,0,0,full,0.01091639,91.6054
ITEM0495,calibration,any_domain,1,0,full,0.03947658,25.3315
ITEM0496,calibration,any_domain,1,0,full,0.14007365,7.1391
ITEM0497,calibration,any_domain,1,1,full,0.20396143,4.9029
ITEM0498,calibration,any_domain,1,1,full,0.15246526,6.5589
ITEM0499,calibration,any_domain,1,1,full,0.15685623,6.3753
ITEM0500,calibration,any_domain,0,0,truncated,0.01091639,91.6054
ITEM0501,calibration,any_domain,1,1,full,0.11560524,8.6501
ITEM0502,calibration,any_domain,0,0,full,0.01091639,91.6054
ITEM0503,calibration,any_domain,1,1,truncated,0.13073781,7.6489
ITEM0504,calibration,any_domain,1,0,full,0.05162316,19.3711
ITEM0505,calibration,any_domain,1,0,full,0.01406566,71.0951
ITEM0506,calibration,any_domain,1,1,full,0.06490044,15.4082
ITEM0507,calibration,any_domain,1,1,full,0.01183902,84.4665
ITEM0508,calibration,any_domain,1,0,full,0.11560524,8.6501
ITEM0509,calibration,any_domain,0,0,full,0.01091639,91.6054
ITEM0510,calibration,any_domain,1,1,full,0.00706867,141.4694
ITEM0511,calibration,any_domain,0,0,full,0.01091639,91.6054
ITEM0512,calibration,any_domain,1,0,full,0.01406566,71.0951
ITEM0513,calibration,any_domain,1,0,full,0.01406566,71.0951
ITEM0514,calibration,any_domain,0,0,full,0.01091639,91.6054
ITEM0515,calibration,any_domain,0,0,full,0.01091639,91.6054
ITEM0516,calibration,any_domain,1,1,full,0.00706867,141.4694
ITEM0517,calibration,any_domain,0,0,full,0.01091639,91.6054
ITEM0518,calibration,any_domain,0,0,full,0.01091639,91.6054
ITEM0519,calibration,any_domain,0,0,truncated,0.01091639,91.6054
ITEM0520,calibration,any_domain,1,1,full,0.12437818,8.0400
ITEM0521,calibration,any_domain,1,1,full,0.01206549,82.8810
ITEM0522,calibration,any_domain,1,0,full,0.03668945,27.2558
ITEM0523,calibration,any_domain,1,1,full,0.02506409,39.8977
ITEM0524,calibration,any_domain,1,1,full,0.06345283,15.7597
ITEM0525,calibration,any_domain,1,1,full,0.02599935,38.4625
ITEM0526,calibration,any_domain,1,0,full,0.04512277,22.1618
ITEM0527,calibration,any_domain,1,0,full,0.01924085,51.9728
ITEM0528,calibration,any_domain,1,1,full,0.08352330,11.9727
ITEM0529,calibration,any_domain,1,0,full,0.04882275,20.4823
ITEM0530,calibration,any_domain,0,0,full,0.01091639,91.6054
ITEM0531,calibration,any_domain,1,1,full,0.07274311,13.7470
ITEM0532,calibration,any_domain,1,1,full,0.07274311,13.7470
ITEM0533,calibration,any_domain,0,0,truncated,0.01091639,91.6054
ITEM0534,calibration,any_domain,0,0,full,0.01091639,91.6054
ITEM0535,calibration,any_domain,0,0,full,0.01091639,91.6054
ITEM0536,calibration,any_domain,1,0,full,0.01924085,51.9728
ITEM0537,calibration,any_domain,1,1,full,0.05435141,18.3988
ITEM0538,calibration,any_domain,1,0,full,0.00706867,141.4694
ITEM0539,calibration,any_domain,1,1,full,0.07274311,13.7470
ITEM0540,calibration,any_domain,1,0,full,0.01206549,82.8810
ITEM0541,calibration,any_domain,0,0,full,0.01091639,91.6054
ITEM0542,calibration,any_domain,1,0,full,0.09728644,10.2789
ITEM0543,calibration,any_domain,1,0,full,0.01183902,84.4665
ITEM0544,calibration,any_domain,1,0,full,0.04293921,23.2887
ITEM0545,calibration,any_domain,0,0,full,0.01091639,91.6054
ITEM0546,calibration,any_domain,1,0,full,0.04606273,21.7095
ITEM0547,calibration,any_domain,0,0,full,0.01091639,91.6054
ITEM0548,calibration,any_domain,1,0,full,0.03569572,28.0146
ITEM0549,calibration,any_domain,1,0,full,0.02384584,41.9360
ITEM0550,calibration,any_domain,1,1,full,0.01183902,84.4665
ITEM0551,calibration,any_domain,1,1,full,0.06977172,14.3325
ITEM0552,calibration,any_domain,1,0,full,0.01406566,71.0951
ITEM0553,calibration,any_domain,1,1,full,0.04293921,23.2887
ITEM0554,calibration,any_domain,0,0,truncated,0.01091639,91.6054
ITEM0555,calibration,any_domain,1,1,full,0.28826664,3.4690
ITEM0556,calibration,any_domain,1,0,full,0.03947658,25.3315
ITEM0557,calibration,any_domain,1,1,full,0.08521609,11.7349
ITEM0558,calibration,any_domain,1,0,full,0.03821489,26.1678
ITEM0559,calibration,any_domain,0,0,full,0.01091639,91.6054
ITEM0560,calibration,any_domain,1,1,full,0.04234082,23.6179
ITEM0561,calibration,any_domain,0,0,full,0.01091639,91.6054
ITEM0562,calibration,any_domain,1,1,full,0.01206549,82.8810
ITEM0563,calibration,any_domain,1,0,full,0.15278595,6.5451
ITEM0564,calibration,any_domain,1,0,full,0.04526133,22.0939
ITEM0565,calibration,any_domain,0,0,truncated,0.01091639,91.6054
ITEM0566,calibration,any_domain,1,1,full,0.02849976,35.0880
ITEM0567,calibration,any_domain,1,1,full,0.04293921,23.2887
ITEM0568,calibration,any_domain,1,0,full,0.01183902,84.4665
ITEM0569,calibration,any_domain,0,0,truncated,0.01091639,91.6054
NEG0001,negverify,any_domain,0,0,full,0.01091639,91.6054
NEG0002,negverify,any_domain,0,0,full,0.01091639,91.6054
NEG0003,negverify,any_domain,0,0,full,0.01091639,91.6054
NEG0004,negverify,any_domain,0,0,full,0.01091639,91.6054
NEG0005,negverify,any_domain,0,0,full,0.01091639,91.6054
NEG0006,negverify,any_domain,0,0,full,0.01091639,91.6054
NEG0007,negverify,any_domain,0,0,full,0.01091639,91.6054
NEG0008,negverify,any_domain,0,0,full,0.01091639,91.6054
NEG0009,negverify,any_domain,0,0,full,0.01091639,91.6054
NEG0010,negverify,any_domain,0,0,full,0.01091639,91.6054
NEG0011,negverify,any_domain,0,0,full,0.01091639,91.6054
NEG0012,negverify,any_domain,0,0,full,0.01091639,91.6054
NEG0013,negverify,any_domain,0,0,full,0.01091639,91.6054
NEG0014,negverify,any_domain,0,0,full,0.01091639,91.6054
NEG0015,negverify,any_domain,0,0,full,0.01091639,91.6054
NEG0016,negverify,any_domain,0,0,full,0.01091639,91.6054
NEG0017,negverify,any_domain,0,0,full,0.01091639,91.6054
NEG0018,negverify,any_domain,0,0,truncated,0.01091639,91.6054
NEG0019,negverify,any_domain,0,0,full,0.01091639,91.6054
NEG0020,negverify,any_domain,0,0,full,0.01091639,91.6054
NEG0021,negverify,any_domain,0,0,full,0.01091639,91.6054
NEG0022,negverify,any_domain,0,0,full,0.01091639,91.6054
NEG0023,negverify,any_domain,0,0,full,0.01091639,91.6054
NEG0024,negverify,any_domain,0,0,full,0.01091639,91.6054
NEG0025,negverify,any_domain,0,0,full,0.01091639,91.6054
NEG0026,negverify,any_domain,0,0,full,0.01091639,91.6054
NEG0027,negverify,any_domain,0,0,full,0.01091639,91.6054
NEG0028,negverify,any_domain,0,0,full,0.01091639,91.6054
NEG0029,negverify,any_domain,0,0,truncated,0.01091639,91.6054
NEG0030,negverify,any_domain,0,0,full,0.01091639,91.6054
NEG0031,negverify,any_domain,0,0,truncated,0.01091639,91.6054
NEG0032,negverify,any_domain,0,0,full,0.01091639,91.6054
NEG0033,negverify,any_domain,0,0,full,0.01091639,91.6054
NEG0034,negverify,any_domain,0,0,full,0.01091639,91.6054
NEG0035,negverify,any_domain,0,0,full,0.01091639,91.6054
NEG0036,negverify,any_domain,0,0,full,0.01091639,91.6054
NEG0037,negverify,any_domain,0,0,full,0.01091639,91.6054
NEG0038,negverify,any_domain,0,0,full,0.01091639,91.6054
NEG0039,negverify,any_domain,0,1,truncated,0.01091639,91.6054
NEG0040,negverify,any_domain,0,0,full,0.01091639,91.6054
NEG0041,negverify,any_domain,0,0,full,0.01091639,91.6054
NEG0042,negverify,any_domain,0,0,full,0.01091639,91.6054
NEG0043,negverify,any_domain,0,0,full,0.01091639,91.6054
NEG0044,negverify,any_domain,0,0,full,0.01091639,91.6054
NEG0045,negverify,any_domain,0,0,full,0.01091639,91.6054
NEG0046,negverify,any_domain,0,0,full,0.01091639,91.6054
NEG0047,negverify,any_domain,0,0,full,0.01091639,91.6054
NEG0048,negverify,any_domain,0,0,full,0.01091639,91.6054
NEG0049,negverify,any_domain,0,0,full,0.01091639,91.6054
NEG0050,negverify,any_domain,0,0,full,0.01091639,91.6054
NEG0051,negverify,any_domain,0,0,full,0.01091639,91.6054
NEG0052,negverify,any_domain,0,0,truncated,0.01091639,91.6054
NEG0053,negverify,any_domain,0,0,full,0.01091639,91.6054
NEG0054,negverify,any_domain,0,0,full,0.01091639,91.6054
NEG0055,negverify,any_domain,0,0,full,0.01091639,91.6054
NEG0056,negverify,any_domain,0,0,full,0.01091639,91.6054
NEG0057,negverify,any_domain,0,0,full,0.01091639,91.6054
NEG0058,negverify,any_domain,0,0,full,0.01091639,91.6054
NEG0059,negverify,any_domain,0,0,full,0.01091639,91.6054
NEG0060,negverify,any_domain,0,0,full,0.01091639,91.6054
NEG0061,negverify,any_domain,0,0,full,0.01091639,91.6054
NEG0062,negverify,any_domain,0,0,truncated,0.01091639,91.6054
NEG0063,negverify,any_domain,0,0,truncated,0.01091639,91.6054
NEG0064,negverify,any_domain,0,0,full,0.01091639,91.6054
NEG0065,negverify,any_domain,0,0,full,0.01091639,91.6054
NEG0066,negverify,any_domain,0,0,full,0.01091639,91.6054
NEG0067,negverify,any_domain,0,0,full,0.01091639,91.6054
NEG0068,negverify,any_domain,0,0,full,0.01091639,91.6054
NEG0069,negverify,any_domain,0,0,full,0.01091639,91.6054
NEG0070,negverify,any_domain,0,0,full,0.01091639,91.6054
NEG0071,negverify,any_domain,0,0,full,0.01091639,91.6054
NEG0072,negverify,any_domain,0,0,full,0.01091639,91.6054
NEG0073,negverify,any_domain,0,0,full,0.01091639,91.6054
NEG0074,negverify,any_domain,0,0,full,0.01091639,91.6054
NEG0075,negverify,any_domain,0,0,truncated,0.01091639,91.6054
NEG0076,negverify,any_domain,0,0,full,0.01091639,91.6054
NEG0077,negverify,any_domain,0,0,full,0.01091639,91.6054
NEG0078,negverify,any_domain,0,1,full,0.01091639,91.6054
NEG0079,negverify,any_domain,0,0,full,0.01091639,91.6054
NEG0080,negverify,any_domain,0,0,full,0.01091639,91.6054
NEG0081,negverify,any_domain,0,0,truncated,0.01091639,91.6054
NEG0082,negverify,any_domain,0,0,full,0.01091639,91.6054
NEG0083,negverify,any_domain,0,0,full,0.01091639,91.6054
NEG0084,negverify,any_domain,0,0,full,0.01091639,91.6054
NEG0085,negverify,any_domain,0,0,full,0.01091639,91.6054
NEG0086,negverify,any_domain,0,0,full,0.01091639,91.6054
NEG0087,negverify,any_domain,0,0,full,0.01091639,91.6054
NEG0088,negverify,any_domain,0,0,truncated,0.01091639,91.6054
NEG0089,negverify,any_domain,0,0,full,0.01091639,91.6054
NEG0090,negverify,any_domain,0,0,full,0.01091639,91.6054
NEG0091,negverify,any_domain,0,1,full,0.01091639,91.6054
NEG0092,negverify,any_domain,0,0,full,0.01091639,91.6054
NEG0093,negverify,any_domain,0,0,full,0.01091639,91.6054
NEG0094,negverify,any_domain,0,0,full,0.01091639,91.6054
NEG0095,negverify,any_domain,0,0,full,0.01091639,91.6054
NEG0096,negverify,any_domain,0,0,truncated,0.01091639,91.6054
NEG0097,negverify,any_domain,0,0,full,0.01091639,91.6054
NEG0098,negverify,any_domain,0,0,full,0.01091639,91.6054
NEG0099,negverify,any_domain,0,0,truncated,0.01091639,91.6054
NEG0100,negverify,any_domain,0,0,full,0.01091639,91.6054
NEG0101,negverify,any_domain,0,0,full,0.01091639,91.6054
NEG0102,negverify,any_domain,0,0,truncated,0.01091639,91.6054
NEG0103,negverify,any_domain,0,0,full,0.01091639,91.6054
NEG0104,negverify,any_domain,0,1,full,0.01091639,91.6054
NEG0105,negverify,any_domain,0,0,full,0.01091639,91.6054
NEG0106,negverify,any_domain,0,0,full,0.01091639,91.6054
NEG0107,negverify,any_domain,0,0,full,0.01091639,91.6054
NEG0108,negverify,any_domain,0,0,truncated,0.01091639,91.6054
NEG0109,negverify,any_domain,0,0,full,0.01091639,91.6054
NEG0110,negverify,any_domain,0,0,full,0.01091639,91.6054
NEG0111,negverify,any_domain,0,0,full,0.01091639,91.6054
NEG0112,negverify,any_domain,0,0,truncated,0.01091639,91.6054
NEG0113,negverify,any_domain,0,0,full,0.01091639,91.6054
NEG0114,negverify,any_domain,0,0,full,0.01091639,91.6054
NEG0115,negverify,any_domain,0,0,full,0.01091639,91.6054
NEG0116,negverify,any_domain,0,0,truncated,0.01091639,91.6054
NEG0117,negverify,any_domain,0,0,full,0.01091639,91.6054
NEG0118,negverify,any_domain,0,0,full,0.01091639,91.6054
NEG0119,negverify,any_domain,0,0,truncated,0.01091639,91.6054
NEG0120,negverify,any_domain,0,0,full,0.01091639,91.6054
NEG0121,negverify,any_domain,0,0,full,0.01091639,91.6054
NEG0122,negverify,any_domain,0,0,truncated,0.01091639,91.6054
NEG0123,negverify,any_domain,0,0,full,0.01091639,91.6054
NEG0124,negverify,any_domain,0,0,full,0.01091639,91.6054
NEG0125,negverify,any_domain,0,0,full,0.01091639,91.6054
NEG0126,negverify,any_domain,0,0,full,0.01091639,91.6054
NEG0127,negverify,any_domain,0,0,full,0.01091639,91.6054
NEG0128,negverify,any_domain,0,1,full,0.01091639,91.6054
NEG0129,negverify,any_domain,0,0,full,0.01091639,91.6054
NEG0130,negverify,any_domain,0,0,full,0.01091639,91.6054
NEG0131,negverify,any_domain,0,0,full,0.01091639,91.6054
NEG0132,negverify,any_domain,0,0,full,0.01091639,91.6054
NEG0133,negverify,any_domain,0,0,full,0.01091639,91.6054
NEG0134,negverify,any_domain,0,0,full,0.01091639,91.6054
NEG0135,negverify,any_domain,0,0,full,0.01091639,91.6054
NEG0136,negverify,any_domain,0,0,full,0.01091639,91.6054
NEG0137,negverify,any_domain,0,0,full,0.01091639,91.6054
NEG0138,negverify,any_domain,0,0,full,0.01091639,91.6054
NEG0139,negverify,any_domain,0,0,full,0.01091639,91.6054
NEG0140,negverify,any_domain,0,0,full,0.01091639,91.6054
NEG0141,negverify,any_domain,0,0,full,0.01091639,91.6054
NEG0142,negverify,any_domain,0,0,full,0.01091639,91.6054
NEG0143,negverify,any_domain,0,0,full,0.01091639,91.6054
NEG0144,negverify,any_domain,0,0,full,0.01091639,91.6054
NEG0145,negverify,any_domain,0,0,full,0.01091639,91.6054
NEG0146,negverify,any_domain,0,0,full,0.01091639,91.6054
NEG0147,negverify,any_domain,0,0,full,0.01091639,91.6054
NEG0148,negverify,any_domain,0,0,full,0.01091639,91.6054
NEG0149,negverify,any_domain,0,0,full,0.01091639,91.6054
NEG0150,negverify,any_domain,0,0,full,0.01091639,91.6054
NEG0151,negverify,any_domain,0,0,full,0.01091639,91.6054
NEG0152,negverify,any_domain,0,0,truncated,0.01091639,91.6054
NEG0153,negverify,any_domain,0,1,full,0.01091639,91.6054
NEG0154,negverify,any_domain,0,0,full,0.01091639,91.6054
NEG0155,negverify,any_domain,0,0,full,0.01091639,91.6054
NEG0156,negverify,any_domain,0,0,full,0.01091639,91.6054
NEG0157,negverify,any_domain,0,0,full,0.01091639,91.6054
NEG0158,negverify,any_domain,0,0,full,0.01091639,91.6054
NEG0159,negverify,any_domain,0,0,truncated,0.01091639,91.6054
NEG0160,negverify,any_domain,0,0,full,0.01091639,91.6054
NEG0161,negverify,any_domain,0,0,full,0.01091639,91.6054
NEG0162,negverify,any_domain,0,0,full,0.01091639,91.6054
NEG0163,negverify,any_domain,0,0,full,0.01091639,91.6054
NEG0164,negverify,any_domain,0,0,full,0.01091639,91.6054
NEG0165,negverify,any_domain,0,0,truncated,0.01091639,91.6054
NEG0166,negverify,any_domain,0,0,truncated,0.01091639,91.6054
NEG0167,negverify,any_domain,0,0,full,0.01091639,91.6054
NEG0168,negverify,any_domain,0,0,truncated,0.01091639,91.6054
NEG0169,negverify,any_domain,0,0,full,0.01091639,91.6054
NEG0170,negverify,any_domain,0,0,full,0.01091639,91.6054
NEG0171,negverify,any_domain,0,0,full,0.01091639,91.6054
NEG0172,negverify,any_domain,0,0,full,0.01091639,91.6054
NEG0173,negverify,any_domain,0,0,truncated,0.01091639,91.6054
NEG0174,negverify,any_domain,0,0,full,0.01091639,91.6054
NEG0175,negverify,any_domain,0,0,full,0.01091639,91.6054
NEG0176,negverify,any_domain,0,0,full,0.01091639,91.6054
NEG0177,negverify,any_domain,0,0,full,0.01091639,91.6054
NEG0178,negverify,any_domain,0,0,full,0.01091639,91.6054
NEG0179,negverify,any_domain,0,0,full,0.01091639,91.6054
NEG0180,negverify,any_domain,0,0,full,0.01091639,91.6054
NEG0181,negverify,any_domain,0,0,truncated,0.01091639,91.6054
NEG0182,negverify,any_domain,0,0,full,0.01091639,91.6054
NEG0183,negverify,any_domain,0,0,full,0.01091639,91.6054
NEG0184,negverify,any_domain,0,0,full,0.01091639,91.6054
NEG0185,negverify,any_domain,0,0,full,0.01091639,91.6054
NEG0186,negverify,any_domain,0,0,full,0.01091639,91.6054
NEG0187,negverify,any_domain,0,0,full,0.01091639,91.6054
NEG0188,negverify,any_domain,0,0,full,0.01091639,91.6054
NEG0189,negverify,any_domain,0,0,full,0.01091639,91.6054
NEG0190,negverify,any_domain,0,0,full,0.01091639,91.6054
NEG0191,negverify,any_domain,0,1,full,0.01091639,91.6054
NEG0192,negverify,any_domain,0,0,truncated,0.01091639,91.6054
NEG0193,negverify,any_domain,0,0,full,0.01091639,91.6054
NEG0194,negverify,any_domain,0,0,full,0.01091639,91.6054
NEG0195,negverify,any_domain,0,0,truncated,0.01091639,91.6054
NEG0196,negverify,any_domain,0,0,full,0.01091639,91.6054
NEG0197,negverify,any_domain,0,0,full,0.01091639,91.6054
NEG0198,negverify,any_domain,0,0,full,0.01091639,91.6054
NEG0199,negverify,any_domain,0,0,full,0.01091639,91.6054
NEG0200,negverify,any_domain,0,0,full,0.01091639,91.6054
NEG0201,negverify,any_domain,0,0,full,0.01091639,91.6054
NEG0202,negverify,any_domain,0,0,full,0.01091639,91.6054
NEG0203,negverify,any_domain,0,0,full,0.01091639,91.6054
NEG0204,negverify,any_domain,0,0,full,0.01091639,91.6054
NEG0205,negverify,any_domain,0,0,full,0.01091639,91.6054
NEG0206,negverify,any_domain,0,0,truncated,0.01091639,91.6054
NEG0207,negverify,any_domain,0,0,truncated,0.01091639,91.6054
NEG0208,negverify,any_domain,0,0,full,0.01091639,91.6054
NEG0209,negverify,any_domain,0,0,full,0.01091639,91.6054
NEG0210,negverify,any_domain,0,0,full,0.01091639,91.6054
NEG0211,negverify,any_domain,0,0,full,0.01091639,91.6054
NEG0212,negverify,any_domain,0,0,full,0.01091639,91.6054
NEG0213,negverify,any_domain,0,0,full,0.01091639,91.6054
NEG0214,negverify,any_domain,0,0,truncated,0.01091639,91.6054
NEG0215,negverify,any_domain,0,0,truncated,0.01091639,91.6054
NEG0216,negverify,any_domain,0,0,full,0.01091639,91.6054
NEG0217,negverify,any_domain,0,0,full,0.01091639,91.6054
NEG0218,negverify,any_domain,0,0,full,0.01091639,91.6054
NEG0219,negverify,any_domain,0,0,full,0.01091639,91.6054
NEG0220,negverify,any_domain,0,0,full,0.01091639,91.6054
NEG0221,negverify,any_domain,0,0,full,0.01091639,91.6054
NEG0222,negverify,any_domain,0,0,full,0.01091639,91.6054
NEG0223,negverify,any_domain,0,0,full,0.01091639,91.6054
NEG0224,negverify,any_domain,0,0,full,0.01091639,91.6054
NEG0225,negverify,any_domain,0,0,full,0.01091639,91.6054
NEG0226,negverify,any_domain,0,0,full,0.01091639,91.6054
NEG0227,negverify,any_domain,0,0,full,0.01091639,91.6054
NEG0228,negverify,any_domain,0,0,truncated,0.01091639,91.6054
NEG0229,negverify,any_domain,0,0,full,0.01091639,91.6054
NEG0230,negverify,any_domain,0,0,full,0.01091639,91.6054
NEG0231,negverify,any_domain,0,0,full,0.01091639,91.6054
NEG0232,negverify,any_domain,0,0,full,0.01091639,91.6054
NEG0233,negverify,any_domain,0,0,truncated,0.01091639,91.6054
NEG0234,negverify,any_domain,0,1,full,0.01091639,91.6054
NEG0235,negverify,any_domain,0,0,full,0.01091639,91.6054
NEG0236,negverify,any_domain,0,0,full,0.01091639,91.6054
NEG0237,negverify,any_domain,0,0,truncated,0.01091639,91.6054
NEG0238,negverify,any_domain,0,0,full,0.01091639,91.6054
NEG0239,negverify,any_domain,0,0,full,0.01091639,91.6054
NEG0240,negverify,any_domain,0,0,truncated,0.01091639,91.6054
NEG0241,negverify,any_domain,0,0,full,0.01091639,91.6054
NEG0242,negverify,any_domain,0,0,truncated,0.01091639,91.6054
NEG0243,negverify,any_domain,0,0,full,0.01091639,91.6054
NEG0244,negverify,any_domain,0,0,full,0.01091639,91.6054
NEG0245,negverify,any_domain,0,0,full,0.01091639,91.6054
NEG0246,negverify,any_domain,0,0,full,0.01091639,91.6054
NEG0247,negverify,any_domain,0,0,full,0.01091639,91.6054
NEG0248,negverify,any_domain,0,0,full,0.01091639,91.6054
NEG0249,negverify,any_domain,0,0,truncated,0.01091639,91.6054
NEG0250,negverify,any_domain,0,0,full,0.01091639,91.6054
NEG0251,negverify,any_domain,0,0,full,0.01091639,91.6054
NEG0252,negverify,any_domain,0,0,full,0.01091639,91.6054
NEG0253,negverify,any_domain,0,0,full,0.01091639,91.6054
NEG0254,negverify,any_domain,0,0,truncated,0.01091639,91.6054
NEG0255,negverify,any_domain,0,0,truncated,0.01091639,91.6054
NEG0256,negverify,any_domain,0,0,full,0.01091639,91.6054
NEG0257,negverify,any_domain,0,0,full,0.01091639,91.6054
NEG0258,negverify,any_domain,0,0,full,0.01091639,91.6054
NEG0259,negverify,any_domain,0,0,full,0.01091639,91.6054
NEG0260,negverify,any_domain,0,0,full,0.01091639,91.6054
NEG0261,negverify,any_domain,0,0,full,0.01091639,91.6054
NEG0262,negverify,any_domain,0,0,full,0.01091639,91.6054
NEG0263,negverify,any_domain,0,0,full,0.01091639,91.6054
NEG0264,negverify,any_domain,0,0,full,0.01091639,91.6054
NEG0265,negverify,any_domain,0,0,full,0.01091639,91.6054
NEG0266,negverify,any_domain,0,0,full,0.01091639,91.6054
NEG0267,negverify,any_domain,0,0,truncated,0.01091639,91.6054
NEG0268,negverify,any_domain,0,0,full,0.01091639,91.6054
NEG0269,negverify,any_domain,0,0,full,0.01091639,91.6054
NEG0270,negverify,any_domain,0,0,full,0.01091639,91.6054
NEG0271,negverify,any_domain,0,0,full,0.01091639,91.6054
NEG0272,negverify,any_domain,0,0,full,0.01091639,91.6054
NEG0273,negverify,any_domain,0,0,full,0.01091639,91.6054
NEG0274,negverify,any_domain,0,0,full,0.01091639,91.6054
NEG0275,negverify,any_domain,0,0,full,0.01091639,91.6054
NEG0276,negverify,any_domain,0,0,full,0.01091639,91.6054
NEG0277,negverify,any_domain,0,0,full,0.01091639,91.6054
NEG0278,negverify,any_domain,0,0,full,0.01091639,91.6054
NEG0279,negverify,any_domain,0,0,full,0.01091639,91.6054
NEG0280,negverify,any_domain,0,0,full,0.01091639,91.6054
NEG0281,negverify,any_domain,0,0,full,0.01091639,91.6054
NEG0282,negverify,any_domain,0,0,full,0.01091639,91.6054
NEG0283,negverify,any_domain,0,0,full,0.01091639,91.6054
NEG0284,negverify,any_domain,0,0,full,0.01091639,91.6054
NEG0285,negverify,any_domain,0,0,full,0.01091639,91.6054
NEG0286,negverify,any_domain,0,0,full,0.01091639,91.6054
NEG0287,negverify,any_domain,0,0,truncated,0.01091639,91.6054
NEG0288,negverify,any_domain,0,0,full,0.01091639,91.6054
NEG0289,negverify,any_domain,0,0,full,0.01091639,91.6054
NEG0290,negverify,any_domain,0,0,full,0.01091639,91.6054
NEG0291,negverify,any_domain,0,0,full,0.01091639,91.6054
NEG0292,negverify,any_domain,0,0,full,0.01091639,91.6054
NEG0293,negverify,any_domain,0,0,full,0.01091639,91.6054
NEG0294,negverify,any_domain,0,0,full,0.01091639,91.6054
NEG0295,negverify,any_domain,0,0,full,0.01091639,91.6054
NEG0296,negverify,any_domain,0,0,full,0.01091639,91.6054
NEG0297,negverify,any_domain,0,0,full,0.01091639,91.6054
NEG0298,negverify,any_domain,0,0,full,0.01091639,91.6054
NEG0299,negverify,any_domain,0,0,full,0.01091639,91.6054
NEG0300,negverify,any_domain,0,0,full,0.01091639,91.6054
NEG0301,negverify,any_domain,0,0,full,0.01091639,91.6054
NEG0302,negverify,any_domain,0,0,truncated,0.01091639,91.6054
NEG0303,negverify,any_domain,0,0,full,0.01091639,91.6054
NEG0304,negverify,any_domain,0,0,full,0.01091639,91.6054
NEG0305,negverify,any_domain,0,1,full,0.01091639,91.6054
NEG0306,negverify,any_domain,0,0,full,0.01091639,91.6054
NEG0307,negverify,any_domain,0,0,full,0.01091639,91.6054
NEG0308,negverify,any_domain,0,0,full,0.01091639,91.6054
NEG0309,negverify,any_domain,0,0,full,0.01091639,91.6054
NEG0310,negverify,any_domain,0,0,full,0.01091639,91.6054
NEG0311,negverify,any_domain,0,0,full,0.01091639,91.6054
NEG0312,negverify,any_domain,0,1,full,0.01091639,91.6054
NEG0313,negverify,any_domain,0,0,full,0.01091639,91.6054
NEG0314,negverify,any_domain,0,0,full,0.01091639,91.6054
NEG0315,negverify,any_domain,0,0,truncated,0.01091639,91.6054
NEG0316,negverify,any_domain,0,0,full,0.01091639,91.6054
NEG0317,negverify,any_domain,0,0,full,0.01091639,91.6054
NEG0318,negverify,any_domain,0,0,full,0.01091639,91.6054
NEG0319,negverify,any_domain,0,0,truncated,0.01091639,91.6054
NEG0320,negverify,any_domain,0,0,full,0.01091639,91.6054
NEG0321,negverify,any_domain,0,0,full,0.01091639,91.6054
NEG0322,negverify,any_domain,0,0,truncated,0.01091639,91.6054
NEG0323,negverify,any_domain,0,0,full,0.01091639,91.6054
NEG0324,negverify,any_domain,0,0,full,0.01091639,91.6054
NEG0325,negverify,any_domain,0,0,full,0.01091639,91.6054
NEG0326,negverify,any_domain,0,0,full,0.01091639,91.6054
NEG0327,negverify,any_domain,0,0,full,0.01091639,91.6054
NEG0328,negverify,any_domain,0,0,full,0.01091639,91.6054
NEG0329,negverify,any_domain,0,0,full,0.01091639,91.6054
NEG0330,negverify,any_domain,0,0,full,0.01091639,91.6054
NEG0331,negverify,any_domain,0,0,full,0.01091639,91.6054
NEG0332,negverify,any_domain,0,0,full,0.01091639,91.6054
NEG0333,negverify,any_domain,0,0,full,0.01091639,91.6054
NEG0334,negverify,any_domain,0,0,full,0.01091639,91.6054
NEG0335,negverify,any_domain,0,0,full,0.01091639,91.6054
NEG0336,negverify,any_domain,0,0,full,0.01091639,91.6054
NEG0337,negverify,any_domain,0,0,full,0.01091639,91.6054
NEG0338,negverify,any_domain,0,0,full,0.01091639,91.6054
NEG0339,negverify,any_domain,0,0,truncated,0.01091639,91.6054
NEG0340,negverify,any_domain,0,0,full,0.01091639,91.6054
NEG0341,negverify,any_domain,0,0,full,0.01091639,91.6054
NEG0342,negverify,any_domain,0,0,truncated,0.01091639,91.6054
NEG0343,negverify,any_domain,0,0,full,0.01091639,91.6054
NEG0344,negverify,any_domain,0,0,full,0.01091639,91.6054
NEG0345,negverify,any_domain,0,0,full,0.01091639,91.6054
NEG0346,negverify,any_domain,0,0,full,0.01091639,91.6054
NEG0347,negverify,any_domain,0,1,full,0.01091639,91.6054
NEG0348,negverify,any_domain,0,0,full,0.01091639,91.6054
NEG0349,negverify,any_domain,0,0,full,0.01091639,91.6054
NEG0350,negverify,any_domain,0,0,full,0.01091639,91.6054
NEG0351,negverify,any_domain,0,0,full,0.01091639,91.6054
NEG0352,negverify,any_domain,0,0,full,0.01091639,91.6054
NEG0353,negverify,any_domain,0,0,full,0.01091639,91.6054
NEG0354,negverify,any_domain,0,0,full,0.01091639,91.6054
NEG0355,negverify,any_domain,0,0,full,0.01091639,91.6054
NEG0356,negverify,any_domain,0,0,full,0.01091639,91.6054
NEG0357,negverify,any_domain,0,0,truncated,0.01091639,91.6054
NEG0358,negverify,any_domain,0,0,full,0.01091639,91.6054
NEG0359,negverify,any_domain,0,0,full,0.01091639,91.6054
NEG0360,negverify,any_domain,0,0,full,0.01091639,91.6054
NEG0361,negverify,any_domain,0,0,full,0.01091639,91.6054
NEG0362,negverify,any_domain,0,0,full,0.01091639,91.6054
NEG0363,negverify,any_domain,0,0,full,0.01091639,91.6054
NEG0364,negverify,any_domain,0,0,full,0.01091639,91.6054
NEG0365,negverify,any_domain,0,0,full,0.01091639,91.6054
NEG0366,negverify,any_domain,0,0,full,0.01091639,91.6054
NEG0367,negverify,any_domain,0,0,full,0.01091639,91.6054
NEG0368,negverify,any_domain,0,0,full,0.01091639,91.6054
NEG0369,negverify,any_domain,0,0,full,0.01091639,91.6054
NEG0370,negverify,any_domain,0,0,truncated,0.01091639,91.6054
NEG0371,negverify,any_domain,0,0,full,0.01091639,91.6054
NEG0372,negverify,any_domain,0,0,full,0.01091639,91.6054
NEG0373,negverify,any_domain,0,0,full,0.01091639,91.6054
NEG0374,negverify,any_domain,0,0,full,0.01091639,91.6054
NEG0375,negverify,any_domain,0,0,full,0.01091639,91.6054
NEG0376,negverify,any_domain,0,0,full,0.01091639,91.6054
NEG0377,negverify,any_domain,0,0,full,0.01091639,91.6054
NEG0378,negverify,any_domain,0,1,full,0.01091639,91.6054
NEG0379,negverify,any_domain,0,0,full,0.01091639,91.6054
NEG0380,negverify,any_domain,0,0,full,0.01091639,91.6054
NEG0381,negverify,any_domain,0,0,truncated,0.01091639,91.6054
NEG0382,negverify,any_domain,0,0,full,0.01091639,91.6054
NEG0383,negverify,any_domain,0,0,full,0.01091639,91.6054
NEG0384,negverify,any_domain,0,0,full,0.01091639,91.6054
NEG0385,negverify,any_domain,0,0,full,0.01091639,91.6054
NEG0386,negverify,any_domain,0,0,full,0.01091639,91.6054
NEG0387,negverify,any_domain,0,0,full,0.01091639,91.6054
NEG0388,negverify,any_domain,0,0,full,0.01091639,91.6054
NEG0389,negverify,any_domain,0,0,full,0.01091639,91.6054
NEG0390,negverify,any_domain,0,0,full,0.01091639,91.6054
NEG0391,negverify,any_domain,0,0,truncated,0.01091639,91.6054
NEG0392,negverify,any_domain,0,0,full,0.01091639,91.6054
NEG0393,negverify,any_domain,0,0,truncated,0.01091639,91.6054
NEG0394,negverify,any_domain,0,0,truncated,0.01091639,91.6054
NEG0395,negverify,any_domain,0,0,full,0.01091639,91.6054
NEG0396,negverify,any_domain,0,0,full,0.01091639,91.6054
NEG0397,negverify,any_domain,0,0,full,0.01091639,91.6054
NEG0398,negverify,any_domain,0,0,full,0.01091639,91.6054
NEG0399,negverify,any_domain,0,0,full,0.01091639,91.6054
NEG0400,negverify,any_domain,0,0,full,0.01091639,91.6054
NEG0401,negverify,any_domain,0,0,full,0.01091639,91.6054
NEG0402,negverify,any_domain,0,0,full,0.01091639,91.6054
NEG0403,negverify,any_domain,0,0,full,0.01091639,91.6054
NEG0404,negverify,any_domain,0,0,full,0.01091639,91.6054
NEG0405,negverify,any_domain,0,0,full,0.01091639,91.6054
NEG0406,negverify,any_domain,0,0,full,0.01091639,91.6054
NEG0407,negverify,any_domain,0,0,full,0.01091639,91.6054
NEG0408,negverify,any_domain,0,0,full,0.01091639,91.6054
NEG0409,negverify,any_domain,0,0,full,0.01091639,91.6054
NEG0410,negverify,any_domain,0,0,full,0.01091639,91.6054
NEG0411,negverify,any_domain,0,0,full,0.01091639,91.6054
NEG0412,negverify,any_domain,0,0,full,0.01091639,91.6054
NEG0413,negverify,any_domain,0,0,full,0.01091639,91.6054
NEG0414,negverify,any_domain,0,0,full,0.01091639,91.6054
NEG0415,negverify,any_domain,0,0,full,0.01091639,91.6054
NEG0416,negverify,any_domain,0,0,full,0.01091639,91.6054
NEG0417,negverify,any_domain,0,0,full,0.01091639,91.6054
NEG0418,negverify,any_domain,0,0,full,0.01091639,91.6054
NEG0419,negverify,any_domain,0,0,full,0.01091639,91.6054
NEG0420,negverify,any_domain,0,0,truncated,0.01091639,91.6054
NEG0421,negverify,any_domain,0,0,full,0.01091639,91.6054
NEG0422,negverify,any_domain,0,0,full,0.01091639,91.6054
NEG0423,negverify,any_domain,0,0,full,0.01091639,91.6054
NEG0424,negverify,any_domain,0,0,full,0.01091639,91.6054
NEG0425,negverify,any_domain,0,0,full,0.01091639,91.6054
NEG0426,negverify,any_domain,0,0,full,0.01091639,91.6054
NEG0427,negverify,any_domain,0,0,full,0.01091639,91.6054
NEG0428,negverify,any_domain,0,0,full,0.01091639,91.6054
NEG0429,negverify,any_domain,0,0,full,0.01091639,91.6054
NEG0430,negverify,any_domain,0,0,full,0.01091639,91.6054
NEG0431,negverify,any_domain,0,0,full,0.01091639,91.6054
NEG0432,negverify,any_domain,0,0,full,0.01091639,91.6054
NEG0433,negverify,any_domain,0,0,full,0.01091639,91.6054
NEG0434,negverify,any_domain,0,0,full,0.01091639,91.6054
NEG0435,negverify,any_domain,0,0,full,0.01091639,91.6054
NEG0436,negverify,any_domain,0,0,truncated,0.01091639,91.6054
NEG0437,negverify,any_domain,0,0,full,0.01091639,91.6054
NEG0438,negverify,any_domain,0,0,full,0.01091639,91.6054
NEG0439,negverify,any_domain,0,0,full,0.01091639,91.6054
NEG0440,negverify,any_domain,0,0,full,0.01091639,91.6054
NEG0441,negverify,any_domain,0,0,full,0.01091639,91.6054
NEG0442,negverify,any_domain,0,0,full,0.01091639,91.6054
NEG0443,negverify,any_domain,0,0,full,0.01091639,91.6054
NEG0444,negverify,any_domain,0,0,full,0.01091639,91.6054
NEG0445,negverify,any_domain,0,0,full,0.01091639,91.6054
NEG0446,negverify,any_domain,0,0,full,0.01091639,91.6054
NEG0447,negverify,any_domain,0,0,full,0.01091639,91.6054
NEG0448,negverify,any_domain,0,0,full,0.01091639,91.6054
NEG0449,negverify,any_domain,0,0,full,0.01091639,91.6054
NEG0450,negverify,any_domain,0,0,full,0.01091639,91.6054
